1000,0.00000000
1001,0.00000000
1002,0.00000000
1003,0.00000000
1004,0.00000000
1005,0.00000000
1006,0.00000000
1007,0.00000000
1008,0.00000000
1009,0.00000000
1010,0.00000000
1011,0.00000000
1012,0.00000000
1013,0.00000000
1014,0.00000000
1015,0.00000000
1016,0.00000000
1017,0.00000000
1018,0.00000000
1019,0.00000000
1020,0.00000000
1021,0.00000000
1022,0.00000000
1023,0.00000000
1024,0.00000000
1025,0.00000000
1026,0.00000000
1027,0.00000000
1028,0.00000000
1029,0.00000000
1030,0.00000000
1031,0.00000000
1032,0.00000000
1033,0.00000000
1034,0.00000000
1035,0.00000000
1036,0.00000000
1037,0.00000000
1038,0.00000000
1039,0.00000000
1040,0.00000000
1041,0.00000000
1042,0.00000000
1043,0.00000000
1044,0.00000000
1045,0.00000000
1046,0.00000000
1047,0.00000000
1048,0.00000000
1049,0.00000000
1050,0.00000000
1051,0.00000000
1052,0.00000000
1053,0.00000000
1054,0.00000000
1055,0.00000000
1056,0.00000000
1057,0.00000000
1058,0.00000000
1059,0.00000000
1060,0.00000000
1061,0.00000000
1062,0.00000000
1063,0.00000000
1064,0.00000000
1065,0.00000000
1066,0.00000000
1067,0.00000000
1068,0.00000000
1069,0.00000000
1070,0.00000000
1071,0.00000000
1072,0.00000000
1073,0.00000000
1074,0.00000000
1075,0.00000000
1076,0.00000000
1077,0.00000000
1078,0.00000000
1079,0.00000000
1080,0.00000000
1081,0.00000000
1082,0.00000000
1083,0.00000000
1084,0.00000000
1085,0.00000000
1086,0.00000000
1087,0.00000000
1088,0.00000000
1089,0.00000000
1090,0.00000000
1091,0.00000000
1092,0.00000000
1093,0.00000000
1094,0.00000000
1095,0.00000000
1096,0.00000000
1097,0.00000000
1098,0.00000000
1099,0.00000000
1100,0.00000000
1101,0.00000000
1102,0.00000000
1103,0.00000000
1104,0.00000000
1105,0.00000000
1106,0.00000000
1107,0.00000000
1108,0.00000000
1109,0.00000000
1110,0.00000000
1111,0.00000000
1112,0.00000000
1113,0.00000000
1114,0.00000000
1115,0.00000000
1116,0.00000000
1117,0.00000000
1118,0.00000000
1119,0.00000000
1120,0.00000000
1121,0.00000000
1122,0.00000000
1123,0.00000000
1124,0.00000000
1125,0.00000000
1126,0.00000000
1127,0.00000000
1128,0.00000000
1129,0.00000000
1130,0.00000000
1131,0.00000000
1132,0.00000000
1133,0.00000000
1134,0.00000000
1135,0.00000000
1136,0.00000000
1137,0.00000000
1138,0.00000000
1139,0.00000000
1140,0.00000000
1141,0.00000000
1142,0.00000000
1143,0.00000000
1144,0.00000000
1145,0.00000000
1146,0.00000000
1147,0.00000000
1148,0.00000000
1149,0.00000000
1150,0.00000000
1151,0.00000000
1152,0.00000000
1153,0.00000000
1154,0.00000000
1155,0.00000000
1156,0.00000000
1157,0.00000000
1158,0.00000000
1159,0.00000000
1160,0.00000000
1161,0.00000000
1162,0.00000000
1163,0.00000000
1164,0.00000000
1165,0.00000000
1166,0.00000000
1167,0.00000000
1168,0.00000000
1169,0.00000000
1170,0.00000000
1171,0.00000000
1172,0.00000000
1173,0.00000000
1174,0.00000000
1175,0.00000000
1176,0.00000000
1177,0.00000000
1178,0.00000000
1179,0.00000000
1180,0.00000000
1181,0.00000000
1182,0.00000000
1183,0.00000000
1184,0.00000000
1185,0.00000000
1186,0.00000000
1187,0.00000000
1188,0.00000000
1189,0.00000000
1190,0.00000000
1191,0.00000000
1192,0.00000000
1193,0.00000000
1194,0.00000000
1195,0.00000000
1196,0.00000000
1197,0.00000000
1198,0.00000000
1199,0.00000000
1200,0.00000000
1201,0.00000000
1202,0.00000000
1203,0.00000000
1204,0.00000000
1205,0.00000000
1206,0.00000000
1207,0.00000000
1208,0.00000000
1209,0.00000000
1210,0.00000000
1211,0.00000000
1212,0.00000000
1213,0.00000000
1214,0.00000000
1215,0.00000000
1216,0.00000000
1217,0.00000000
1218,0.00000000
1219,0.00000000
1220,0.00000000
1221,0.00000000
1222,0.00000000
1223,0.00000000
1224,0.00000000
1225,0.00000000
1226,0.00000000
1227,0.00000000
1228,0.00000000
1229,0.00000000
1230,0.00000000
1231,0.00000000
1232,0.00000000
1233,0.00000000
1234,0.00000000
1235,0.00000000
1236,0.00000000
1237,0.00000000
1238,0.00000000
1239,0.00000000
1240,0.00000000
1241,0.00000000
1242,0.00000000
1243,0.00000000
1244,0.00000000
1245,0.00000000
1246,0.00000000
1247,0.00000000
1248,0.00000000
1249,0.00000000
1250,0.00000000
1251,0.00000000
1252,0.00000000
1253,0.00000000
1254,0.00000000
1255,0.00000000
1256,0.00000000
1257,0.00000000
1258,0.00000000
1259,0.00000000
1260,0.00000000
1261,0.00000000
1262,0.00000000
1263,0.00000000
1264,0.00000000
1265,0.00000000
1266,0.00000000
1267,0.00000000
1268,0.00000000
1269,0.00000000
1270,0.00000000
1271,0.00000000
1272,0.00000000
1273,0.00000000
1274,0.00000000
1275,0.00000000
1276,0.00000000
1277,0.00000000
1278,0.00000000
1279,0.00000000
1280,0.00000000
1281,0.00000000
1282,0.00000000
1283,0.00000000
1284,0.00000000
1285,0.00000000
1286,0.00000000
1287,0.00000000
1288,0.00000000
1289,0.00000000
1290,0.00000000
1291,0.00000000
1292,0.00000000
1293,0.00000000
1294,0.00000000
1295,0.00000000
1296,0.00000000
1297,0.00000000
1298,0.00000000
1299,0.00000000
1300,0.00000000
1301,0.00000000
1302,0.00000000
1303,0.00000000
1304,0.00000000
1305,0.00000000
1306,0.00000000
1307,0.00000000
1308,0.00000000
1309,0.00000000
1310,0.00000000
1311,0.00000000
1312,0.00000000
1313,0.00000000
1314,0.00000000
1315,0.00000000
1316,0.00000000
1317,0.00000000
1318,0.00000000
1319,0.00000000
1320,0.00000000
1321,0.00000000
1322,0.00000000
1323,0.00000000
1324,0.00000000
1325,0.00000000
1326,0.00000000
1327,0.00000000
1328,0.00000000
1329,0.00000000
1330,0.00000000
1331,0.00000000
1332,0.00000000
1333,0.00000000
1334,0.00000000
1335,0.00000000
1336,0.00000000
1337,0.00000000
1338,0.00000000
1339,0.00000000
1340,0.00000000
1341,0.00000000
1342,0.00000000
1343,0.00000000
1344,0.00000000
1345,0.00000000
1346,0.00000000
1347,0.00000000
1348,0.00000000
1349,0.00000000
1350,0.00000000
1351,0.00000000
1352,0.00000000
1353,0.00000000
1354,0.00000000
1355,0.00000000
1356,0.00000000
1357,0.00000000
1358,0.00000000
1359,0.00000000
1360,0.00000000
1361,0.00000000
1362,0.00000000
1363,0.00000000
1364,0.00000000
1365,0.00000000
1366,0.00000000
1367,0.00000000
1368,0.00000000
1369,0.00000000
1370,0.00000000
1371,0.00000000
1372,0.00000000
1373,0.00000000
1374,0.00000000
1375,0.00000000
1376,0.00000000
1377,0.00000000
1378,0.00000000
1379,0.00000000
1380,0.00000000
1381,0.00000000
1382,0.00000000
1383,0.00000000
1384,0.00000000
1385,0.00000000
1386,0.00000000
1387,0.00000000
1388,0.00000000
1389,0.00000000
1390,0.00000000
1391,0.00000000
1392,0.00000000
1393,0.00000000
1394,0.00000000
1395,0.00000000
1396,0.00000000
1397,0.00000000
1398,0.00000000
1399,0.00000000
1400,0.00000000
1401,0.00000000
1402,0.00000000
1403,0.00000000
1404,0.00000000
1405,0.00000000
1406,0.00000000
1407,0.00000000
1408,0.00000000
1409,0.00000000
1410,0.00000000
1411,0.00000000
1412,0.00000000
1413,0.00000000
1414,0.00000000
1415,0.00000000
1416,0.00000000
1417,0.00000000
1418,0.00000000
1419,0.00000000
1420,0.00000000
1421,0.00000000
1422,0.00000000
1423,0.00000000
1424,0.00000000
1425,0.00000000
1426,0.00000000
1427,0.00000000
1428,0.00000000
1429,0.00000000
1430,0.00000000
1431,0.00000000
1432,0.00000000
1433,0.00000000
1434,0.00000000
1435,0.00000000
1436,0.00000000
1437,0.00000000
1438,0.00000000
1439,0.00000000
1440,0.00000000
1441,0.00000000
1442,0.00000000
1443,0.00000000
1444,0.00000000
1445,0.00000000
1446,0.00000000
1447,0.00000000
1448,0.00000000
1449,0.00000000
1450,0.00000000
1451,0.00000000
1452,0.00000000
1453,0.00000000
1454,0.00000000
1455,0.00000000
1456,0.00000000
1457,0.00000000
1458,0.00000000
1459,0.00000000
1460,0.00000000
1461,0.00000000
1462,0.00000000
1463,0.00000000
1464,0.00000000
1465,0.00000000
1466,0.00000000
1467,0.00000000
1468,0.00000000
1469,0.00000000
1470,0.00000000
1471,0.00000000
1472,0.00000000
1473,0.00000000
1474,0.00000000
1475,0.00000000
1476,0.00000000
1477,0.00000000
1478,0.00000000
1479,0.00000000
1480,0.00000000
1481,0.00000000
1482,0.00000000
1483,0.00000000
1484,0.00000000
1485,0.00000000
1486,0.00000000
1487,0.00000000
1488,0.00000000
1489,0.00000000
1490,0.00000000
1491,0.00000000
1492,0.00000000
1493,0.00000000
1494,0.00000000
1495,0.00000000
1496,0.00000000
1497,0.00000000
1498,0.00000000
1499,0.00000000
1500,0.00000000
1501,0.00000000
1502,0.00000000
1503,0.00000000
1504,0.00000000
1505,0.00000000
1506,0.00000000
1507,0.00000000
1508,0.00000000
1509,0.00000000
1510,0.00000000
1511,0.00000000
1512,0.00000000
1513,0.00000000
1514,0.00000000
1515,0.00000000
1516,0.00000000
1517,0.00000000
1518,0.00000000
1519,0.00000000
1520,0.00000000
1521,0.00000000
1522,0.00000000
1523,0.00000000
1524,0.00000000
1525,0.00000000
1526,0.00000000
1527,0.00000000
1528,0.00000000
1529,0.00000000
1530,0.00000000
1531,0.00000000
1532,0.00000000
1533,0.00000000
1534,0.00000000
1535,0.00000000
1536,0.00000000
1537,0.00000000
1538,0.00000000
1539,0.00000000
1540,0.00000000
1541,0.00000000
1542,0.00000000
1543,0.00000000
1544,0.00000000
1545,0.00000000
1546,0.00000000
1547,0.00000000
1548,0.00000000
1549,0.00000000
1550,0.00000000
1551,0.00000000
1552,0.00000000
1553,0.00000000
1554,0.00000000
1555,0.00000000
1556,0.00000000
1557,0.00000000
1558,0.00000000
1559,0.00000000
1560,0.00000000
1561,0.00000000
1562,0.00000000
1563,0.00000000
1564,0.00000000
1565,0.00000000
1566,0.00000000
1567,0.00000000
1568,0.00000000
1569,0.00000000
1570,0.00000000
1571,0.00000000
1572,0.00000000
1573,0.00000000
1574,0.00000000
1575,0.00000000
1576,0.00000000
1577,0.00000000
1578,0.00000000
1579,0.00000000
1580,0.00000000
1581,0.00000000
1582,0.00000000
1583,0.00000000
1584,0.00000000
1585,0.00000000
1586,0.00000000
1587,0.00000000
1588,0.00000000
1589,0.00000000
1590,0.00000000
1591,0.00000000
1592,0.00000000
1593,0.00000000
1594,0.00000000
1595,0.00000000
1596,0.00000000
1597,0.00000000
1598,0.00000000
1599,0.00000000
1600,0.00000000
1601,0.00000000
1602,0.00000000
1603,0.00000000
1604,0.00000000
1605,0.00000000
1606,0.00000000
1607,0.00000000
1608,0.00000000
1609,0.00000000
1610,0.00000000
1611,0.00000000
1612,0.00000000
1613,0.00000000
1614,0.00000000
1615,0.00000000
1616,0.00000000
1617,0.00000000
1618,0.00000000
1619,0.00000000
1620,0.00000000
1621,0.00000000
1622,0.00000000
1623,0.00000000
1624,0.00000000
1625,0.00000000
1626,0.00000000
1627,0.00000000
1628,0.00000000
1629,0.00000000
1630,0.00000000
1631,0.00000000
1632,0.00000000
1633,0.00000000
1634,0.00000000
1635,0.00000000
1636,0.00000000
1637,0.00000000
1638,0.00000000
1639,0.00000000
1640,0.00000000
1641,0.00000000
1642,0.00000000
1643,0.00000000
1644,0.00000000
1645,0.00000000
1646,0.00000000
1647,0.00000000
1648,0.00000000
1649,0.00000000
1650,0.00000000
1651,0.00000000
1652,0.00000000
1653,0.00000000
1654,0.00000000
1655,0.00000000
1656,0.00000000
1657,0.00000000
1658,0.00000000
1659,0.00000000
1660,0.00000000
1661,0.00000000
1662,0.00000000
1663,0.00000000
1664,0.00000000
1665,0.00000000
1666,0.00000000
1667,0.00000000
1668,0.00000000
1669,0.00000000
1670,0.00000000
1671,0.00000000
1672,0.00000000
1673,0.00000000
1674,0.00000000
1675,0.00000000
1676,0.00000000
1677,0.00000000
1678,0.00000000
1679,0.00000000
1680,0.00000000
1681,0.00000000
1682,0.00000000
1683,0.00000000
1684,0.00000000
1685,0.00000000
1686,0.00000000
1687,0.00000000
1688,0.00000000
1689,0.00000000
1690,0.00000000
1691,0.00000000
1692,0.00000000
1693,0.00000000
1694,0.00000000
1695,0.00000000
1696,0.00000000
1697,0.00000000
1698,0.00000000
1699,0.00000000
1700,0.00000000
1701,0.00000000
1702,0.00000000
1703,0.00000000
1704,0.00000000
1705,0.00000000
1706,0.00000000
1707,0.00000000
1708,0.00000000
1709,0.00000000
1710,0.00000000
1711,0.00000000
1712,0.00000000
1713,0.00000000
1714,0.00000000
1715,0.00000000
1716,0.00000000
1717,0.00000000
1718,0.00000000
1719,0.00000000
1720,0.00000000
1721,0.00000000
1722,0.00000000
1723,0.00000000
1724,0.00000000
1725,0.00000000
1726,0.00000000
1727,0.00000000
1728,0.00000000
1729,0.00000000
1730,0.00000000
1731,0.00000000
1732,0.00000000
1733,0.00000000
1734,0.00000000
1735,0.00000000
1736,0.00000000
1737,0.00000000
1738,0.00000000
1739,0.00000000
1740,0.00000000
1741,0.00000000
1742,0.00000000
1743,0.00000000
1744,0.00000000
1745,0.00000000
1746,0.00000000
1747,0.00000000
1748,0.00000000
1749,0.00000000
1750,0.00000000
1751,0.00000000
1752,0.00000000
1753,0.00000000
1754,0.00000000
1755,0.00000000
1756,0.00000000
1757,0.00000000
1758,0.00000000
1759,0.00000000
1760,0.00000000
1761,0.00000000
1762,0.00000000
1763,0.00000000
1764,0.00000000
1765,0.00000000
1766,0.00000000
1767,0.00000000
1768,0.00000000
1769,0.00000000
1770,0.00000000
1771,0.00000000
1772,0.00000000
1773,0.00000000
1774,0.00000000
1775,0.00000000
1776,0.00000000
1777,0.00000000
1778,0.00000000
1779,0.00000000
1780,0.00000000
1781,0.00000000
1782,0.00000000
1783,0.00000000
1784,0.00000000
1785,0.00000000
1786,0.00000000
1787,0.00000000
1788,0.00000000
1789,0.00000000
1790,0.00000000
1791,0.00000000
1792,0.00000000
1793,0.00000000
1794,0.00000000
1795,0.00000000
1796,0.00000000
1797,0.00000000
1798,0.00000000
1799,0.00000000
1800,0.00000000
1801,0.00000000
1802,0.00000000
1803,0.00000000
1804,0.00000000
1805,0.00000000
1806,0.00000000
1807,0.00000000
1808,0.00000000
1809,0.00000000
1810,0.00000000
1811,0.00000000
1812,0.00000000
1813,0.00000000
1814,0.00000000
1815,0.00000000
1816,0.00000000
1817,0.00000000
1818,0.00000000
1819,0.00000000
1820,0.00000000
1821,0.00000000
1822,0.00000000
1823,0.00000000
1824,0.00000000
1825,0.00000000
1826,0.00000000
1827,0.00000000
1828,0.00000000
1829,0.00000000
1830,0.00000000
1831,0.00000000
1832,0.00000000
1833,0.00000000
1834,0.00000000
1835,0.00000000
1836,0.00000000
1837,0.00000000
1838,0.00000000
1839,0.00000000
1840,0.00000000
1841,0.00000000
1842,0.00000000
1843,0.00000000
1844,0.00000000
1845,0.00000000
1846,0.00000000
1847,0.00000000
1848,0.00000000
1849,0.00000000
1850,0.00000000
1851,0.00000000
1852,0.00000000
1853,0.00000000
1854,0.00000000
1855,0.00000000
1856,0.00000000
1857,0.00000000
1858,0.00000000
1859,0.00000000
1860,0.00000000
1861,0.00000000
1862,0.00000000
1863,0.00000000
1864,0.00000000
1865,0.00000000
1866,0.00000000
1867,0.00000000
1868,0.00000000
1869,0.00000000
1870,0.00000000
1871,0.00000000
1872,0.00000000
1873,0.00000000
1874,0.00000000
1875,0.00000000
1876,0.00000000
1877,0.00000000
1878,0.00000000
1879,0.00000000
1880,0.00000000
1881,0.00000000
1882,0.00000000
1883,0.00000000
1884,0.00000000
1885,0.00000000
1886,0.00000000
1887,0.00000000
1888,0.00000000
1889,0.00000000
1890,0.00000000
1891,0.00000000
1892,0.00000000
1893,0.00000000
1894,0.00000000
1895,0.00000000
1896,0.00000000
1897,0.00000000
1898,0.00000000
1899,0.00000000
1900,0.00000000
1901,0.00000000
1902,0.00000000
1903,0.00000000
1904,0.00000000
1905,0.00000000
1906,0.00000000
1907,0.00000000
1908,0.00000000
1909,0.00000000
1910,0.00000000
1911,0.00000000
1912,0.00000000
1913,0.00000000
1914,0.00000000
1915,0.00000000
1916,0.00000000
1917,0.00000000
1918,0.00000000
1919,0.00000000
1920,0.00000000
1921,0.00000000
1922,0.00000000
1923,0.00000000
1924,0.00000000
1925,0.00000000
1926,0.00000000
1927,0.00000000
1928,0.00000000
1929,0.00000000
1930,0.00000000
1931,0.00000000
1932,0.00000000
1933,0.00000000
1934,0.00000000
1935,0.00000000
1936,0.00000000
1937,0.00000000
1938,0.00000000
1939,0.00000000
1940,0.00000000
1941,0.00000000
1942,0.00000000
1943,0.00000000
1944,0.00000000
1945,0.00000000
1946,0.00000000
1947,0.00000000
1948,0.00000000
1949,0.00000000
1950,0.00000000
1951,0.00000000
1952,0.00000000
1953,0.00000000
1954,0.00000000
1955,0.00000000
1956,0.00000000
1957,0.00000000
1958,0.00000000
1959,0.00000000
1960,0.00000000
1961,0.00000000
1962,0.00000000
1963,0.00000000
1964,0.00000000
1965,0.00000000
1966,0.00000000
1967,0.00000000
1968,0.00000000
1969,0.00000000
1970,0.00000000
1971,0.00000000
1972,0.00000000
1973,0.00000000
1974,0.00000000
1975,0.00000000
1976,0.00000000
1977,0.00000000
1978,0.00000000
1979,0.00000000
1980,0.00000000
1981,0.00000000
1982,0.00000000
1983,0.00000000
1984,0.00000000
1985,0.00000000
1986,0.00000000
1987,0.00000000
1988,0.00000000
1989,0.00000000
1990,0.00000000
1991,0.00000000
1992,0.00000000
1993,0.00000000
1994,0.00000000
1995,0.00000000
1996,0.00000000
1997,0.00000000
1998,0.00000000
1999,0.00000000
2000,0.00000000
2001,0.00000000
2002,0.00000000
2003,0.00000000
2004,0.00000000
2005,0.00000000
2006,0.00000000
2007,0.00000000
2008,0.00000000
2009,0.00000000
2010,0.00000000
2011,0.00000000
2012,0.00000000
2013,0.00000000
2014,0.00000000
2015,0.00000000
2016,0.00000000
2017,0.00000000
2018,0.00000000
2019,0.00000000
2020,0.00000000
2021,0.00000000
2022,0.00000000
2023,0.00000000
2024,0.00000000
2025,0.00000000
2026,0.00000000
2027,0.00000000
2028,0.00000000
2029,0.00000000
2030,0.00000000
2031,0.00000000
2032,0.00000000
2033,0.00000000
2034,0.00000000
2035,0.00000000
2036,0.00000000
2037,0.00000000
2038,0.00000000
2039,0.00000000
2040,0.00000000
2041,0.00000000
2042,0.00000000
2043,0.00000000
2044,0.00000000
2045,0.00000000
2046,0.00000000
2047,0.00000000
2048,0.00000000
2049,0.00000000
2050,0.00000000
2051,0.00000000
2052,0.00000000
2053,0.00000000
2054,0.00000000
2055,0.00000000
2056,0.00000000
2057,0.00000000
2058,0.00000000
2059,0.00000000
2060,0.00000000
2061,0.00000000
2062,0.00000000
2063,0.00000000
2064,0.00000000
2065,0.00000000
2066,0.00000000
2067,0.00000000
2068,0.00000000
2069,0.00000000
2070,0.00000000
2071,0.00000000
2072,0.00000000
2073,0.00000000
2074,0.00000000
2075,0.00000000
2076,0.00000000
2077,0.00000000
2078,0.00000000
2079,0.00000000
2080,0.00000000
2081,0.00000000
2082,0.00000000
2083,0.00000000
2084,0.00000000
2085,0.00000000
2086,0.00000000
2087,0.00000000
2088,0.00000000
2089,0.00000000
2090,0.00000000
2091,0.00000000
2092,0.00000000
2093,0.00000000
2094,0.00000000
2095,0.00000000
2096,0.00000000
2097,0.00000000
2098,0.00000000
2099,0.00000000
2100,0.00000000
2101,0.00000000
2102,0.00000000
2103,0.00000000
2104,0.00000000
2105,0.00000000
2106,0.00000000
2107,0.00000000
2108,0.00000000
2109,0.00000000
2110,0.00000000
2111,0.00000000
2112,0.00000000
2113,0.00000000
2114,0.00000000
2115,0.00000000
2116,0.00000000
2117,0.00000000
2118,0.00000000
2119,0.00000000
2120,0.00000000
2121,0.00000000
2122,0.00000000
2123,0.00000000
2124,0.00000000
2125,0.00000000
2126,0.00000000
2127,0.00000000
2128,0.00000000
2129,0.00000000
2130,0.00000000
2131,0.00000000
2132,0.00000000
2133,0.00000000
2134,0.00000000
2135,0.00000000
2136,0.00000000
2137,0.00000000
2138,0.00000000
2139,0.00000000
2140,0.00000000
2141,0.00000000
2142,0.00000000
2143,0.00000000
2144,0.00000000
2145,0.00000000
2146,0.00000000
2147,0.00000000
2148,0.00000000
2149,0.00000000
2150,0.00000000
2151,0.00000000
2152,0.00000000
2153,0.00000000
2154,0.00000000
2155,0.00000000
2156,0.00000000
2157,0.00000000
2158,0.00000000
2159,0.00000000
2160,0.00000000
2161,0.00000000
2162,0.00000000
2163,0.00000000
2164,0.00000000
2165,0.00000000
2166,0.00000000
2167,0.00000000
2168,0.00000000
2169,0.00000000
2170,0.00000000
2171,0.00000000
2172,0.00000000
2173,0.00000000
2174,0.00000000
2175,0.00000000
2176,0.00000000
2177,0.00000000
2178,0.00000000
2179,0.00000000
2180,0.00000000
2181,0.00000000
2182,0.00000000
2183,0.00000000
2184,0.00000000
2185,0.00000000
2186,0.00000000
2187,0.00000000
2188,0.00000000
2189,0.00000000
2190,0.00000000
2191,0.00000000
2192,0.00000000
2193,0.00000000
2194,0.00000000
2195,0.00000000
2196,0.00000000
2197,0.00000000
2198,0.00000000
2199,0.00000000
2200,0.00000000
2201,0.00000000
2202,0.00000000
2203,0.00000000
2204,0.00000000
2205,0.00000000
2206,0.00000000
2207,0.00000000
2208,0.00000000
2209,0.00000000
2210,0.00000000
2211,0.00000000
2212,0.00000000
2213,0.00000000
2214,0.00000000
2215,0.00000000
2216,0.00000000
2217,0.00000000
2218,0.00000000
2219,0.00000000
2220,0.00000000
2221,0.00000000
2222,0.00000000
2223,0.00000000
2224,0.00000000
2225,0.00000000
2226,0.00000000
2227,0.00000000
2228,0.00000000
2229,0.00000000
2230,0.00000000
2231,0.00000000
2232,0.00000000
2233,0.00000000
2234,0.00000000
2235,0.00000000
2236,0.00000000
2237,0.00000000
2238,0.00000000
2239,0.00000000
2240,0.00000000
2241,0.00000000
2242,0.00000000
2243,0.00000000
2244,0.00000000
2245,0.00000000
2246,0.00000000
2247,0.00000000
2248,0.00000000
2249,0.00000000
2250,0.00000000
2251,0.00000000
2252,0.00000000
2253,0.00000000
2254,0.00000000
2255,0.00000000
2256,0.00000000
2257,0.00000000
2258,0.00000000
2259,0.00000000
2260,0.00000000
2261,0.00000000
2262,0.00000000
2263,0.00000000
2264,0.00000000
2265,0.00000000
2266,0.00000000
2267,0.00000000
2268,0.00000000
2269,0.00000000
2270,0.00000000
2271,0.00000000
2272,0.00000000
2273,0.00000000
2274,0.00000000
2275,0.00000000
2276,0.00000000
2277,0.00000000
2278,0.00000000
2279,0.00000000
2280,0.00000000
2281,0.00000000
2282,0.00000000
2283,0.00000000
2284,0.00000000
2285,0.00000000
2286,0.00000000
2287,0.00000000
2288,0.00000000
2289,0.00000000
2290,0.00000000
2291,0.00000000
2292,0.00000000
2293,0.00000000
2294,0.00000000
2295,0.00000000
2296,0.00000000
2297,0.00000000
2298,0.00000000
2299,0.00000000
2300,0.00000000
2301,0.00000000
2302,0.00000000
2303,0.00000000
2304,0.00000000
2305,0.00000000
2306,0.00000000
2307,0.00000000
2308,0.00000000
2309,0.00000000
2310,0.00000000
2311,0.00000000
2312,0.00000000
2313,0.00000000
2314,0.00000000
2315,0.00000000
2316,0.00000000
2317,0.00000000
2318,0.00000000
2319,0.00000000
2320,0.00000000
2321,0.00000000
2322,0.00000000
2323,0.00000000
2324,0.00000000
2325,0.00000000
2326,0.00000000
2327,0.00000000
2328,0.00000000
2329,0.00000000
2330,0.00000000
2331,0.00000000
2332,0.00000000
2333,0.00000000
2334,0.00000000
2335,0.00000000
2336,0.00000000
2337,0.00000000
2338,0.00000000
2339,0.00000000
2340,0.00000000
2341,0.00000000
2342,0.00000000
2343,0.00000000
2344,0.00000000
2345,0.00000000
2346,0.00000000
2347,0.00000000
2348,0.00000000
2349,0.00000000
2350,0.00000000
2351,0.00000000
2352,0.00000000
2353,0.00000000
2354,0.00000000
2355,0.00000000
2356,0.00000000
2357,0.00000000
2358,0.00000000
2359,0.00000000
2360,0.00000000
2361,0.00000000
2362,0.00000000
2363,0.00000000
2364,0.00000000
2365,0.00000000
2366,0.00000000
2367,0.00000000
2368,0.00000000
2369,0.00000000
2370,0.00000000
2371,0.00000000
2372,0.00000000
2373,0.00000000
2374,0.00000000
2375,0.00000000
2376,0.00000000
2377,0.00000000
2378,0.00000000
2379,0.00000000
2380,0.00000000
2381,0.00000000
2382,0.00000000
2383,0.00000000
2384,0.00000000
2385,0.00000000
2386,0.00000000
2387,0.00000000
2388,0.00000000
2389,0.00000000
2390,0.00000000
2391,0.00000000
2392,0.00000000
2393,0.00000000
2394,0.00000000
2395,0.00000000
2396,0.00000000
2397,0.00000000
2398,0.00000000
2399,0.00000000
2400,0.00000000
2401,0.00000000
2402,0.00000000
2403,0.00000000
2404,0.00000000
2405,0.00000000
2406,0.00000000
2407,0.00000000
2408,0.00000000
2409,0.00000000
2410,0.00000000
2411,0.00000000
2412,0.00000000
2413,0.00000000
2414,0.00000000
2415,0.00000000
2416,0.00000000
2417,0.00000000
2418,0.00000000
2419,0.00000000
2420,0.00000000
2421,0.00000000
2422,0.00000000
2423,0.00000000
2424,0.00000000
2425,0.00000000
2426,0.00000000
2427,0.00000000
2428,0.00000000
2429,0.00000000
2430,0.00000000
2431,0.00000000
2432,0.00000000
2433,0.00000000
2434,0.00000000
2435,0.00000000
2436,0.00000000
2437,0.00000000
2438,0.00000000
2439,0.00000000
2440,0.00000000
2441,0.00000000
2442,0.00000000
2443,0.00000000
2444,0.00000000
2445,0.00000000
2446,0.00000000
2447,0.00000000
2448,0.00000000
2449,0.00000000
2450,0.00000000
2451,0.00000000
2452,0.00000000
2453,0.00000000
2454,0.00000000
2455,0.00000000
2456,0.00000000
2457,0.00000000
2458,0.00000000
2459,0.00000000
2460,0.00000000
2461,0.00000000
2462,0.00000000
2463,0.00000000
2464,0.00000000
2465,0.00000000
2466,0.00000000
2467,0.00000000
2468,0.00000000
2469,0.00000000
2470,0.00000000
2471,0.00000000
2472,0.00000000
2473,0.00000000
2474,0.00000000
2475,0.00000000
2476,0.00000000
2477,0.00000000
2478,0.00000000
2479,0.00000000
2480,0.00000000
2481,0.00000000
2482,0.00000000
2483,0.00000000
2484,0.00000000
2485,0.00000000
2486,0.00000000
2487,0.00000000
2488,0.00000000
2489,0.00000000
2490,0.00000000
2491,0.00000000
2492,0.00000000
2493,0.00000000
2494,0.00000000
2495,0.00000000
2496,0.00000000
2497,0.00000000
2498,0.00000000
2499,0.00000000
2500,0.00000000
2501,0.00000000
2502,0.00000000
2503,0.00000000
2504,0.00000000
2505,0.00000000
2506,0.00000000
2507,0.00000000
2508,0.00000000
2509,0.00000000
2510,0.00000000
2511,0.00000000
2512,0.00000000
2513,0.00000000
2514,0.00000000
2515,0.00000000
2516,0.00000000
2517,0.00000000
2518,0.00000000
2519,0.00000000
2520,0.00000000
2521,0.00000000
2522,0.00000000
2523,0.00000000
2524,0.00000000
2525,0.00000000
2526,0.00000000
2527,0.00000000
2528,0.00000000
2529,0.00000000
2530,0.00000000
2531,0.00000000
2532,0.00000000
2533,0.00000000
2534,0.00000000
2535,0.00000000
2536,0.00000000
2537,0.00000000
2538,0.00000000
2539,0.00000000
2540,0.00000000
2541,0.00000000
2542,0.00000000
2543,0.00000000
2544,0.00000000
2545,0.00000000
2546,0.00000000
2547,0.00000000
2548,0.00000000
2549,0.00000000
2550,0.00000000
2551,0.00000000
2552,0.00000000
2553,0.00000000
2554,0.00000000
2555,0.00000000
2556,0.00000000
2557,0.00000000
2558,0.00000000
2559,0.00000000
2560,0.00000000
2561,0.00000000
2562,0.00000000
2563,0.00000000
2564,0.00000000
2565,0.00000000
2566,0.00000000
2567,0.00000000
2568,0.00000000
2569,0.00000000
2570,0.00000000
2571,0.00000000
2572,0.00000000
2573,0.00000000
2574,0.00000000
2575,0.00000000
2576,0.00000000
2577,0.00000000
2578,0.00000000
2579,0.00000000
2580,0.00000000
2581,0.00000000
2582,0.00000000
2583,0.00000000
2584,0.00000000
2585,0.00000000
2586,0.00000000
2587,0.00000000
2588,0.00000000
2589,0.00000000
2590,0.00000000
2591,0.00000000
2592,0.00000000
2593,0.00000000
2594,0.00000000
2595,0.00000000
2596,0.00000000
2597,0.00000000
2598,0.00000000
2599,0.00000000
2600,0.00000000
2601,0.00000000
2602,0.00000000
2603,0.00000000
2604,0.00000000
2605,0.00000000
2606,0.00000000
2607,0.00000000
2608,0.00000000
2609,0.00000000
2610,0.00000000
2611,0.00000000
2612,0.00000000
2613,0.00000000
2614,0.00000000
2615,0.00000000
2616,0.00000000
2617,0.00000000
2618,0.00000000
2619,0.00000000
2620,0.00000000
2621,0.00000000
2622,0.00000000
2623,0.00000000
2624,0.00000000
2625,0.00000000
2626,0.00000000
2627,0.00000000
2628,0.00000000
2629,0.00000000
2630,0.00000000
2631,0.00000000
2632,0.00000000
2633,0.00000000
2634,0.00000000
2635,0.00000000
2636,0.00000000
2637,0.00000000
2638,0.00000000
2639,0.00000000
2640,0.00000000
2641,0.00000000
2642,0.00000000
2643,0.00000000
2644,0.00000000
2645,0.00000000
2646,0.00000000
2647,0.00000000
2648,0.00000000
2649,0.00000000
2650,0.00000000
2651,0.00000000
2652,0.00000000
2653,0.00000000
2654,0.00000000
2655,0.00000000
2656,0.00000000
2657,0.00000000
2658,0.00000000
2659,0.00000000
2660,0.00000000
2661,0.00000000
2662,0.00000000
2663,0.00000000
2664,0.00000000
2665,0.00000000
2666,0.00000000
2667,0.00000000
2668,0.00000000
2669,0.00000000
2670,0.00000000
2671,0.00000000
2672,0.00000000
2673,0.00000000
2674,0.00000000
2675,0.00000000
2676,0.00000000
2677,0.00000000
2678,0.00000000
2679,0.00000000
2680,0.00000000
2681,0.00000000
2682,0.00000000
2683,0.00000000
2684,0.00000000
2685,0.00000000
2686,0.00000000
2687,0.00000000
2688,0.00000000
2689,0.00000000
2690,0.00000000
2691,0.00000000
2692,0.00000000
2693,0.00000000
2694,0.00000000
2695,0.00000000
2696,0.00000000
2697,0.00000000
2698,0.00000000
2699,0.00000000
2700,0.00000000
2701,0.00000000
2702,0.00000000
2703,0.00000000
2704,0.00000000
2705,0.00000000
2706,0.00000000
2707,0.00000000
2708,0.00000000
2709,0.00000000
2710,0.00000000
2711,0.00000000
2712,0.00000000
2713,0.00000000
2714,0.00000000
2715,0.00000000
2716,0.00000000
2717,0.00000000
2718,0.00000000
2719,0.00000000
2720,0.00000000
2721,0.00000000
2722,0.00000000
2723,0.00000000
2724,0.00000000
2725,0.00000000
2726,0.00000000
2727,0.00000000
2728,0.00000000
2729,0.00000000
2730,0.00000000
2731,0.00000000
2732,0.00000000
2733,0.00000000
2734,0.00000000
2735,0.00000000
2736,0.00000000
2737,0.00000000
2738,0.00000000
2739,0.00000000
2740,0.00000000
2741,0.00000000
2742,0.00000000
2743,0.00000000
2744,0.00000000
2745,0.00000000
2746,0.00000000
2747,0.00000000
2748,0.00000000
2749,0.00000000
2750,0.00000000
2751,0.00000000
2752,0.00000000
2753,0.00000000
2754,0.00000000
2755,0.00000000
2756,0.00000000
2757,0.00000000
2758,0.00000000
2759,0.00000000
2760,0.00000000
2761,0.00000000
2762,0.00000000
2763,0.00000000
2764,0.00000000
2765,0.00000000
2766,0.00000000
2767,0.00000000
2768,0.00000000
2769,0.00000000
2770,0.00000000
2771,0.00000000
2772,0.00000000
2773,0.00000000
2774,0.00000000
2775,0.00000000
2776,0.00000000
2777,0.00000000
2778,0.00000000
2779,0.00000000
2780,0.00000000
2781,0.00000000
2782,0.00000000
2783,0.00000000
2784,0.00000000
2785,0.00000000
2786,0.00000000
2787,0.00000000
2788,0.00000000
2789,0.00000000
2790,0.00000000
2791,0.00000000
2792,0.00000000
2793,0.00000000
2794,0.00000000
2795,0.00000000
2796,0.00000000
2797,0.00000000
2798,0.00000000
2799,0.00000000
2800,0.00000000
2801,0.00000000
2802,0.00000000
2803,0.00000000
2804,0.00000000
2805,0.00000000
2806,0.00000000
2807,0.00000000
2808,0.00000000
2809,0.00000000
2810,0.00000000
2811,0.00000000
2812,0.00000000
2813,0.00000000
2814,0.00000000
2815,0.00000000
2816,0.00000000
2817,0.00000000
2818,0.00000000
2819,0.00000000
2820,0.00000000
2821,0.00000000
2822,0.00000000
2823,0.00000000
2824,0.00000000
2825,0.00000000
2826,0.00000000
2827,0.00000000
2828,0.00000000
2829,0.00000000
2830,0.00000000
2831,0.00000000
2832,0.00000000
2833,0.00000000
2834,0.00000000
2835,0.00000000
2836,0.00000000
2837,0.00000000
2838,0.00000000
2839,0.00000000
2840,0.00000000
2841,0.00000000
2842,0.00000000
2843,0.00000000
2844,0.00000000
2845,0.00000000
2846,0.00000000
2847,0.00000000
2848,0.00000000
2849,0.00000000
2850,0.00000000
2851,0.00000000
2852,0.00000000
2853,0.00000000
2854,0.00000000
2855,0.00000000
2856,0.00000000
2857,0.00000000
2858,0.00000000
2859,0.00000000
2860,0.00000000
2861,0.00000000
2862,0.00000000
2863,0.00000000
2864,0.00000000
2865,0.00000000
2866,0.00000000
2867,0.00000000
2868,0.00000000
2869,0.00000000
2870,0.00000000
2871,0.00000000
2872,0.00000000
2873,0.00000000
2874,0.00000000
2875,0.00000000
2876,0.00000000
2877,0.00000000
2878,0.00000000
2879,0.00000000
2880,0.00000000
2881,0.00000000
2882,0.00000000
2883,0.00000000
2884,0.00000000
2885,0.00000000
2886,0.00000000
2887,0.00000000
2888,0.00000000
2889,0.00000000
2890,0.00000000
2891,0.00000000
2892,0.00000000
2893,0.00000000
2894,0.00000000
2895,0.00000000
2896,0.00000000
2897,0.00000000
2898,0.00000000
2899,0.00000000
2900,0.00000000
2901,0.00000000
2902,0.00000000
2903,0.00000000
2904,0.00000000
2905,0.00000000
2906,0.00000000
2907,0.00000000
2908,0.00000000
2909,0.00000000
2910,0.00000000
2911,0.00000000
2912,0.00000000
2913,0.00000000
2914,0.00000000
2915,0.00000000
2916,0.00000000
2917,0.00000000
2918,0.00000000
2919,0.00000000
2920,0.00000000
2921,0.00000000
2922,0.00000000
2923,0.00000000
2924,0.00000000
2925,0.00000000
2926,0.00000000
2927,0.00000000
2928,0.00000000
2929,0.00000000
2930,0.00000000
2931,0.00000000
2932,0.00000000
2933,0.00000000
2934,0.00000000
2935,0.00000000
2936,0.00000000
2937,0.00000000
2938,0.00000000
2939,0.00000000
2940,0.00000000
2941,0.00000000
2942,0.00000000
2943,0.00000000
2944,0.00000000
2945,0.00000000
2946,0.00000000
2947,0.00000000
2948,0.00000000
2949,0.00000000
2950,0.00000000
2951,0.00000000
2952,0.00000000
2953,0.00000000
2954,0.00000000
2955,0.00000000
2956,0.00000000
2957,0.00000000
2958,0.00000000
2959,0.00000000
2960,0.00000000
2961,0.00000000
2962,0.00000000
2963,0.00000000
2964,0.00000000
2965,0.00000000
2966,0.00000000
2967,0.00000000
2968,0.00000000
2969,0.00000000
2970,0.00000000
2971,0.00000000
2972,0.00000000
2973,0.00000000
2974,0.00000000
2975,0.00000000
2976,0.00000000
2977,0.00000000
2978,0.00000000
2979,0.00000000
2980,0.00000000
2981,0.00000000
2982,0.00000000
2983,0.00000000
2984,0.00000000
2985,0.00000000
2986,0.00000000
2987,0.00000000
2988,0.00000000
2989,0.00000000
2990,0.00000000
2991,0.00000000
2992,0.00000000
2993,0.00000000
2994,0.00000000
2995,0.00000000
2996,0.00000000
2997,0.00000000
2998,0.00000000
2999,0.00000000
3000,0.00000000
3001,0.00000000
3002,0.00000000
3003,0.00000000
3004,0.00000000
3005,0.00000000
3006,0.00000000
3007,0.00000000
3008,0.00000000
3009,0.00000000
3010,0.00000000
3011,0.00000000
3012,0.00000000
3013,0.00000000
3014,0.00000000
3015,0.00000000
3016,0.00000000
3017,0.00000000
3018,0.00000000
3019,0.00000000
3020,0.00000000
3021,0.00000000
3022,0.00000000
3023,0.00000000
3024,0.00000000
3025,0.00000000
3026,0.00000000
3027,0.00000000
3028,0.00000000
3029,0.00000000
3030,0.00000000
3031,0.00000000
3032,0.00000000
3033,0.00000000
3034,0.00000000
3035,0.00000000
3036,0.00000000
3037,0.00000000
3038,0.00000000
3039,0.00000000
3040,0.00000000
3041,0.00000000
3042,0.00000000
3043,0.00000000
3044,0.00000000
3045,0.00000000
3046,0.00000000
3047,0.00000000
3048,0.00000000
3049,0.00000000
3050,0.00000000
3051,0.00000000
3052,0.00000000
3053,0.00000000
3054,0.00000000
3055,0.00000000
3056,0.00000000
3057,0.00000000
3058,0.00000000
3059,0.00000000
3060,0.00000000
3061,0.00000000
3062,0.00000000
3063,0.00000000
3064,0.00000000
3065,0.00000000
3066,0.00000000
3067,0.00000000
3068,0.00000000
3069,0.00000000
3070,0.00000000
3071,0.00000000
3072,0.00000000
3073,0.00000000
3074,0.00000000
3075,0.00000000
3076,0.00000000
3077,0.00000000
3078,0.00000000
3079,0.00000000
3080,0.00000000
3081,0.00000000
3082,0.00000000
3083,0.00000000
3084,0.00000000
3085,0.00000000
3086,0.00000000
3087,0.00000000
3088,0.00000000
3089,0.00000000
3090,0.00000000
3091,0.00000000
3092,0.00000000
3093,0.00000000
3094,0.00000000
3095,0.00000000
3096,0.00000000
3097,0.00000000
3098,0.00000000
3099,0.00000000
3100,0.00000000
3101,0.00000000
3102,0.00000000
3103,0.00000000
3104,0.00000000
3105,0.00000000
3106,0.00000000
3107,0.00000000
3108,0.00000000
3109,0.00000000
3110,0.00000000
3111,0.00000000
3112,0.00000000
3113,0.00000000
3114,0.00000000
3115,0.00000000
3116,0.00000000
3117,0.00000000
3118,0.00000000
3119,0.00000000
3120,0.00000000
3121,0.00000000
3122,0.00000000
3123,0.00000000
3124,0.00000000
3125,0.00000000
3126,0.00000000
3127,0.00000000
3128,0.00000000
3129,0.00000000
3130,0.00000000
3131,0.00000000
3132,0.00000000
3133,0.00000000
3134,0.00000000
3135,0.00000000
3136,0.00000000
3137,0.00000000
3138,0.00000000
3139,0.00000000
3140,0.00000000
3141,0.00000000
3142,0.00000000
3143,0.00000000
3144,0.00000000
3145,0.00000000
3146,0.00000000
3147,0.00000000
3148,0.00000000
3149,0.00000000
3150,0.00000000
3151,0.00000000
3152,0.00000000
3153,0.00000000
3154,0.00000000
3155,0.00000000
3156,0.00000000
3157,0.00000000
3158,0.00000000
3159,0.00000000
3160,0.00000000
3161,0.00000000
3162,0.00000000
3163,0.00000000
3164,0.00000000
3165,0.00000000
3166,0.00000000
3167,0.00000000
3168,0.00000000
3169,0.00000000
3170,0.00000000
3171,0.00000000
3172,0.00000000
3173,0.00000000
3174,0.00000000
3175,0.00000000
3176,0.00000000
3177,0.00000000
3178,0.00000000
3179,0.00000000
3180,0.00000000
3181,0.00000000
3182,0.00000000
3183,0.00000000
3184,0.00000000
3185,0.00000000
3186,0.00000000
3187,0.00000000
3188,0.00000000
3189,0.00000000
3190,0.00000000
3191,0.00000000
3192,0.00000000
3193,0.00000000
3194,0.00000000
3195,0.00000000
3196,0.00000000
3197,0.00000000
3198,0.00000000
3199,0.00000000
3200,0.00000000
3201,0.00000000
3202,0.00000000
3203,0.00000000
3204,0.00000000
3205,0.00000000
3206,0.00000000
3207,0.00000000
3208,0.00000000
3209,0.00000000
3210,0.00000000
3211,0.00000000
3212,0.00000000
3213,0.00000000
3214,0.00000000
3215,0.00000000
3216,0.00000000
3217,0.00000000
3218,0.00000000
3219,0.00000000
3220,0.00000000
3221,0.00000000
3222,0.00000000
3223,0.00000000
3224,0.00000000
3225,0.00000000
3226,0.00000000
3227,0.00000000
3228,0.00000000
3229,0.00000000
3230,0.00000000
3231,0.00000000
3232,0.00000001
3233,0.00000001
3234,0.00000001
3235,0.00000001
3236,0.00000001
3237,0.00000001
3238,0.00000002
3239,0.00000002
3240,0.00000002
3241,0.00000003
3242,0.00000004
3243,0.00000004
3244,0.00000005
3245,0.00000006
3246,0.00000007
3247,0.00000007
3248,0.00000008
3249,0.00000009
3250,0.00000010
3251,0.00000012
3252,0.00000015
3253,0.00000017
3254,0.00000020
3255,0.00000022
3256,0.00000024
3257,0.00000027
3258,0.00000029
3259,0.00000032
3260,0.00000034
3261,0.00000048
3262,0.00000061
3263,0.00000075
3264,0.00000088
3265,0.00000101
3266,0.00000115
3267,0.00000128
3268,0.00000142
3269,0.00000155
3270,0.00000168
3271,0.00000216
3272,0.00000264
3273,0.00000312
3274,0.00000360
3275,0.00000408
3276,0.00000455
3277,0.00000503
3278,0.00000551
3279,0.00000599
3280,0.00000647
3281,0.00000770
3282,0.00000893
3283,0.00001016
3284,0.00001139
3285,0.00001262
3286,0.00001385
3287,0.00001508
3288,0.00001631
3289,0.00001754
3290,0.00001877
3291,0.00002217
3292,0.00002558
3293,0.00002898
3294,0.00003238
3295,0.00003579
3296,0.00003919
3297,0.00004259
3298,0.00004600
3299,0.00004940
3300,0.00005281
3301,0.00005557
3302,0.00005833
3303,0.00006110
3304,0.00006386
3305,0.00006663
3306,0.00006939
3307,0.00007216
3308,0.00007492
3309,0.00007769
3310,0.00008045
3311,0.00008511
3312,0.00008977
3313,0.00009443
3314,0.00009909
3315,0.00010376
3316,0.00010842
3317,0.00011308
3318,0.00011774
3319,0.00012240
3320,0.00012706
3321,0.00013255
3322,0.00013805
3323,0.00014354
3324,0.00014904
3325,0.00015453
3326,0.00016003
3327,0.00016552
3328,0.00017102
3329,0.00017651
3330,0.00018201
3331,0.00018685
3332,0.00019170
3333,0.00019654
3334,0.00020139
3335,0.00020623
3336,0.00021107
3337,0.00021592
3338,0.00022076
3339,0.00022561
3340,0.00023045
3341,0.00023566
3342,0.00024087
3343,0.00024609
3344,0.00025130
3345,0.00025651
3346,0.00026172
3347,0.00026693
3348,0.00027215
3349,0.00027736
3350,0.00028257
3351,0.00028144
3352,0.00028031
3353,0.00027918
3354,0.00027805
3355,0.00027692
3356,0.00027579
3357,0.00027466
3358,0.00027353
3359,0.00027240
3360,0.00027127
3361,0.00026921
3362,0.00026714
3363,0.00026508
3364,0.00026302
3365,0.00026095
3366,0.00025889
3367,0.00025683
3368,0.00025476
3369,0.00025270
3370,0.00025064
3371,0.00025090
3372,0.00025117
3373,0.00025143
3374,0.00025169
3375,0.00025196
3376,0.00025222
3377,0.00025248
3378,0.00025275
3379,0.00025301
3380,0.00025327
3381,0.00025074
3382,0.00024820
3383,0.00024566
3384,0.00024313
3385,0.00024059
3386,0.00023805
3387,0.00023552
3388,0.00023298
3389,0.00023044
3390,0.00022791
3391,0.00022622
3392,0.00022454
3393,0.00022286
3394,0.00022117
3395,0.00021949
3396,0.00021781
3397,0.00021613
3398,0.00021444
3399,0.00021276
3400,0.00021108
3401,0.00020682
3402,0.00020257
3403,0.00019831
3404,0.00019406
3405,0.00018980
3406,0.00018554
3407,0.00018129
3408,0.00017703
3409,0.00017278
3410,0.00016852
3411,0.00016320
3412,0.00015787
3413,0.00015255
3414,0.00014722
3415,0.00014190
3416,0.00013658
3417,0.00013125
3418,0.00012593
3419,0.00012060
3420,0.00011528
3421,0.00010964
3422,0.00010401
3423,0.00009837
3424,0.00009273
3425,0.00008710
3426,0.00008146
3427,0.00007583
3428,0.00007019
3429,0.00006455
3430,0.00005892
3431,0.00005563
3432,0.00005234
3433,0.00004905
3434,0.00004576
3435,0.00004247
3436,0.00003918
3437,0.00003589
3438,0.00003260
3439,0.00002931
3440,0.00002602
3441,0.00002615
3442,0.00002628
3443,0.00002641
3444,0.00002654
3445,0.00002667
3446,0.00002680
3447,0.00002693
3448,0.00002706
3449,0.00002719
3450,0.00002731
3451,0.00003098
3452,0.00003465
3453,0.00003832
3454,0.00004199
3455,0.00004565
3456,0.00004932
3457,0.00005299
3458,0.00005666
3459,0.00006032
3460,0.00006399
3461,0.00007300
3462,0.00008201
3463,0.00009102
3464,0.00010003
3465,0.00010905
3466,0.00011806
3467,0.00012707
3468,0.00013608
3469,0.00014509
3470,0.00015410
3471,0.00016479
3472,0.00017548
3473,0.00018617
3474,0.00019686
3475,0.00020755
3476,0.00021824
3477,0.00022893
3478,0.00023962
3479,0.00025031
3480,0.00026101
3481,0.00027827
3482,0.00029554
3483,0.00031281
3484,0.00033008
3485,0.00034734
3486,0.00036461
3487,0.00038188
3488,0.00039915
3489,0.00041641
3490,0.00043368
3491,0.00044213
3492,0.00045058
3493,0.00045902
3494,0.00046747
3495,0.00047592
3496,0.00048437
3497,0.00049282
3498,0.00050126
3499,0.00050971
3500,0.00051816
3501,0.00052381
3502,0.00052946
3503,0.00053511
3504,0.00054076
3505,0.00054641
3506,0.00055205
3507,0.00055770
3508,0.00056335
3509,0.00056900
3510,0.00057465
3511,0.00057781
3512,0.00058097
3513,0.00058413
3514,0.00058729
3515,0.00059044
3516,0.00059360
3517,0.00059676
3518,0.00059992
3519,0.00060308
3520,0.00060624
3521,0.00060437
3522,0.00060249
3523,0.00060062
3524,0.00059875
3525,0.00059687
3526,0.00059500
3527,0.00059313
3528,0.00059126
3529,0.00058938
3530,0.00058751
3531,0.00058239
3532,0.00057727
3533,0.00057216
3534,0.00056704
3535,0.00056192
3536,0.00055680
3537,0.00055169
3538,0.00054657
3539,0.00054145
3540,0.00053633
3541,0.00053680
3542,0.00053728
3543,0.00053775
3544,0.00053822
3545,0.00053869
3546,0.00053916
3547,0.00053964
3548,0.00054011
3549,0.00054058
3550,0.00054105
3551,0.00055429
3552,0.00056752
3553,0.00058075
3554,0.00059399
3555,0.00060722
3556,0.00062046
3557,0.00063369
3558,0.00064693
3559,0.00066016
3560,0.00067340
3561,0.00068596
3562,0.00069853
3563,0.00071110
3564,0.00072367
3565,0.00073624
3566,0.00074881
3567,0.00076137
3568,0.00077394
3569,0.00078651
3570,0.00079908
3571,0.00079874
3572,0.00079840
3573,0.00079806
3574,0.00079772
3575,0.00079738
3576,0.00079704
3577,0.00079670
3578,0.00079636
3579,0.00079602
3580,0.00079568
3581,0.00081535
3582,0.00083502
3583,0.00085469
3584,0.00087435
3585,0.00089402
3586,0.00091369
3587,0.00093336
3588,0.00095302
3589,0.00097269
3590,0.00099236
3591,0.00100248
3592,0.00101259
3593,0.00102271
3594,0.00103283
3595,0.00104295
3596,0.00105306
3597,0.00106318
3598,0.00107330
3599,0.00108342
3600,0.00109354
3601,0.00104950
3602,0.00100547
3603,0.00096144
3604,0.00091741
3605,0.00087338
3606,0.00082935
3607,0.00078532
3608,0.00074129
3609,0.00069726
3610,0.00065323
3611,0.00062339
3612,0.00059356
3613,0.00056372
3614,0.00053389
3615,0.00050405
3616,0.00047422
3617,0.00044438
3618,0.00041455
3619,0.00038471
3620,0.00035488
3621,0.00037364
3622,0.00039240
3623,0.00041116
3624,0.00042993
3625,0.00044869
3626,0.00046745
3627,0.00048621
3628,0.00050497
3629,0.00052374
3630,0.00054250
3631,0.00058841
3632,0.00063432
3633,0.00068023
3634,0.00072614
3635,0.00077205
3636,0.00081796
3637,0.00086387
3638,0.00090978
3639,0.00095569
3640,0.00100159
3641,0.00101018
3642,0.00101876
3643,0.00102734
3644,0.00103592
3645,0.00104450
3646,0.00105308
3647,0.00106167
3648,0.00107025
3649,0.00107883
3650,0.00108741
3651,0.00107588
3652,0.00106436
3653,0.00105283
3654,0.00104131
3655,0.00102978
3656,0.00101825
3657,0.00100673
3658,0.00099520
3659,0.00098367
3660,0.00097215
3661,0.00096699
3662,0.00096183
3663,0.00095667
3664,0.00095152
3665,0.00094636
3666,0.00094120
3667,0.00093604
3668,0.00093088
3669,0.00092572
3670,0.00092056
3671,0.00092672
3672,0.00093287
3673,0.00093902
3674,0.00094517
3675,0.00095132
3676,0.00095747
3677,0.00096362
3678,0.00096977
3679,0.00097593
3680,0.00098208
3681,0.00099158
3682,0.00100109
3683,0.00101059
3684,0.00102010
3685,0.00102960
3686,0.00103910
3687,0.00104861
3688,0.00105811
3689,0.00106762
3690,0.00107712
3691,0.00108104
3692,0.00108495
3693,0.00108886
3694,0.00109278
3695,0.00109669
3696,0.00110060
3697,0.00110452
3698,0.00110843
3699,0.00111234
3700,0.00111626
3701,0.00111676
3702,0.00111725
3703,0.00111775
3704,0.00111825
3705,0.00111875
3706,0.00111925
3707,0.00111975
3708,0.00112025
3709,0.00112074
3710,0.00112124
3711,0.00112400
3712,0.00112676
3713,0.00112952
3714,0.00113228
3715,0.00113504
3716,0.00113780
3717,0.00114056
3718,0.00114332
3719,0.00114608
3720,0.00114884
3721,0.00113852
3722,0.00112820
3723,0.00111789
3724,0.00110757
3725,0.00109725
3726,0.00108693
3727,0.00107661
3728,0.00106629
3729,0.00105597
3730,0.00104565
3731,0.00102208
3732,0.00099850
3733,0.00097493
3734,0.00095135
3735,0.00092778
3736,0.00090421
3737,0.00088063
3738,0.00085706
3739,0.00083349
3740,0.00080991
3741,0.00079232
3742,0.00077474
3743,0.00075715
3744,0.00073956
3745,0.00072197
3746,0.00070438
3747,0.00068679
3748,0.00066920
3749,0.00065162
3750,0.00063403
3751,0.00061627
3752,0.00059851
3753,0.00058076
3754,0.00056300
3755,0.00054524
3756,0.00052749
3757,0.00050973
3758,0.00049197
3759,0.00047421
3760,0.00045646
3761,0.00045936
3762,0.00046227
3763,0.00046517
3764,0.00046807
3765,0.00047098
3766,0.00047388
3767,0.00047678
3768,0.00047969
3769,0.00048259
3770,0.00048549
3771,0.00050915
3772,0.00053281
3773,0.00055647
3774,0.00058012
3775,0.00060378
3776,0.00062744
3777,0.00065109
3778,0.00067475
3779,0.00069841
3780,0.00072207
3781,0.00072949
3782,0.00073691
3783,0.00074433
3784,0.00075175
3785,0.00075917
3786,0.00076659
3787,0.00077401
3788,0.00078143
3789,0.00078885
3790,0.00079627
3791,0.00078673
3792,0.00077719
3793,0.00076765
3794,0.00075811
3795,0.00074857
3796,0.00073903
3797,0.00072949
3798,0.00071996
3799,0.00071042
3800,0.00070088
3801,0.00069005
3802,0.00067922
3803,0.00066839
3804,0.00065756
3805,0.00064674
3806,0.00063591
3807,0.00062508
3808,0.00061425
3809,0.00060342
3810,0.00059260
3811,0.00058415
3812,0.00057570
3813,0.00056726
3814,0.00055881
3815,0.00055037
3816,0.00054192
3817,0.00053347
3818,0.00052503
3819,0.00051658
3820,0.00050814
3821,0.00050770
3822,0.00050727
3823,0.00050684
3824,0.00050641
3825,0.00050598
3826,0.00050555
3827,0.00050512
3828,0.00050469
3829,0.00050425
3830,0.00050382
3831,0.00050741
3832,0.00051100
3833,0.00051459
3834,0.00051817
3835,0.00052176
3836,0.00052535
3837,0.00052894
3838,0.00053253
3839,0.00053611
3840,0.00053970
3841,0.00054013
3842,0.00054055
3843,0.00054098
3844,0.00054140
3845,0.00054183
3846,0.00054225
3847,0.00054268
3848,0.00054311
3849,0.00054353
3850,0.00054396
3851,0.00053969
3852,0.00053542
3853,0.00053115
3854,0.00052689
3855,0.00052262
3856,0.00051835
3857,0.00051408
3858,0.00050982
3859,0.00050555
3860,0.00050128
3861,0.00049709
3862,0.00049289
3863,0.00048870
3864,0.00048451
3865,0.00048032
3866,0.00047612
3867,0.00047193
3868,0.00046774
3869,0.00046355
3870,0.00045935
3871,0.00044591
3872,0.00043247
3873,0.00041903
3874,0.00040559
3875,0.00039215
3876,0.00037871
3877,0.00036527
3878,0.00035183
3879,0.00033839
3880,0.00032495
3881,0.00031188
3882,0.00029882
3883,0.00028575
3884,0.00027269
3885,0.00025963
3886,0.00024656
3887,0.00023350
3888,0.00022043
3889,0.00020737
3890,0.00019431
3891,0.00018572
3892,0.00017714
3893,0.00016856
3894,0.00015997
3895,0.00015139
3896,0.00014281
3897,0.00013422
3898,0.00012564
3899,0.00011706
3900,0.00010847
3901,0.00010662
3902,0.00010476
3903,0.00010290
3904,0.00010104
3905,0.00009919
3906,0.00009733
3907,0.00009547
3908,0.00009361
3909,0.00009175
3910,0.00008990
3911,0.00008848
3912,0.00008705
3913,0.00008563
3914,0.00008421
3915,0.00008279
3916,0.00008137
3917,0.00007995
3918,0.00007853
3919,0.00007711
3920,0.00007569
3921,0.00007201
3922,0.00006833
3923,0.00006465
3924,0.00006097
3925,0.00005729
3926,0.00005361
3927,0.00004993
3928,0.00004625
3929,0.00004257
3930,0.00003889
3931,0.00003773
3932,0.00003656
3933,0.00003540
3934,0.00003424
3935,0.00003308
3936,0.00003192
3937,0.00003075
3938,0.00002959
3939,0.00002843
3940,0.00002727
3941,0.00002734
3942,0.00002741
3943,0.00002748
3944,0.00002755
3945,0.00002762
3946,0.00002769
3947,0.00002776
3948,0.00002783
3949,0.00002790
3950,0.00002797
3951,0.00002750
3952,0.00002702
3953,0.00002655
3954,0.00002607
3955,0.00002560
3956,0.00002512
3957,0.00002465
3958,0.00002417
3959,0.00002370
3960,0.00002322
3961,0.00002320
3962,0.00002318
3963,0.00002316
3964,0.00002314
3965,0.00002312
3966,0.00002310
3967,0.00002307
3968,0.00002305
3969,0.00002303
3970,0.00002301
3971,0.00002364
3972,0.00002427
3973,0.00002490
3974,0.00002553
3975,0.00002616
3976,0.00002680
3977,0.00002743
3978,0.00002806
3979,0.00002869
3980,0.00002932
3981,0.00002951
3982,0.00002969
3983,0.00002988
3984,0.00003007
3985,0.00003026
3986,0.00003044
3987,0.00003063
3988,0.00003082
3989,0.00003100
3990,0.00003119
3991,0.00003095
3992,0.00003071
3993,0.00003047
3994,0.00003022
3995,0.00002998
3996,0.00002974
3997,0.00002950
3998,0.00002926
3999,0.00002902
4000,0.00002877
4001,0.00002843
4002,0.00002808
4003,0.00002773
4004,0.00002738
4005,0.00002703
4006,0.00002668
4007,0.00002633
4008,0.00002598
4009,0.00002563
4010,0.00002529
4011,0.00002519
4012,0.00002509
4013,0.00002499
4014,0.00002489
4015,0.00002479
4016,0.00002469
4017,0.00002459
4018,0.00002449
4019,0.00002439
4020,0.00002429
4021,0.00002478
4022,0.00002526
4023,0.00002575
4024,0.00002624
4025,0.00002673
4026,0.00002722
4027,0.00002771
4028,0.00002820
4029,0.00002869
4030,0.00002918
4031,0.00003049
4032,0.00003180
4033,0.00003311
4034,0.00003442
4035,0.00003573
4036,0.00003704
4037,0.00003835
4038,0.00003966
4039,0.00004097
4040,0.00004228
4041,0.00004331
4042,0.00004435
4043,0.00004538
4044,0.00004642
4045,0.00004745
4046,0.00004849
4047,0.00004952
4048,0.00005055
4049,0.00005159
4050,0.00005262
4051,0.00005233
4052,0.00005204
4053,0.00005175
4054,0.00005146
4055,0.00005116
4056,0.00005087
4057,0.00005058
4058,0.00005029
4059,0.00005000
4060,0.00004971
4061,0.00004859
4062,0.00004747
4063,0.00004635
4064,0.00004523
4065,0.00004411
4066,0.00004299
4067,0.00004187
4068,0.00004075
4069,0.00003963
4070,0.00003850
4071,0.00003797
4072,0.00003744
4073,0.00003691
4074,0.00003638
4075,0.00003585
4076,0.00003532
4077,0.00003479
4078,0.00003426
4079,0.00003373
4080,0.00003320
4081,0.00003323
4082,0.00003325
4083,0.00003328
4084,0.00003331
4085,0.00003333
4086,0.00003336
4087,0.00003339
4088,0.00003341
4089,0.00003344
4090,0.00003347
4091,0.00003323
4092,0.00003299
4093,0.00003274
4094,0.00003250
4095,0.00003226
4096,0.00003202
4097,0.00003178
4098,0.00003154
4099,0.00003130
4100,0.00003105
4101,0.00003078
4102,0.00003051
4103,0.00003023
4104,0.00002996
4105,0.00002969
4106,0.00002942
4107,0.00002914
4108,0.00002887
4109,0.00002860
4110,0.00002832
4111,0.00002799
4112,0.00002766
4113,0.00002733
4114,0.00002700
4115,0.00002668
4116,0.00002635
4117,0.00002602
4118,0.00002569
4119,0.00002536
4120,0.00002503
4121,0.00002413
4122,0.00002323
4123,0.00002234
4124,0.00002144
4125,0.00002054
4126,0.00001965
4127,0.00001875
4128,0.00001785
4129,0.00001695
4130,0.00001606
4131,0.00001548
4132,0.00001490
4133,0.00001432
4134,0.00001375
4135,0.00001317
4136,0.00001259
4137,0.00001201
4138,0.00001143
4139,0.00001086
4140,0.00001028
4141,0.00001074
4142,0.00001120
4143,0.00001166
4144,0.00001212
4145,0.00001258
4146,0.00001305
4147,0.00001351
4148,0.00001397
4149,0.00001443
4150,0.00001489
4151,0.00001630
4152,0.00001771
4153,0.00001912
4154,0.00002053
4155,0.00002194
4156,0.00002335
4157,0.00002476
4158,0.00002617
4159,0.00002758
4160,0.00002899
4161,0.00002988
4162,0.00003078
4163,0.00003168
4164,0.00003258
4165,0.00003348
4166,0.00003438
4167,0.00003528
4168,0.00003618
4169,0.00003708
4170,0.00003798
4171,0.00003735
4172,0.00003671
4173,0.00003608
4174,0.00003544
4175,0.00003481
4176,0.00003417
4177,0.00003354
4178,0.00003290
4179,0.00003227
4180,0.00003164
4181,0.00003134
4182,0.00003104
4183,0.00003074
4184,0.00003045
4185,0.00003015
4186,0.00002985
4187,0.00002955
4188,0.00002926
4189,0.00002896
4190,0.00002866
4191,0.00002988
4192,0.00003110
4193,0.00003232
4194,0.00003354
4195,0.00003476
4196,0.00003598
4197,0.00003720
4198,0.00003842
4199,0.00003964
4200,0.00004086
4201,0.00004115
4202,0.00004145
4203,0.00004175
4204,0.00004204
4205,0.00004234
4206,0.00004264
4207,0.00004294
4208,0.00004323
4209,0.00004353
4210,0.00004383
4211,0.00004331
4212,0.00004280
4213,0.00004228
4214,0.00004176
4215,0.00004125
4216,0.00004073
4217,0.00004022
4218,0.00003970
4219,0.00003918
4220,0.00003867
4221,0.00004126
4222,0.00004384
4223,0.00004643
4224,0.00004902
4225,0.00005161
4226,0.00005420
4227,0.00005678
4228,0.00005937
4229,0.00006196
4230,0.00006455
4231,0.00007172
4232,0.00007889
4233,0.00008606
4234,0.00009323
4235,0.00010041
4236,0.00010758
4237,0.00011475
4238,0.00012192
4239,0.00012909
4240,0.00013627
4241,0.00014183
4242,0.00014739
4243,0.00015295
4244,0.00015851
4245,0.00016407
4246,0.00016963
4247,0.00017519
4248,0.00018076
4249,0.00018632
4250,0.00019188
4251,0.00018978
4252,0.00018767
4253,0.00018557
4254,0.00018347
4255,0.00018137
4256,0.00017927
4257,0.00017717
4258,0.00017506
4259,0.00017296
4260,0.00017086
4261,0.00016418
4262,0.00015751
4263,0.00015083
4264,0.00014416
4265,0.00013748
4266,0.00013081
4267,0.00012413
4268,0.00011746
4269,0.00011078
4270,0.00010410
4271,0.00009932
4272,0.00009454
4273,0.00008976
4274,0.00008497
4275,0.00008019
4276,0.00007541
4277,0.00007062
4278,0.00006584
4279,0.00006106
4280,0.00005628
4281,0.00005832
4282,0.00006036
4283,0.00006239
4284,0.00006443
4285,0.00006647
4286,0.00006851
4287,0.00007055
4288,0.00007259
4289,0.00007463
4290,0.00007667
4291,0.00008701
4292,0.00009736
4293,0.00010770
4294,0.00011804
4295,0.00012838
4296,0.00013872
4297,0.00014906
4298,0.00015941
4299,0.00016975
4300,0.00018009
4301,0.00019406
4302,0.00020802
4303,0.00022199
4304,0.00023596
4305,0.00024993
4306,0.00026389
4307,0.00027786
4308,0.00029183
4309,0.00030579
4310,0.00031976
4311,0.00032862
4312,0.00033749
4313,0.00034635
4314,0.00035521
4315,0.00036408
4316,0.00037294
4317,0.00038180
4318,0.00039067
4319,0.00039953
4320,0.00040839
4321,0.00040616
4322,0.00040393
4323,0.00040169
4324,0.00039946
4325,0.00039722
4326,0.00039499
4327,0.00039275
4328,0.00039052
4329,0.00038829
4330,0.00038605
4331,0.00037928
4332,0.00037251
4333,0.00036574
4334,0.00035897
4335,0.00035220
4336,0.00034543
4337,0.00033866
4338,0.00033189
4339,0.00032512
4340,0.00031835
4341,0.00031764
4342,0.00031694
4343,0.00031623
4344,0.00031553
4345,0.00031482
4346,0.00031412
4347,0.00031341
4348,0.00031271
4349,0.00031200
4350,0.00031130
4351,0.00033078
4352,0.00035026
4353,0.00036974
4354,0.00038923
4355,0.00040871
4356,0.00042819
4357,0.00044767
4358,0.00046715
4359,0.00048664
4360,0.00050612
4361,0.00055144
4362,0.00059677
4363,0.00064210
4364,0.00068742
4365,0.00073275
4366,0.00077808
4367,0.00082340
4368,0.00086873
4369,0.00091405
4370,0.00095938
4371,0.00101237
4372,0.00106537
4373,0.00111836
4374,0.00117136
4375,0.00122435
4376,0.00127734
4377,0.00133034
4378,0.00138333
4379,0.00143632
4380,0.00148932
4381,0.00152249
4382,0.00155567
4383,0.00158884
4384,0.00162202
4385,0.00165519
4386,0.00168837
4387,0.00172155
4388,0.00175472
4389,0.00178790
4390,0.00182107
4391,0.00182056
4392,0.00182005
4393,0.00181954
4394,0.00181902
4395,0.00181851
4396,0.00181800
4397,0.00181749
4398,0.00181697
4399,0.00181646
4400,0.00181595
4401,0.00178679
4402,0.00175763
4403,0.00172847
4404,0.00169931
4405,0.00167015
4406,0.00164099
4407,0.00161183
4408,0.00158267
4409,0.00155351
4410,0.00152435
4411,0.00150039
4412,0.00147643
4413,0.00145246
4414,0.00142850
4415,0.00140454
4416,0.00138058
4417,0.00135661
4418,0.00133265
4419,0.00130869
4420,0.00128473
4421,0.00128141
4422,0.00127810
4423,0.00127478
4424,0.00127147
4425,0.00126815
4426,0.00126484
4427,0.00126152
4428,0.00125821
4429,0.00125489
4430,0.00125158
4431,0.00125513
4432,0.00125868
4433,0.00126223
4434,0.00126578
4435,0.00126933
4436,0.00127288
4437,0.00127643
4438,0.00127998
4439,0.00128353
4440,0.00128708
4441,0.00127733
4442,0.00126758
4443,0.00125784
4444,0.00124809
4445,0.00123834
4446,0.00122860
4447,0.00121885
4448,0.00120911
4449,0.00119936
4450,0.00118961
4451,0.00118527
4452,0.00118092
4453,0.00117658
4454,0.00117223
4455,0.00116789
4456,0.00116354
4457,0.00115920
4458,0.00115485
4459,0.00115051
4460,0.00114616
4461,0.00118436
4462,0.00122255
4463,0.00126075
4464,0.00129894
4465,0.00133714
4466,0.00137533
4467,0.00141353
4468,0.00145172
4469,0.00148992
4470,0.00152812
4471,0.00159183
4472,0.00165555
4473,0.00171926
4474,0.00178298
4475,0.00184670
4476,0.00191041
4477,0.00197413
4478,0.00203785
4479,0.00210156
4480,0.00216528
4481,0.00218403
4482,0.00220278
4483,0.00222153
4484,0.00224028
4485,0.00225903
4486,0.00227778
4487,0.00229652
4488,0.00231527
4489,0.00233402
4490,0.00235277
4491,0.00229841
4492,0.00224404
4493,0.00218967
4494,0.00213531
4495,0.00208094
4496,0.00202658
4497,0.00197221
4498,0.00191785
4499,0.00186348
4500,0.00180911
4501,0.00174547
4502,0.00168183
4503,0.00161818
4504,0.00155454
4505,0.00149090
4506,0.00142726
4507,0.00136361
4508,0.00129997
4509,0.00123633
4510,0.00117268
4511,0.00118116
4512,0.00118964
4513,0.00119812
4514,0.00120660
4515,0.00121507
4516,0.00122355
4517,0.00123203
4518,0.00124051
4519,0.00124899
4520,0.00125747
4521,0.00137147
4522,0.00148548
4523,0.00159948
4524,0.00171349
4525,0.00182749
4526,0.00194149
4527,0.00205550
4528,0.00216950
4529,0.00228351
4530,0.00239751
4531,0.00253859
4532,0.00267966
4533,0.00282074
4534,0.00296182
4535,0.00310289
4536,0.00324397
4537,0.00338504
4538,0.00352612
4539,0.00366719
4540,0.00380827
4541,0.00386406
4542,0.00391985
4543,0.00397564
4544,0.00403143
4545,0.00408722
4546,0.00414301
4547,0.00419881
4548,0.00425460
4549,0.00431039
4550,0.00436618
4551,0.00431010
4552,0.00425402
4553,0.00419795
4554,0.00414187
4555,0.00408579
4556,0.00402971
4557,0.00397364
4558,0.00391756
4559,0.00386148
4560,0.00380541
4561,0.00373240
4562,0.00365939
4563,0.00358638
4564,0.00351337
4565,0.00344036
4566,0.00336735
4567,0.00329434
4568,0.00322133
4569,0.00314832
4570,0.00307531
4571,0.00303892
4572,0.00300254
4573,0.00296615
4574,0.00292976
4575,0.00289338
4576,0.00285699
4577,0.00282060
4578,0.00278422
4579,0.00274783
4580,0.00271144
4581,0.00265439
4582,0.00259734
4583,0.00254030
4584,0.00248325
4585,0.00242620
4586,0.00236915
4587,0.00231210
4588,0.00225505
4589,0.00219800
4590,0.00214095
4591,0.00206180
4592,0.00198265
4593,0.00190350
4594,0.00182434
4595,0.00174519
4596,0.00166604
4597,0.00158689
4598,0.00150774
4599,0.00142859
4600,0.00134944
4601,0.00129310
4602,0.00123677
4603,0.00118043
4604,0.00112410
4605,0.00106776
4606,0.00101143
4607,0.00095509
4608,0.00089876
4609,0.00084242
4610,0.00078609
4611,0.00076677
4612,0.00074745
4613,0.00072813
4614,0.00070881
4615,0.00068949
4616,0.00067017
4617,0.00065085
4618,0.00063153
4619,0.00061221
4620,0.00059289
4621,0.00059384
4622,0.00059478
4623,0.00059572
4624,0.00059667
4625,0.00059761
4626,0.00059855
4627,0.00059950
4628,0.00060044
4629,0.00060138
4630,0.00060233
4631,0.00060791
4632,0.00061349
4633,0.00061907
4634,0.00062465
4635,0.00063023
4636,0.00063581
4637,0.00064139
4638,0.00064698
4639,0.00065256
4640,0.00065814
4641,0.00066591
4642,0.00067369
4643,0.00068146
4644,0.00068923
4645,0.00069701
4646,0.00070478
4647,0.00071255
4648,0.00072033
4649,0.00072810
4650,0.00073588
4651,0.00075678
4652,0.00077769
4653,0.00079859
4654,0.00081950
4655,0.00084040
4656,0.00086130
4657,0.00088221
4658,0.00090311
4659,0.00092402
4660,0.00094492
4661,0.00098491
4662,0.00102489
4663,0.00106488
4664,0.00110486
4665,0.00114485
4666,0.00118483
4667,0.00122481
4668,0.00126480
4669,0.00130478
4670,0.00134477
4671,0.00139336
4672,0.00144194
4673,0.00149053
4674,0.00153912
4675,0.00158771
4676,0.00163629
4677,0.00168488
4678,0.00173347
4679,0.00178206
4680,0.00183064
4681,0.00185030
4682,0.00186997
4683,0.00188963
4684,0.00190929
4685,0.00192895
4686,0.00194861
4687,0.00196827
4688,0.00198793
4689,0.00200760
4690,0.00202726
4691,0.00201083
4692,0.00199440
4693,0.00197797
4694,0.00196154
4695,0.00194510
4696,0.00192867
4697,0.00191224
4698,0.00189581
4699,0.00187938
4700,0.00186295
4701,0.00183777
4702,0.00181259
4703,0.00178742
4704,0.00176224
4705,0.00173706
4706,0.00171188
4707,0.00168670
4708,0.00166152
4709,0.00163635
4710,0.00161117
4711,0.00160068
4712,0.00159019
4713,0.00157970
4714,0.00156922
4715,0.00155873
4716,0.00154824
4717,0.00153775
4718,0.00152727
4719,0.00151678
4720,0.00150629
4721,0.00150998
4722,0.00151367
4723,0.00151736
4724,0.00152105
4725,0.00152474
4726,0.00152843
4727,0.00153212
4728,0.00153581
4729,0.00153950
4730,0.00154318
4731,0.00154780
4732,0.00155241
4733,0.00155702
4734,0.00156164
4735,0.00156625
4736,0.00157086
4737,0.00157548
4738,0.00158009
4739,0.00158470
4740,0.00158932
4741,0.00158529
4742,0.00158126
4743,0.00157723
4744,0.00157320
4745,0.00156917
4746,0.00156514
4747,0.00156111
4748,0.00155708
4749,0.00155305
4750,0.00154902
4751,0.00153966
4752,0.00153031
4753,0.00152096
4754,0.00151160
4755,0.00150225
4756,0.00149290
4757,0.00148354
4758,0.00147419
4759,0.00146484
4760,0.00145548
4761,0.00144996
4762,0.00144445
4763,0.00143893
4764,0.00143341
4765,0.00142790
4766,0.00142238
4767,0.00141686
4768,0.00141134
4769,0.00140583
4770,0.00140031
4771,0.00139708
4772,0.00139386
4773,0.00139063
4774,0.00138741
4775,0.00138418
4776,0.00138096
4777,0.00137773
4778,0.00137451
4779,0.00137128
4780,0.00136806
4781,0.00136817
4782,0.00136829
4783,0.00136841
4784,0.00136852
4785,0.00136864
4786,0.00136875
4787,0.00136887
4788,0.00136898
4789,0.00136910
4790,0.00136921
4791,0.00137567
4792,0.00138212
4793,0.00138857
4794,0.00139502
4795,0.00140147
4796,0.00140792
4797,0.00141437
4798,0.00142082
4799,0.00142727
4800,0.00143372
4801,0.00144049
4802,0.00144726
4803,0.00145403
4804,0.00146080
4805,0.00146757
4806,0.00147434
4807,0.00148111
4808,0.00148788
4809,0.00149465
4810,0.00150142
4811,0.00149267
4812,0.00148392
4813,0.00147517
4814,0.00146641
4815,0.00145766
4816,0.00144891
4817,0.00144016
4818,0.00143141
4819,0.00142266
4820,0.00141391
4821,0.00139281
4822,0.00137170
4823,0.00135060
4824,0.00132950
4825,0.00130840
4826,0.00128730
4827,0.00126619
4828,0.00124509
4829,0.00122399
4830,0.00120289
4831,0.00118404
4832,0.00116520
4833,0.00114636
4834,0.00112752
4835,0.00110868
4836,0.00108984
4837,0.00107100
4838,0.00105215
4839,0.00103331
4840,0.00101447
4841,0.00102369
4842,0.00103291
4843,0.00104213
4844,0.00105135
4845,0.00106057
4846,0.00106979
4847,0.00107901
4848,0.00108823
4849,0.00109745
4850,0.00110668
4851,0.00118685
4852,0.00126702
4853,0.00134719
4854,0.00142736
4855,0.00150753
4856,0.00158770
4857,0.00166787
4858,0.00174804
4859,0.00182821
4860,0.00190838
4861,0.00207989
4862,0.00225140
4863,0.00242291
4864,0.00259442
4865,0.00276593
4866,0.00293743
4867,0.00310894
4868,0.00328045
4869,0.00345196
4870,0.00362347
4871,0.00383299
4872,0.00404252
4873,0.00425205
4874,0.00446157
4875,0.00467110
4876,0.00488062
4877,0.00509015
4878,0.00529967
4879,0.00550920
4880,0.00571872
4881,0.00580470
4882,0.00589068
4883,0.00597665
4884,0.00606263
4885,0.00614861
4886,0.00623458
4887,0.00632056
4888,0.00640654
4889,0.00649252
4890,0.00657849
4891,0.00647887
4892,0.00637926
4893,0.00627964
4894,0.00618002
4895,0.00608040
4896,0.00598078
4897,0.00588116
4898,0.00578154
4899,0.00568192
4900,0.00558230
4901,0.00539155
4902,0.00520079
4903,0.00501003
4904,0.00481927
4905,0.00462852
4906,0.00443776
4907,0.00424700
4908,0.00405624
4909,0.00386548
4910,0.00367473
4911,0.00353784
4912,0.00340095
4913,0.00326406
4914,0.00312717
4915,0.00299028
4916,0.00285339
4917,0.00271650
4918,0.00257960
4919,0.00244271
4920,0.00230582
4921,0.00228723
4922,0.00226864
4923,0.00225005
4924,0.00223145
4925,0.00221286
4926,0.00219427
4927,0.00217567
4928,0.00215708
4929,0.00213849
4930,0.00211989
4931,0.00219924
4932,0.00227858
4933,0.00235792
4934,0.00243726
4935,0.00251660
4936,0.00259594
4937,0.00267528
4938,0.00275462
4939,0.00283397
4940,0.00291331
4941,0.00305533
4942,0.00319735
4943,0.00333937
4944,0.00348139
4945,0.00362341
4946,0.00376543
4947,0.00390745
4948,0.00404947
4949,0.00419149
4950,0.00433351
4951,0.00449580
4952,0.00465809
4953,0.00482038
4954,0.00498267
4955,0.00514496
4956,0.00530725
4957,0.00546954
4958,0.00563184
4959,0.00579413
4960,0.00595642
4961,0.00607928
4962,0.00620214
4963,0.00632500
4964,0.00644787
4965,0.00657073
4966,0.00669359
4967,0.00681645
4968,0.00693932
4969,0.00706218
4970,0.00718504
4971,0.00722862
4972,0.00727219
4973,0.00731577
4974,0.00735934
4975,0.00740292
4976,0.00744649
4977,0.00749007
4978,0.00753365
4979,0.00757722
4980,0.00762080
4981,0.00760569
4982,0.00759058
4983,0.00757548
4984,0.00756037
4985,0.00754526
4986,0.00753015
4987,0.00751505
4988,0.00749994
4989,0.00748483
4990,0.00746973
4991,0.00742791
4992,0.00738609
4993,0.00734427
4994,0.00730245
4995,0.00726063
4996,0.00721881
4997,0.00717699
4998,0.00713517
4999,0.00709335
5000,0.00705153
5001,0.00699649
5002,0.00694144
5003,0.00688639
5004,0.00683134
5005,0.00677629
5006,0.00672125
5007,0.00666620
5008,0.00661115
5009,0.00655610
5010,0.00650105
5011,0.00644316
5012,0.00638526
5013,0.00632737
5014,0.00626947
5015,0.00621157
5016,0.00615368
5017,0.00609578
5018,0.00603789
5019,0.00597999
5020,0.00592209
5021,0.00586770
5022,0.00581330
5023,0.00575891
5024,0.00570451
5025,0.00565011
5026,0.00559572
5027,0.00554132
5028,0.00548692
5029,0.00543253
5030,0.00537813
5031,0.00532141
5032,0.00526469
5033,0.00520796
5034,0.00515124
5035,0.00509452
5036,0.00503780
5037,0.00498108
5038,0.00492436
5039,0.00486763
5040,0.00481091
5041,0.00474449
5042,0.00467806
5043,0.00461163
5044,0.00454521
5045,0.00447878
5046,0.00441235
5047,0.00434593
5048,0.00427950
5049,0.00421307
5050,0.00414664
5051,0.00407879
5052,0.00401093
5053,0.00394307
5054,0.00387522
5055,0.00380736
5056,0.00373950
5057,0.00367164
5058,0.00360379
5059,0.00353593
5060,0.00346807
5061,0.00343125
5062,0.00339443
5063,0.00335761
5064,0.00332079
5065,0.00328397
5066,0.00324714
5067,0.00321032
5068,0.00317350
5069,0.00313668
5070,0.00309986
5071,0.00312813
5072,0.00315640
5073,0.00318467
5074,0.00321294
5075,0.00324121
5076,0.00326948
5077,0.00329775
5078,0.00332602
5079,0.00335429
5080,0.00338257
5081,0.00348053
5082,0.00357849
5083,0.00367646
5084,0.00377442
5085,0.00387238
5086,0.00397035
5087,0.00406831
5088,0.00416627
5089,0.00426424
5090,0.00436220
5091,0.00447332
5092,0.00458445
5093,0.00469557
5094,0.00480670
5095,0.00491782
5096,0.00502894
5097,0.00514007
5098,0.00525119
5099,0.00536232
5100,0.00547344
5101,0.00553375
5102,0.00559405
5103,0.00565436
5104,0.00571466
5105,0.00577497
5106,0.00583528
5107,0.00589558
5108,0.00595589
5109,0.00601619
5110,0.00607650
5111,0.00607250
5112,0.00606849
5113,0.00606449
5114,0.00606049
5115,0.00605648
5116,0.00605248
5117,0.00604847
5118,0.00604447
5119,0.00604047
5120,0.00603646
5121,0.00600302
5122,0.00596958
5123,0.00593614
5124,0.00590269
5125,0.00586925
5126,0.00583581
5127,0.00580236
5128,0.00576892
5129,0.00573548
5130,0.00570204
5131,0.00568874
5132,0.00567545
5133,0.00566215
5134,0.00564886
5135,0.00563556
5136,0.00562227
5137,0.00560897
5138,0.00559568
5139,0.00558238
5140,0.00556909
5141,0.00559182
5142,0.00561455
5143,0.00563728
5144,0.00566001
5145,0.00568274
5146,0.00570547
5147,0.00572820
5148,0.00575093
5149,0.00577366
5150,0.00579639
5151,0.00584742
5152,0.00589846
5153,0.00594950
5154,0.00600053
5155,0.00605157
5156,0.00610261
5157,0.00615364
5158,0.00620468
5159,0.00625571
5160,0.00630675
5161,0.00640069
5162,0.00649462
5163,0.00658856
5164,0.00668249
5165,0.00677643
5166,0.00687037
5167,0.00696430
5168,0.00705824
5169,0.00715218
5170,0.00724611
5171,0.00739363
5172,0.00754115
5173,0.00768866
5174,0.00783618
5175,0.00798370
5176,0.00813122
5177,0.00827873
5178,0.00842625
5179,0.00857377
5180,0.00872128
5181,0.00891379
5182,0.00910629
5183,0.00929880
5184,0.00949131
5185,0.00968381
5186,0.00987632
5187,0.01006882
5188,0.01026133
5189,0.01045383
5190,0.01064634
5191,0.01081223
5192,0.01097812
5193,0.01114401
5194,0.01130990
5195,0.01147579
5196,0.01164168
5197,0.01180757
5198,0.01197346
5199,0.01213935
5200,0.01230524
5201,0.01237029
5202,0.01243534
5203,0.01250038
5204,0.01256543
5205,0.01263048
5206,0.01269553
5207,0.01276057
5208,0.01282562
5209,0.01289067
5210,0.01295572
5211,0.01291829
5212,0.01288086
5213,0.01284343
5214,0.01280600
5215,0.01276857
5216,0.01273114
5217,0.01269371
5218,0.01265628
5219,0.01261885
5220,0.01258143
5221,0.01254542
5222,0.01250942
5223,0.01247342
5224,0.01243742
5225,0.01240142
5226,0.01236542
5227,0.01232942
5228,0.01229341
5229,0.01225741
5230,0.01222141
5231,0.01227804
5232,0.01233467
5233,0.01239129
5234,0.01244792
5235,0.01250455
5236,0.01256117
5237,0.01261780
5238,0.01267443
5239,0.01273106
5240,0.01278768
5241,0.01295280
5242,0.01311792
5243,0.01328303
5244,0.01344815
5245,0.01361327
5246,0.01377838
5247,0.01394350
5248,0.01410862
5249,0.01427373
5250,0.01443885
5251,0.01462572
5252,0.01481259
5253,0.01499946
5254,0.01518633
5255,0.01537320
5256,0.01556007
5257,0.01574694
5258,0.01593381
5259,0.01612068
5260,0.01630755
5261,0.01641194
5262,0.01651634
5263,0.01662073
5264,0.01672512
5265,0.01682951
5266,0.01693391
5267,0.01703830
5268,0.01714269
5269,0.01724708
5270,0.01735148
5271,0.01734929
5272,0.01734711
5273,0.01734493
5274,0.01734275
5275,0.01734056
5276,0.01733838
5277,0.01733620
5278,0.01733402
5279,0.01733183
5280,0.01732965
5281,0.01725085
5282,0.01717206
5283,0.01709326
5284,0.01701446
5285,0.01693567
5286,0.01685687
5287,0.01677807
5288,0.01669927
5289,0.01662048
5290,0.01654168
5291,0.01639316
5292,0.01624464
5293,0.01609612
5294,0.01594760
5295,0.01579908
5296,0.01565056
5297,0.01550204
5298,0.01535353
5299,0.01520501
5300,0.01505649
5301,0.01482474
5302,0.01459299
5303,0.01436124
5304,0.01412949
5305,0.01389775
5306,0.01366600
5307,0.01343425
5308,0.01320250
5309,0.01297075
5310,0.01273901
5311,0.01244786
5312,0.01215671
5313,0.01186556
5314,0.01157441
5315,0.01128326
5316,0.01099211
5317,0.01070096
5318,0.01040981
5319,0.01011867
5320,0.00982752
5321,0.00957529
5322,0.00932306
5323,0.00907082
5324,0.00881859
5325,0.00856636
5326,0.00831413
5327,0.00806190
5328,0.00780967
5329,0.00755744
5330,0.00730521
5331,0.00720487
5332,0.00710453
5333,0.00700419
5334,0.00690385
5335,0.00680351
5336,0.00670317
5337,0.00660283
5338,0.00650249
5339,0.00640215
5340,0.00630181
5341,0.00647445
5342,0.00664709
5343,0.00681973
5344,0.00699237
5345,0.00716501
5346,0.00733765
5347,0.00751029
5348,0.00768293
5349,0.00785557
5350,0.00802821
5351,0.00871589
5352,0.00940357
5353,0.01009125
5354,0.01077894
5355,0.01146662
5356,0.01215430
5357,0.01284198
5358,0.01352966
5359,0.01421735
5360,0.01490503
5361,0.01664937
5362,0.01839371
5363,0.02013806
5364,0.02188240
5365,0.02362674
5366,0.02537109
5367,0.02711543
5368,0.02885977
5369,0.03060411
5370,0.03234846
5371,0.03676554
5372,0.04118262
5373,0.04559970
5374,0.05001678
5375,0.05443386
5376,0.05885094
5377,0.06326802
5378,0.06768510
5379,0.07210218
5380,0.07651927
5381,0.08557217
5382,0.09462507
5383,0.10367798
5384,0.11273088
5385,0.12178379
5386,0.13083669
5387,0.13988959
5388,0.14894250
5389,0.15799540
5390,0.16704831
5391,0.18014885
5392,0.19324939
5393,0.20634993
5394,0.21945048
5395,0.23255102
5396,0.24565156
5397,0.25875210
5398,0.27185265
5399,0.28495319
5400,0.29805373
5401,0.31317675
5402,0.32829976
5403,0.34342278
5404,0.35854580
5405,0.37366881
5406,0.38879183
5407,0.40391485
5408,0.41903787
5409,0.43416088
5410,0.44928390
5411,0.46275160
5412,0.47621931
5413,0.48968701
5414,0.50315471
5415,0.51662242
5416,0.53009012
5417,0.54355782
5418,0.55702553
5419,0.57049323
5420,0.58396093
5421,0.59012327
5422,0.59628560
5423,0.60244793
5424,0.60861027
5425,0.61477260
5426,0.62093493
5427,0.62709727
5428,0.63325960
5429,0.63942193
5430,0.64558426
5431,0.64721603
5432,0.64884779
5433,0.65047956
5434,0.65211132
5435,0.65374309
5436,0.65537485
5437,0.65700661
5438,0.65863838
5439,0.66027014
5440,0.66190191
5441,0.66240556
5442,0.66290922
5443,0.66341288
5444,0.66391653
5445,0.66442019
5446,0.66492385
5447,0.66542750
5448,0.66593116
5449,0.66643482
5450,0.66693847
5451,0.66721800
5452,0.66749754
5453,0.66777707
5454,0.66805660
5455,0.66833613
5456,0.66861566
5457,0.66889519
5458,0.66917472
5459,0.66945425
5460,0.66973378
5461,0.66993896
5462,0.67014413
5463,0.67034931
5464,0.67055448
5465,0.67075966
5466,0.67096483
5467,0.67117001
5468,0.67137518
5469,0.67158036
5470,0.67178553
5471,0.67195999
5472,0.67213446
5473,0.67230892
5474,0.67248338
5475,0.67265784
5476,0.67283231
5477,0.67300677
5478,0.67318123
5479,0.67335569
5480,0.67353016
5481,0.67361357
5482,0.67369699
5483,0.67378040
5484,0.67386382
5485,0.67394724
5486,0.67403065
5487,0.67411407
5488,0.67419749
5489,0.67428090
5490,0.67436432
5491,0.67450751
5492,0.67465070
5493,0.67479388
5494,0.67493707
5495,0.67508026
5496,0.67522345
5497,0.67536664
5498,0.67550983
5499,0.67565301
5500,0.67579620
5501,0.67593864
5502,0.67608108
5503,0.67622353
5504,0.67636597
5505,0.67650841
5506,0.67665085
5507,0.67679329
5508,0.67693573
5509,0.67707817
5510,0.67722062
5511,0.67738272
5512,0.67754483
5513,0.67770694
5514,0.67786905
5515,0.67803116
5516,0.67819326
5517,0.67835537
5518,0.67851748
5519,0.67867959
5520,0.67884170
5521,0.67894832
5522,0.67905495
5523,0.67916157
5524,0.67926820
5525,0.67937483
5526,0.67948145
5527,0.67958808
5528,0.67969470
5529,0.67980133
5530,0.67990796
5531,0.68007691
5532,0.68024587
5533,0.68041482
5534,0.68058378
5535,0.68075274
5536,0.68092169
5537,0.68109065
5538,0.68125961
5539,0.68142856
5540,0.68159752
5541,0.68174894
5542,0.68190035
5543,0.68205176
5544,0.68220318
5545,0.68235459
5546,0.68250600
5547,0.68265742
5548,0.68280883
5549,0.68296025
5550,0.68311166
5551,0.68321275
5552,0.68331384
5553,0.68341492
5554,0.68351601
5555,0.68361710
5556,0.68371818
5557,0.68381927
5558,0.68392036
5559,0.68402145
5560,0.68412253
5561,0.68424265
5562,0.68436278
5563,0.68448290
5564,0.68460302
5565,0.68472314
5566,0.68484326
5567,0.68496338
5568,0.68508351
5569,0.68520363
5570,0.68532375
5571,0.68547262
5572,0.68562149
5573,0.68577036
5574,0.68591923
5575,0.68606810
5576,0.68621697
5577,0.68636584
5578,0.68651472
5579,0.68666359
5580,0.68681246
5581,0.68693597
5582,0.68705949
5583,0.68718301
5584,0.68730652
5585,0.68743004
5586,0.68755356
5587,0.68767707
5588,0.68780059
5589,0.68792411
5590,0.68804762
5591,0.68816087
5592,0.68827412
5593,0.68838736
5594,0.68850061
5595,0.68861385
5596,0.68872710
5597,0.68884034
5598,0.68895359
5599,0.68906684
5600,0.68918008
5601,0.68926278
5602,0.68934549
5603,0.68942819
5604,0.68951089
5605,0.68959360
5606,0.68967630
5607,0.68975900
5608,0.68984170
5609,0.68992441
5610,0.69000711
5611,0.69013674
5612,0.69026638
5613,0.69039601
5614,0.69052565
5615,0.69065528
5616,0.69078492
5617,0.69091455
5618,0.69104419
5619,0.69117382
5620,0.69130346
5621,0.69140880
5622,0.69151414
5623,0.69161947
5624,0.69172481
5625,0.69183015
5626,0.69193549
5627,0.69204083
5628,0.69214616
5629,0.69225150
5630,0.69235684
5631,0.69244495
5632,0.69253305
5633,0.69262115
5634,0.69270926
5635,0.69279736
5636,0.69288547
5637,0.69297357
5638,0.69306167
5639,0.69314978
5640,0.69323788
5641,0.69339002
5642,0.69354216
5643,0.69369430
5644,0.69384645
5645,0.69399859
5646,0.69415073
5647,0.69430287
5648,0.69445501
5649,0.69460715
5650,0.69475929
5651,0.69484916
5652,0.69493904
5653,0.69502891
5654,0.69511878
5655,0.69520866
5656,0.69529853
5657,0.69538840
5658,0.69547828
5659,0.69556815
5660,0.69565802
5661,0.69573559
5662,0.69581315
5663,0.69589071
5664,0.69596828
5665,0.69604584
5666,0.69612340
5667,0.69620097
5668,0.69627853
5669,0.69635609
5670,0.69643365
5671,0.69651166
5672,0.69658967
5673,0.69666768
5674,0.69674569
5675,0.69682370
5676,0.69690170
5677,0.69697971
5678,0.69705772
5679,0.69713573
5680,0.69721374
5681,0.69730006
5682,0.69738639
5683,0.69747272
5684,0.69755904
5685,0.69764537
5686,0.69773170
5687,0.69781802
5688,0.69790435
5689,0.69799067
5690,0.69807700
5691,0.69817120
5692,0.69826539
5693,0.69835959
5694,0.69845379
5695,0.69854799
5696,0.69864218
5697,0.69873638
5698,0.69883058
5699,0.69892477
5700,0.69901897
5701,0.69917261
5702,0.69932626
5703,0.69947990
5704,0.69963354
5705,0.69978719
5706,0.69994083
5707,0.70009447
5708,0.70024811
5709,0.70040176
5710,0.70055540
5711,0.70064644
5712,0.70073749
5713,0.70082854
5714,0.70091958
5715,0.70101063
5716,0.70110167
5717,0.70119272
5718,0.70128376
5719,0.70137481
5720,0.70146585
5721,0.70154708
5722,0.70162830
5723,0.70170953
5724,0.70179075
5725,0.70187197
5726,0.70195320
5727,0.70203442
5728,0.70211564
5729,0.70219687
5730,0.70227809
5731,0.70236540
5732,0.70245270
5733,0.70254001
5734,0.70262731
5735,0.70271462
5736,0.70280192
5737,0.70288923
5738,0.70297653
5739,0.70306384
5740,0.70315114
5741,0.70322756
5742,0.70330397
5743,0.70338039
5744,0.70345680
5745,0.70353322
5746,0.70360963
5747,0.70368604
5748,0.70376246
5749,0.70383887
5750,0.70391529
5751,0.70399591
5752,0.70407653
5753,0.70415715
5754,0.70423777
5755,0.70431839
5756,0.70439901
5757,0.70447963
5758,0.70456025
5759,0.70464087
5760,0.70472149
5761,0.70479003
5762,0.70485858
5763,0.70492712
5764,0.70499566
5765,0.70506421
5766,0.70513275
5767,0.70520129
5768,0.70526984
5769,0.70533838
5770,0.70540692
5771,0.70549734
5772,0.70558776
5773,0.70567818
5774,0.70576859
5775,0.70585901
5776,0.70594943
5777,0.70603985
5778,0.70613027
5779,0.70622068
5780,0.70631110
5781,0.70639274
5782,0.70647438
5783,0.70655602
5784,0.70663766
5785,0.70671930
5786,0.70680094
5787,0.70688258
5788,0.70696422
5789,0.70704587
5790,0.70712751
5791,0.70722730
5792,0.70732710
5793,0.70742689
5794,0.70752669
5795,0.70762648
5796,0.70772628
5797,0.70782608
5798,0.70792587
5799,0.70802567
5800,0.70812546
5801,0.70818117
5802,0.70823687
5803,0.70829257
5804,0.70834827
5805,0.70840397
5806,0.70845967
5807,0.70851537
5808,0.70857108
5809,0.70862678
5810,0.70868248
5811,0.70877876
5812,0.70887504
5813,0.70897132
5814,0.70906760
5815,0.70916388
5816,0.70926016
5817,0.70935644
5818,0.70945272
5819,0.70954900
5820,0.70964528
5821,0.70969327
5822,0.70974125
5823,0.70978924
5824,0.70983722
5825,0.70988521
5826,0.70993319
5827,0.70998118
5828,0.71002917
5829,0.71007715
5830,0.71012514
5831,0.71018872
5832,0.71025231
5833,0.71031589
5834,0.71037948
5835,0.71044306
5836,0.71050665
5837,0.71057023
5838,0.71063382
5839,0.71069740
5840,0.71076099
5841,0.71088191
5842,0.71100282
5843,0.71112374
5844,0.71124466
5845,0.71136557
5846,0.71148649
5847,0.71160741
5848,0.71172832
5849,0.71184924
5850,0.71197016
5851,0.71202930
5852,0.71208845
5853,0.71214760
5854,0.71220674
5855,0.71226589
5856,0.71232504
5857,0.71238418
5858,0.71244333
5859,0.71250247
5860,0.71256162
5861,0.71260969
5862,0.71265775
5863,0.71270582
5864,0.71275388
5865,0.71280195
5866,0.71285001
5867,0.71289808
5868,0.71294614
5869,0.71299421
5870,0.71304227
5871,0.71310806
5872,0.71317384
5873,0.71323963
5874,0.71330541
5875,0.71337120
5876,0.71343699
5877,0.71350277
5878,0.71356856
5879,0.71363434
5880,0.71370013
5881,0.71371907
5882,0.71373801
5883,0.71375695
5884,0.71377589
5885,0.71379482
5886,0.71381376
5887,0.71383270
5888,0.71385164
5889,0.71387058
5890,0.71388952
5891,0.71393905
5892,0.71398858
5893,0.71403812
5894,0.71408765
5895,0.71413718
5896,0.71418671
5897,0.71423625
5898,0.71428578
5899,0.71433531
5900,0.71438484
5901,0.71449053
5902,0.71459622
5903,0.71470190
5904,0.71480759
5905,0.71491328
5906,0.71501897
5907,0.71512465
5908,0.71523034
5909,0.71533603
5910,0.71544171
5911,0.71552658
5912,0.71561145
5913,0.71569632
5914,0.71578119
5915,0.71586606
5916,0.71595093
5917,0.71603580
5918,0.71612067
5919,0.71620554
5920,0.71629041
5921,0.71635934
5922,0.71642827
5923,0.71649720
5924,0.71656612
5925,0.71663505
5926,0.71670398
5927,0.71677291
5928,0.71684184
5929,0.71691076
5930,0.71697969
5931,0.71703771
5932,0.71709572
5933,0.71715374
5934,0.71721176
5935,0.71726977
5936,0.71732779
5937,0.71738580
5938,0.71744382
5939,0.71750184
5940,0.71755985
5941,0.71760008
5942,0.71764031
5943,0.71768054
5944,0.71772077
5945,0.71776100
5946,0.71780123
5947,0.71784146
5948,0.71788169
5949,0.71792192
5950,0.71796215
5951,0.71799985
5952,0.71803755
5953,0.71807526
5954,0.71811296
5955,0.71815066
5956,0.71818836
5957,0.71822607
5958,0.71826377
5959,0.71830147
5960,0.71833918
5961,0.71840108
5962,0.71846299
5963,0.71852489
5964,0.71858680
5965,0.71864870
5966,0.71871061
5967,0.71877251
5968,0.71883442
5969,0.71889632
5970,0.71895823
5971,0.71896661
5972,0.71897500
5973,0.71898339
5974,0.71899177
5975,0.71900016
5976,0.71900854
5977,0.71901693
5978,0.71902531
5979,0.71903370
5980,0.71904209
5981,0.71911972
5982,0.71919736
5983,0.71927500
5984,0.71935264
5985,0.71943028
5986,0.71950792
5987,0.71958556
5988,0.71966320
5989,0.71974083
5990,0.71981847
5991,0.71989234
5992,0.71996620
5993,0.72004006
5994,0.72011392
5995,0.72018779
5996,0.72026165
5997,0.72033551
5998,0.72040937
5999,0.72048324
6000,0.72055710
6001,0.72060202
6002,0.72064694
6003,0.72069186
6004,0.72073678
6005,0.72078171
6006,0.72082663
6007,0.72087155
6008,0.72091647
6009,0.72096139
6010,0.72100631
6011,0.72104602
6012,0.72108573
6013,0.72112545
6014,0.72116516
6015,0.72120487
6016,0.72124458
6017,0.72128429
6018,0.72132400
6019,0.72136371
6020,0.72140342
6021,0.72143886
6022,0.72147430
6023,0.72150974
6024,0.72154517
6025,0.72158061
6026,0.72161605
6027,0.72165149
6028,0.72168693
6029,0.72172237
6030,0.72175781
6031,0.72182080
6032,0.72188380
6033,0.72194680
6034,0.72200980
6035,0.72207280
6036,0.72213580
6037,0.72219880
6038,0.72226180
6039,0.72232480
6040,0.72238780
6041,0.72243616
6042,0.72248452
6043,0.72253288
6044,0.72258125
6045,0.72262961
6046,0.72267797
6047,0.72272633
6048,0.72277469
6049,0.72282305
6050,0.72287141
6051,0.72289145
6052,0.72291148
6053,0.72293151
6054,0.72295154
6055,0.72297157
6056,0.72299161
6057,0.72301164
6058,0.72303167
6059,0.72305170
6060,0.72307173
6061,0.72314748
6062,0.72322322
6063,0.72329896
6064,0.72337470
6065,0.72345045
6066,0.72352619
6067,0.72360193
6068,0.72367768
6069,0.72375342
6070,0.72382916
6071,0.72381610
6072,0.72380305
6073,0.72378999
6074,0.72377693
6075,0.72376388
6076,0.72375082
6077,0.72373776
6078,0.72372471
6079,0.72371165
6080,0.72369859
6081,0.72369218
6082,0.72368577
6083,0.72367936
6084,0.72367296
6085,0.72366655
6086,0.72366014
6087,0.72365373
6088,0.72364732
6089,0.72364091
6090,0.72363450
6091,0.72367143
6092,0.72370836
6093,0.72374528
6094,0.72378221
6095,0.72381914
6096,0.72385607
6097,0.72389299
6098,0.72392992
6099,0.72396685
6100,0.72400378
6101,0.72404519
6102,0.72408661
6103,0.72412803
6104,0.72416945
6105,0.72421087
6106,0.72425229
6107,0.72429371
6108,0.72433513
6109,0.72437655
6110,0.72441796
6111,0.72440734
6112,0.72439671
6113,0.72438608
6114,0.72437545
6115,0.72436483
6116,0.72435420
6117,0.72434357
6118,0.72433294
6119,0.72432231
6120,0.72431169
6121,0.72430123
6122,0.72429077
6123,0.72428030
6124,0.72426984
6125,0.72425938
6126,0.72424892
6127,0.72423846
6128,0.72422800
6129,0.72421754
6130,0.72420708
6131,0.72425119
6132,0.72429530
6133,0.72433940
6134,0.72438351
6135,0.72442762
6136,0.72447173
6137,0.72451584
6138,0.72455994
6139,0.72460405
6140,0.72464816
6141,0.72466016
6142,0.72467217
6143,0.72468417
6144,0.72469618
6145,0.72470818
6146,0.72472019
6147,0.72473219
6148,0.72474420
6149,0.72475620
6150,0.72476821
6151,0.72478888
6152,0.72480956
6153,0.72483023
6154,0.72485091
6155,0.72487158
6156,0.72489225
6157,0.72491293
6158,0.72493360
6159,0.72495428
6160,0.72497495
6161,0.72500397
6162,0.72503299
6163,0.72506201
6164,0.72509103
6165,0.72512005
6166,0.72514906
6167,0.72517808
6168,0.72520710
6169,0.72523612
6170,0.72526514
6171,0.72527705
6172,0.72528897
6173,0.72530088
6174,0.72531279
6175,0.72532471
6176,0.72533662
6177,0.72534854
6178,0.72536045
6179,0.72537236
6180,0.72538428
6181,0.72539958
6182,0.72541489
6183,0.72543020
6184,0.72544551
6185,0.72546082
6186,0.72547612
6187,0.72549143
6188,0.72550674
6189,0.72552205
6190,0.72553736
6191,0.72551962
6192,0.72550188
6193,0.72548414
6194,0.72546640
6195,0.72544866
6196,0.72543092
6197,0.72541318
6198,0.72539545
6199,0.72537771
6200,0.72535997
6201,0.72540863
6202,0.72545729
6203,0.72550596
6204,0.72555462
6205,0.72560328
6206,0.72565194
6207,0.72570061
6208,0.72574927
6209,0.72579793
6210,0.72584659
6211,0.72584522
6212,0.72584385
6213,0.72584248
6214,0.72584111
6215,0.72583974
6216,0.72583837
6217,0.72583699
6218,0.72583562
6219,0.72583425
6220,0.72583288
6221,0.72586891
6222,0.72590495
6223,0.72594098
6224,0.72597701
6225,0.72601304
6226,0.72604908
6227,0.72608511
6228,0.72612114
6229,0.72615717
6230,0.72619321
6231,0.72622042
6232,0.72624764
6233,0.72627486
6234,0.72630207
6235,0.72632929
6236,0.72635651
6237,0.72638372
6238,0.72641094
6239,0.72643816
6240,0.72646537
6241,0.72644520
6242,0.72642503
6243,0.72640486
6244,0.72638469
6245,0.72636452
6246,0.72634435
6247,0.72632418
6248,0.72630401
6249,0.72628384
6250,0.72626367
6251,0.72629680
6252,0.72632994
6253,0.72636307
6254,0.72639621
6255,0.72642934
6256,0.72646248
6257,0.72649561
6258,0.72652875
6259,0.72656188
6260,0.72659501
6261,0.72658384
6262,0.72657267
6263,0.72656150
6264,0.72655033
6265,0.72653916
6266,0.72652799
6267,0.72651682
6268,0.72650565
6269,0.72649448
6270,0.72648331
6271,0.72652775
6272,0.72657219
6273,0.72661662
6274,0.72666106
6275,0.72670549
6276,0.72674993
6277,0.72679437
6278,0.72683880
6279,0.72688324
6280,0.72692768
6281,0.72693557
6282,0.72694346
6283,0.72695135
6284,0.72695924
6285,0.72696714
6286,0.72697503
6287,0.72698292
6288,0.72699081
6289,0.72699870
6290,0.72700660
6291,0.72698691
6292,0.72696722
6293,0.72694753
6294,0.72692785
6295,0.72690816
6296,0.72688847
6297,0.72686878
6298,0.72684909
6299,0.72682940
6300,0.72680972
6301,0.72682014
6302,0.72683056
6303,0.72684097
6304,0.72685139
6305,0.72686181
6306,0.72687223
6307,0.72688265
6308,0.72689307
6309,0.72690349
6310,0.72691391
6311,0.72692777
6312,0.72694164
6313,0.72695550
6314,0.72696936
6315,0.72698323
6316,0.72699709
6317,0.72701095
6318,0.72702482
6319,0.72703868
6320,0.72705255
6321,0.72707827
6322,0.72710399
6323,0.72712971
6324,0.72715543
6325,0.72718116
6326,0.72720688
6327,0.72723260
6328,0.72725832
6329,0.72728404
6330,0.72730977
6331,0.72730017
6332,0.72729058
6333,0.72728099
6334,0.72727140
6335,0.72726181
6336,0.72725222
6337,0.72724263
6338,0.72723303
6339,0.72722344
6340,0.72721385
6341,0.72720324
6342,0.72719263
6343,0.72718203
6344,0.72717142
6345,0.72716081
6346,0.72715020
6347,0.72713959
6348,0.72712898
6349,0.72711837
6350,0.72710776
6351,0.72714985
6352,0.72719194
6353,0.72723402
6354,0.72727611
6355,0.72731820
6356,0.72736028
6357,0.72740237
6358,0.72744446
6359,0.72748654
6360,0.72752863
6361,0.72757890
6362,0.72762917
6363,0.72767944
6364,0.72772971
6365,0.72777998
6366,0.72783025
6367,0.72788051
6368,0.72793078
6369,0.72798105
6370,0.72803132
6371,0.72805649
6372,0.72808165
6373,0.72810682
6374,0.72813198
6375,0.72815715
6376,0.72818231
6377,0.72820748
6378,0.72823265
6379,0.72825781
6380,0.72828298
6381,0.72834800
6382,0.72841302
6383,0.72847804
6384,0.72854306
6385,0.72860808
6386,0.72867310
6387,0.72873812
6388,0.72880314
6389,0.72886816
6390,0.72893318
6391,0.72894005
6392,0.72894692
6393,0.72895378
6394,0.72896065
6395,0.72896752
6396,0.72897439
6397,0.72898126
6398,0.72898812
6399,0.72899499
6400,0.72900186
6401,0.72897140
6402,0.72894095
6403,0.72891049
6404,0.72888003
6405,0.72884958
6406,0.72881912
6407,0.72878866
6408,0.72875820
6409,0.72872775
6410,0.72869729
6411,0.72863527
6412,0.72857326
6413,0.72851124
6414,0.72844922
6415,0.72838721
6416,0.72832519
6417,0.72826317
6418,0.72820116
6419,0.72813914
6420,0.72807712
6421,0.72805726
6422,0.72803740
6423,0.72801753
6424,0.72799767
6425,0.72797781
6426,0.72795794
6427,0.72793808
6428,0.72791822
6429,0.72789835
6430,0.72787849
6431,0.72788389
6432,0.72788929
6433,0.72789469
6434,0.72790009
6435,0.72790549
6436,0.72791089
6437,0.72791629
6438,0.72792169
6439,0.72792710
6440,0.72793250
6441,0.72793882
6442,0.72794513
6443,0.72795145
6444,0.72795777
6445,0.72796409
6446,0.72797041
6447,0.72797673
6448,0.72798305
6449,0.72798937
6450,0.72799569
6451,0.72808035
6452,0.72816501
6453,0.72824966
6454,0.72833432
6455,0.72841898
6456,0.72850364
6457,0.72858830
6458,0.72867295
6459,0.72875761
6460,0.72884227
6461,0.72884319
6462,0.72884411
6463,0.72884503
6464,0.72884595
6465,0.72884687
6466,0.72884778
6467,0.72884870
6468,0.72884962
6469,0.72885054
6470,0.72885146
6471,0.72881377
6472,0.72877607
6473,0.72873838
6474,0.72870068
6475,0.72866298
6476,0.72862529
6477,0.72858759
6478,0.72854990
6479,0.72851220
6480,0.72847451
6481,0.72849072
6482,0.72850694
6483,0.72852315
6484,0.72853937
6485,0.72855558
6486,0.72857180
6487,0.72858802
6488,0.72860423
6489,0.72862045
6490,0.72863666
6491,0.72865305
6492,0.72866943
6493,0.72868582
6494,0.72870220
6495,0.72871859
6496,0.72873497
6497,0.72875136
6498,0.72876774
6499,0.72878412
6500,0.72880051
6501,0.72885222
6502,0.72890393
6503,0.72895563
6504,0.72900734
6505,0.72905905
6506,0.72911076
6507,0.72916247
6508,0.72921418
6509,0.72926589
6510,0.72931760
6511,0.72936211
6512,0.72940663
6513,0.72945115
6514,0.72949566
6515,0.72954018
6516,0.72958469
6517,0.72962921
6518,0.72967373
6519,0.72971824
6520,0.72976276
6521,0.72972853
6522,0.72969430
6523,0.72966007
6524,0.72962584
6525,0.72959161
6526,0.72955738
6527,0.72952315
6528,0.72948892
6529,0.72945469
6530,0.72942046
6531,0.72934682
6532,0.72927318
6533,0.72919953
6534,0.72912589
6535,0.72905224
6536,0.72897860
6537,0.72890495
6538,0.72883131
6539,0.72875766
6540,0.72868402
6541,0.72867157
6542,0.72865912
6543,0.72864667
6544,0.72863422
6545,0.72862177
6546,0.72860932
6547,0.72859686
6548,0.72858441
6549,0.72857196
6550,0.72855951
6551,0.72854658
6552,0.72853365
6553,0.72852073
6554,0.72850780
6555,0.72849487
6556,0.72848194
6557,0.72846901
6558,0.72845608
6559,0.72844315
6560,0.72843022
6561,0.72843221
6562,0.72843420
6563,0.72843619
6564,0.72843818
6565,0.72844017
6566,0.72844216
6567,0.72844415
6568,0.72844614
6569,0.72844813
6570,0.72845012
6571,0.72838373
6572,0.72831735
6573,0.72825096
6574,0.72818458
6575,0.72811820
6576,0.72805181
6577,0.72798543
6578,0.72791904
6579,0.72785266
6580,0.72778628
6581,0.72777270
6582,0.72775912
6583,0.72774555
6584,0.72773197
6585,0.72771839
6586,0.72770481
6587,0.72769124
6588,0.72767766
6589,0.72766408
6590,0.72765050
6591,0.72762401
6592,0.72759752
6593,0.72757103
6594,0.72754454
6595,0.72751806
6596,0.72749157
6597,0.72746508
6598,0.72743859
6599,0.72741210
6600,0.72738561
6601,0.72735740
6602,0.72732920
6603,0.72730100
6604,0.72727279
6605,0.72724459
6606,0.72721639
6607,0.72718819
6608,0.72715998
6609,0.72713178
6610,0.72710358
6611,0.72712256
6612,0.72714155
6613,0.72716053
6614,0.72717952
6615,0.72719850
6616,0.72721749
6617,0.72723648
6618,0.72725546
6619,0.72727445
6620,0.72729343
6621,0.72721009
6622,0.72712674
6623,0.72704339
6624,0.72696004
6625,0.72687670
6626,0.72679335
6627,0.72671000
6628,0.72662666
6629,0.72654331
6630,0.72645996
6631,0.72639932
6632,0.72633869
6633,0.72627805
6634,0.72621741
6635,0.72615677
6636,0.72609613
6637,0.72603550
6638,0.72597486
6639,0.72591422
6640,0.72585358
6641,0.72579532
6642,0.72573705
6643,0.72567879
6644,0.72562052
6645,0.72556226
6646,0.72550399
6647,0.72544573
6648,0.72538746
6649,0.72532920
6650,0.72527093
6651,0.72526015
6652,0.72524937
6653,0.72523859
6654,0.72522781
6655,0.72521703
6656,0.72520625
6657,0.72519547
6658,0.72518468
6659,0.72517390
6660,0.72516312
6661,0.72517526
6662,0.72518739
6663,0.72519952
6664,0.72521166
6665,0.72522379
6666,0.72523592
6667,0.72524806
6668,0.72526019
6669,0.72527232
6670,0.72528446
6671,0.72527087
6672,0.72525729
6673,0.72524370
6674,0.72523012
6675,0.72521653
6676,0.72520295
6677,0.72518936
6678,0.72517578
6679,0.72516220
6680,0.72514861
6681,0.72516746
6682,0.72518631
6683,0.72520515
6684,0.72522400
6685,0.72524285
6686,0.72526170
6687,0.72528055
6688,0.72529939
6689,0.72531824
6690,0.72533709
6691,0.72531101
6692,0.72528494
6693,0.72525886
6694,0.72523279
6695,0.72520671
6696,0.72518063
6697,0.72515456
6698,0.72512848
6699,0.72510241
6700,0.72507633
6701,0.72505710
6702,0.72503786
6703,0.72501863
6704,0.72499939
6705,0.72498016
6706,0.72496093
6707,0.72494169
6708,0.72492246
6709,0.72490322
6710,0.72488399
6711,0.72488026
6712,0.72487653
6713,0.72487280
6714,0.72486907
6715,0.72486534
6716,0.72486161
6717,0.72485788
6718,0.72485415
6719,0.72485042
6720,0.72484669
6721,0.72487043
6722,0.72489416
6723,0.72491789
6724,0.72494163
6725,0.72496536
6726,0.72498909
6727,0.72501283
6728,0.72503656
6729,0.72506029
6730,0.72508402
6731,0.72507296
6732,0.72506190
6733,0.72505083
6734,0.72503977
6735,0.72502870
6736,0.72501764
6737,0.72500658
6738,0.72499551
6739,0.72498445
6740,0.72497338
6741,0.72493820
6742,0.72490302
6743,0.72486784
6744,0.72483266
6745,0.72479747
6746,0.72476229
6747,0.72472711
6748,0.72469193
6749,0.72465674
6750,0.72462156
6751,0.72459568
6752,0.72456979
6753,0.72454391
6754,0.72451802
6755,0.72449214
6756,0.72446626
6757,0.72444037
6758,0.72441449
6759,0.72438860
6760,0.72436272
6761,0.72439946
6762,0.72443620
6763,0.72447293
6764,0.72450967
6765,0.72454641
6766,0.72458315
6767,0.72461989
6768,0.72465663
6769,0.72469336
6770,0.72473010
6771,0.72478599
6772,0.72484188
6773,0.72489776
6774,0.72495365
6775,0.72500954
6776,0.72506542
6777,0.72512131
6778,0.72517720
6779,0.72523308
6780,0.72528897
6781,0.72527212
6782,0.72525527
6783,0.72523842
6784,0.72522158
6785,0.72520473
6786,0.72518788
6787,0.72517103
6788,0.72515418
6789,0.72513733
6790,0.72512048
6791,0.72510724
6792,0.72509400
6793,0.72508077
6794,0.72506753
6795,0.72505429
6796,0.72504105
6797,0.72502781
6798,0.72501457
6799,0.72500133
6800,0.72498809
6801,0.72511502
6802,0.72524195
6803,0.72536888
6804,0.72549581
6805,0.72562274
6806,0.72574967
6807,0.72587660
6808,0.72600353
6809,0.72613046
6810,0.72625739
6811,0.72625008
6812,0.72624276
6813,0.72623544
6814,0.72622813
6815,0.72622081
6816,0.72621349
6817,0.72620617
6818,0.72619886
6819,0.72619154
6820,0.72618422
6821,0.72621124
6822,0.72623825
6823,0.72626527
6824,0.72629229
6825,0.72631930
6826,0.72634632
6827,0.72637333
6828,0.72640035
6829,0.72642736
6830,0.72645438
6831,0.72646323
6832,0.72647208
6833,0.72648094
6834,0.72648979
6835,0.72649864
6836,0.72650749
6837,0.72651634
6838,0.72652519
6839,0.72653405
6840,0.72654290
6841,0.72650759
6842,0.72647229
6843,0.72643699
6844,0.72640169
6845,0.72636638
6846,0.72633108
6847,0.72629578
6848,0.72626047
6849,0.72622517
6850,0.72618987
6851,0.72623074
6852,0.72627160
6853,0.72631247
6854,0.72635333
6855,0.72639420
6856,0.72643507
6857,0.72647593
6858,0.72651680
6859,0.72655766
6860,0.72659853
6861,0.72664456
6862,0.72669059
6863,0.72673662
6864,0.72678266
6865,0.72682869
6866,0.72687472
6867,0.72692075
6868,0.72696678
6869,0.72701281
6870,0.72705884
6871,0.72702924
6872,0.72699964
6873,0.72697004
6874,0.72694044
6875,0.72691084
6876,0.72688124
6877,0.72685164
6878,0.72682204
6879,0.72679244
6880,0.72676284
6881,0.72676707
6882,0.72677130
6883,0.72677553
6884,0.72677976
6885,0.72678398
6886,0.72678821
6887,0.72679244
6888,0.72679667
6889,0.72680090
6890,0.72680512
6891,0.72681506
6892,0.72682499
6893,0.72683493
6894,0.72684486
6895,0.72685479
6896,0.72686473
6897,0.72687466
6898,0.72688460
6899,0.72689453
6900,0.72690446
6901,0.72687532
6902,0.72684617
6903,0.72681702
6904,0.72678787
6905,0.72675872
6906,0.72672957
6907,0.72670042
6908,0.72667127
6909,0.72664212
6910,0.72661298
6911,0.72666882
6912,0.72672466
6913,0.72678050
6914,0.72683635
6915,0.72689219
6916,0.72694803
6917,0.72700387
6918,0.72705972
6919,0.72711556
6920,0.72717140
6921,0.72715820
6922,0.72714499
6923,0.72713179
6924,0.72711859
6925,0.72710538
6926,0.72709218
6927,0.72707898
6928,0.72706577
6929,0.72705257
6930,0.72703937
6931,0.72699567
6932,0.72695197
6933,0.72690827
6934,0.72686457
6935,0.72682087
6936,0.72677718
6937,0.72673348
6938,0.72668978
6939,0.72664608
6940,0.72660238
6941,0.72663804
6942,0.72667370
6943,0.72670937
6944,0.72674503
6945,0.72678069
6946,0.72681635
6947,0.72685201
6948,0.72688768
6949,0.72692334
6950,0.72695900
6951,0.72690593
6952,0.72685286
6953,0.72679978
6954,0.72674671
6955,0.72669364
6956,0.72664057
6957,0.72658750
6958,0.72653442
6959,0.72648135
6960,0.72642828
6961,0.72644911
6962,0.72646994
6963,0.72649077
6964,0.72651160
6965,0.72653243
6966,0.72655326
6967,0.72657409
6968,0.72659492
6969,0.72661575
6970,0.72663658
6971,0.72666603
6972,0.72669548
6973,0.72672493
6974,0.72675439
6975,0.72678384
6976,0.72681329
6977,0.72684274
6978,0.72687219
6979,0.72690164
6980,0.72693110
6981,0.72689654
6982,0.72686198
6983,0.72682742
6984,0.72679286
6985,0.72675830
6986,0.72672374
6987,0.72668918
6988,0.72665462
6989,0.72662007
6990,0.72658551
6991,0.72656066
6992,0.72653581
6993,0.72651096
6994,0.72648611
6995,0.72646126
6996,0.72643641
6997,0.72641156
6998,0.72638672
6999,0.72636187
7000,0.72633702
7001,0.72635886
7002,0.72638071
7003,0.72640255
7004,0.72642440
7005,0.72644624
7006,0.72646809
7007,0.72648993
7008,0.72651177
7009,0.72653362
7010,0.72655546
7011,0.72650710
7012,0.72645875
7013,0.72641039
7014,0.72636203
7015,0.72631367
7016,0.72626531
7017,0.72621695
7018,0.72616859
7019,0.72612023
7020,0.72607187
7021,0.72600998
7022,0.72594808
7023,0.72588619
7024,0.72582429
7025,0.72576240
7026,0.72570050
7027,0.72563861
7028,0.72557671
7029,0.72551482
7030,0.72545292
7031,0.72549162
7032,0.72553032
7033,0.72556902
7034,0.72560772
7035,0.72564641
7036,0.72568511
7037,0.72572381
7038,0.72576251
7039,0.72580121
7040,0.72583991
7041,0.72584409
7042,0.72584828
7043,0.72585247
7044,0.72585666
7045,0.72586085
7046,0.72586504
7047,0.72586923
7048,0.72587342
7049,0.72587760
7050,0.72588179
7051,0.72582474
7052,0.72576769
7053,0.72571064
7054,0.72565360
7055,0.72559655
7056,0.72553950
7057,0.72548245
7058,0.72542540
7059,0.72536835
7060,0.72531130
7061,0.72529208
7062,0.72527286
7063,0.72525364
7064,0.72523442
7065,0.72521520
7066,0.72519598
7067,0.72517677
7068,0.72515755
7069,0.72513833
7070,0.72511911
7071,0.72509763
7072,0.72507615
7073,0.72505467
7074,0.72503319
7075,0.72501172
7076,0.72499024
7077,0.72496876
7078,0.72494728
7079,0.72492580
7080,0.72490432
7081,0.72478408
7082,0.72466383
7083,0.72454359
7084,0.72442335
7085,0.72430310
7086,0.72418286
7087,0.72406261
7088,0.72394237
7089,0.72382212
7090,0.72370188
7091,0.72377578
7092,0.72384967
7093,0.72392357
7094,0.72399746
7095,0.72407136
7096,0.72414525
7097,0.72421915
7098,0.72429304
7099,0.72436694
7100,0.72444083
7101,0.72440645
7102,0.72437208
7103,0.72433770
7104,0.72430333
7105,0.72426895
7106,0.72423457
7107,0.72420020
7108,0.72416582
7109,0.72413144
7110,0.72409707
7111,0.72404065
7112,0.72398423
7113,0.72392782
7114,0.72387140
7115,0.72381499
7116,0.72375857
7117,0.72370215
7118,0.72364574
7119,0.72358932
7120,0.72353290
7121,0.72349606
7122,0.72345921
7123,0.72342237
7124,0.72338553
7125,0.72334868
7126,0.72331184
7127,0.72327499
7128,0.72323815
7129,0.72320130
7130,0.72316446
7131,0.72314417
7132,0.72312389
7133,0.72310360
7134,0.72308332
7135,0.72306303
7136,0.72304275
7137,0.72302246
7138,0.72300218
7139,0.72298189
7140,0.72296161
7141,0.72298606
7142,0.72301052
7143,0.72303497
7144,0.72305943
7145,0.72308388
7146,0.72310834
7147,0.72313279
7148,0.72315725
7149,0.72318170
7150,0.72320615
7151,0.72320142
7152,0.72319669
7153,0.72319196
7154,0.72318723
7155,0.72318250
7156,0.72317776
7157,0.72317303
7158,0.72316830
7159,0.72316357
7160,0.72315884
7161,0.72310197
7162,0.72304511
7163,0.72298824
7164,0.72293138
7165,0.72287451
7166,0.72281765
7167,0.72276078
7168,0.72270392
7169,0.72264705
7170,0.72259019
7171,0.72249607
7172,0.72240195
7173,0.72230783
7174,0.72221371
7175,0.72211959
7176,0.72202547
7177,0.72193135
7178,0.72183723
7179,0.72174311
7180,0.72164899
7181,0.72166387
7182,0.72167876
7183,0.72169364
7184,0.72170853
7185,0.72172342
7186,0.72173830
7187,0.72175319
7188,0.72176808
7189,0.72178296
7190,0.72179785
7191,0.72189028
7192,0.72198271
7193,0.72207514
7194,0.72216757
7195,0.72226001
7196,0.72235244
7197,0.72244487
7198,0.72253730
7199,0.72262973
7200,0.72272216
7201,0.72266053
7202,0.72259889
7203,0.72253726
7204,0.72247562
7205,0.72241399
7206,0.72235235
7207,0.72229071
7208,0.72222908
7209,0.72216744
7210,0.72210581
7211,0.72207223
7212,0.72203865
7213,0.72200508
7214,0.72197150
7215,0.72193792
7216,0.72190434
7217,0.72187077
7218,0.72183719
7219,0.72180361
7220,0.72177004
7221,0.72181749
7222,0.72186495
7223,0.72191241
7224,0.72195986
7225,0.72200732
7226,0.72205478
7227,0.72210224
7228,0.72214969
7229,0.72219715
7230,0.72224461
7231,0.72221688
7232,0.72218915
7233,0.72216142
7234,0.72213369
7235,0.72210596
7236,0.72207823
7237,0.72205050
7238,0.72202277
7239,0.72199504
7240,0.72196732
7241,0.72189098
7242,0.72181464
7243,0.72173831
7244,0.72166197
7245,0.72158564
7246,0.72150930
7247,0.72143297
7248,0.72135663
7249,0.72128030
7250,0.72120396
7251,0.72116273
7252,0.72112150
7253,0.72108026
7254,0.72103903
7255,0.72099780
7256,0.72095657
7257,0.72091533
7258,0.72087410
7259,0.72083287
7260,0.72079164
7261,0.72087155
7262,0.72095147
7263,0.72103139
7264,0.72111130
7265,0.72119122
7266,0.72127114
7267,0.72135105
7268,0.72143097
7269,0.72151089
7270,0.72159080
7271,0.72152775
7272,0.72146471
7273,0.72140166
7274,0.72133861
7275,0.72127556
7276,0.72121251
7277,0.72114947
7278,0.72108642
7279,0.72102337
7280,0.72096032
7281,0.72091997
7282,0.72087962
7283,0.72083927
7284,0.72079892
7285,0.72075857
7286,0.72071823
7287,0.72067788
7288,0.72063753
7289,0.72059718
7290,0.72055683
7291,0.72060646
7292,0.72065610
7293,0.72070574
7294,0.72075537
7295,0.72080501
7296,0.72085465
7297,0.72090428
7298,0.72095392
7299,0.72100356
7300,0.72105319
7301,0.72102702
7302,0.72100085
7303,0.72097468
7304,0.72094850
7305,0.72092233
7306,0.72089616
7307,0.72086999
7308,0.72084382
7309,0.72081764
7310,0.72079147
7311,0.72076353
7312,0.72073558
7313,0.72070764
7314,0.72067969
7315,0.72065174
7316,0.72062380
7317,0.72059585
7318,0.72056791
7319,0.72053996
7320,0.72051201
7321,0.72042037
7322,0.72032873
7323,0.72023709
7324,0.72014545
7325,0.72005381
7326,0.71996216
7327,0.71987052
7328,0.71977888
7329,0.71968724
7330,0.71959560
7331,0.71959516
7332,0.71959473
7333,0.71959430
7334,0.71959387
7335,0.71959343
7336,0.71959300
7337,0.71959257
7338,0.71959213
7339,0.71959170
7340,0.71959127
7341,0.71957890
7342,0.71956654
7343,0.71955418
7344,0.71954182
7345,0.71952946
7346,0.71951709
7347,0.71950473
7348,0.71949237
7349,0.71948001
7350,0.71946765
7351,0.71946969
7352,0.71947173
7353,0.71947378
7354,0.71947582
7355,0.71947786
7356,0.71947991
7357,0.71948195
7358,0.71948399
7359,0.71948604
7360,0.71948808
7361,0.71944358
7362,0.71939909
7363,0.71935459
7364,0.71931010
7365,0.71926560
7366,0.71922111
7367,0.71917661
7368,0.71913212
7369,0.71908762
7370,0.71904313
7371,0.71895398
7372,0.71886484
7373,0.71877570
7374,0.71868656
7375,0.71859742
7376,0.71850828
7377,0.71841914
7378,0.71832999
7379,0.71824085
7380,0.71815171
7381,0.71817567
7382,0.71819964
7383,0.71822360
7384,0.71824756
7385,0.71827153
7386,0.71829549
7387,0.71831945
7388,0.71834342
7389,0.71836738
7390,0.71839134
7391,0.71832677
7392,0.71826220
7393,0.71819763
7394,0.71813306
7395,0.71806849
7396,0.71800392
7397,0.71793935
7398,0.71787478
7399,0.71781021
7400,0.71774564
7401,0.71767337
7402,0.71760111
7403,0.71752884
7404,0.71745657
7405,0.71738431
7406,0.71731204
7407,0.71723977
7408,0.71716751
7409,0.71709524
7410,0.71702297
7411,0.71697335
7412,0.71692373
7413,0.71687411
7414,0.71682449
7415,0.71677487
7416,0.71672526
7417,0.71667564
7418,0.71662602
7419,0.71657640
7420,0.71652678
7421,0.71655459
7422,0.71658241
7423,0.71661022
7424,0.71663804
7425,0.71666585
7426,0.71669367
7427,0.71672148
7428,0.71674930
7429,0.71677712
7430,0.71680493
7431,0.71679173
7432,0.71677853
7433,0.71676533
7434,0.71675213
7435,0.71673894
7436,0.71672574
7437,0.71671254
7438,0.71669934
7439,0.71668614
7440,0.71667294
7441,0.71667302
7442,0.71667310
7443,0.71667319
7444,0.71667327
7445,0.71667335
7446,0.71667343
7447,0.71667351
7448,0.71667359
7449,0.71667367
7450,0.71667376
7451,0.71659998
7452,0.71652620
7453,0.71645242
7454,0.71637864
7455,0.71630487
7456,0.71623109
7457,0.71615731
7458,0.71608353
7459,0.71600976
7460,0.71593598
7461,0.71581501
7462,0.71569404
7463,0.71557307
7464,0.71545210
7465,0.71533112
7466,0.71521015
7467,0.71508918
7468,0.71496821
7469,0.71484724
7470,0.71472627
7471,0.71470150
7472,0.71467672
7473,0.71465195
7474,0.71462718
7475,0.71460240
7476,0.71457763
7477,0.71455285
7478,0.71452808
7479,0.71450331
7480,0.71447853
7481,0.71444709
7482,0.71441566
7483,0.71438422
7484,0.71435278
7485,0.71432134
7486,0.71428990
7487,0.71425847
7488,0.71422703
7489,0.71419559
7490,0.71416415
7491,0.71399390
7492,0.71382365
7493,0.71365340
7494,0.71348315
7495,0.71331290
7496,0.71314265
7497,0.71297240
7498,0.71280215
7499,0.71263190
7500,0.71246165
7501,0.71238029
7502,0.71229893
7503,0.71221756
7504,0.71213620
7505,0.71205484
7506,0.71197347
7507,0.71189211
7508,0.71181074
7509,0.71172938
7510,0.71164802
7511,0.71167540
7512,0.71170278
7513,0.71173017
7514,0.71175755
7515,0.71178493
7516,0.71181232
7517,0.71183970
7518,0.71186708
7519,0.71189446
7520,0.71192185
7521,0.71187425
7522,0.71182666
7523,0.71177907
7524,0.71173148
7525,0.71168389
7526,0.71163629
7527,0.71158870
7528,0.71154111
7529,0.71149352
7530,0.71144593
7531,0.71146448
7532,0.71148303
7533,0.71150158
7534,0.71152013
7535,0.71153868
7536,0.71155724
7537,0.71157579
7538,0.71159434
7539,0.71161289
7540,0.71163144
7541,0.71156960
7542,0.71150776
7543,0.71144592
7544,0.71138408
7545,0.71132225
7546,0.71126041
7547,0.71119857
7548,0.71113673
7549,0.71107489
7550,0.71101305
7551,0.71088098
7552,0.71074891
7553,0.71061684
7554,0.71048477
7555,0.71035270
7556,0.71022062
7557,0.71008855
7558,0.70995648
7559,0.70982441
7560,0.70969234
7561,0.70961662
7562,0.70954091
7563,0.70946519
7564,0.70938947
7565,0.70931375
7566,0.70923803
7567,0.70916232
7568,0.70908660
7569,0.70901088
7570,0.70893516
7571,0.70889344
7572,0.70885172
7573,0.70881000
7574,0.70876827
7575,0.70872655
7576,0.70868483
7577,0.70864311
7578,0.70860139
7579,0.70855966
7580,0.70851794
7581,0.70843327
7582,0.70834860
7583,0.70826392
7584,0.70817925
7585,0.70809458
7586,0.70800991
7587,0.70792524
7588,0.70784056
7589,0.70775589
7590,0.70767122
7591,0.70756006
7592,0.70744890
7593,0.70733773
7594,0.70722657
7595,0.70711541
7596,0.70700425
7597,0.70689309
7598,0.70678193
7599,0.70667077
7600,0.70655960
7601,0.70652964
7602,0.70649968
7603,0.70646972
7604,0.70643976
7605,0.70640979
7606,0.70637983
7607,0.70634987
7608,0.70631991
7609,0.70628995
7610,0.70625999
7611,0.70625721
7612,0.70625444
7613,0.70625166
7614,0.70624889
7615,0.70624611
7616,0.70624334
7617,0.70624057
7618,0.70623779
7619,0.70623502
7620,0.70623224
7621,0.70609312
7622,0.70595400
7623,0.70581488
7624,0.70567575
7625,0.70553663
7626,0.70539751
7627,0.70525838
7628,0.70511926
7629,0.70498014
7630,0.70484101
7631,0.70479712
7632,0.70475322
7633,0.70470932
7634,0.70466543
7635,0.70462153
7636,0.70457763
7637,0.70453374
7638,0.70448984
7639,0.70444594
7640,0.70440204
7641,0.70436938
7642,0.70433671
7643,0.70430404
7644,0.70427137
7645,0.70423870
7646,0.70420603
7647,0.70417336
7648,0.70414069
7649,0.70410802
7650,0.70407535
7651,0.70394129
7652,0.70380722
7653,0.70367316
7654,0.70353909
7655,0.70340503
7656,0.70327096
7657,0.70313690
7658,0.70300284
7659,0.70286877
7660,0.70273471
7661,0.70269150
7662,0.70264828
7663,0.70260507
7664,0.70256186
7665,0.70251864
7666,0.70247543
7667,0.70243222
7668,0.70238901
7669,0.70234579
7670,0.70230258
7671,0.70228607
7672,0.70226956
7673,0.70225305
7674,0.70223654
7675,0.70222003
7676,0.70220352
7677,0.70218701
7678,0.70217050
7679,0.70215399
7680,0.70213748
7681,0.70204741
7682,0.70195735
7683,0.70186728
7684,0.70177722
7685,0.70168715
7686,0.70159709
7687,0.70150702
7688,0.70141696
7689,0.70132689
7690,0.70123683
7691,0.70116140
7692,0.70108596
7693,0.70101053
7694,0.70093509
7695,0.70085966
7696,0.70078422
7697,0.70070879
7698,0.70063335
7699,0.70055792
7700,0.70048248
7701,0.70048141
7702,0.70048033
7703,0.70047925
7704,0.70047817
7705,0.70047709
7706,0.70047601
7707,0.70047493
7708,0.70047386
7709,0.70047278
7710,0.70047170
7711,0.70036908
7712,0.70026647
7713,0.70016385
7714,0.70006123
7715,0.69995862
7716,0.69985600
7717,0.69975339
7718,0.69965077
7719,0.69954815
7720,0.69944554
7721,0.69938600
7722,0.69932646
7723,0.69926693
7724,0.69920739
7725,0.69914785
7726,0.69908831
7727,0.69902878
7728,0.69896924
7729,0.69890970
7730,0.69885016
7731,0.69882127
7732,0.69879237
7733,0.69876348
7734,0.69873458
7735,0.69870568
7736,0.69867679
7737,0.69864789
7738,0.69861899
7739,0.69859010
7740,0.69856120
7741,0.69837729
7742,0.69819337
7743,0.69800946
7744,0.69782555
7745,0.69764163
7746,0.69745772
7747,0.69727381
7748,0.69708989
7749,0.69690598
7750,0.69672207
7751,0.69658535
7752,0.69644864
7753,0.69631193
7754,0.69617522
7755,0.69603851
7756,0.69590180
7757,0.69576509
7758,0.69562838
7759,0.69549167
7760,0.69535496
7761,0.69531964
7762,0.69528431
7763,0.69524899
7764,0.69521367
7765,0.69517834
7766,0.69514302
7767,0.69510770
7768,0.69507237
7769,0.69503705
7770,0.69500173
7771,0.69491811
7772,0.69483450
7773,0.69475089
7774,0.69466728
7775,0.69458366
7776,0.69450005
7777,0.69441644
7778,0.69433283
7779,0.69424921
7780,0.69416560
7781,0.69409498
7782,0.69402435
7783,0.69395373
7784,0.69388310
7785,0.69381247
7786,0.69374185
7787,0.69367122
7788,0.69360060
7789,0.69352997
7790,0.69345934
7791,0.69347453
7792,0.69348971
7793,0.69350489
7794,0.69352007
7795,0.69353525
7796,0.69355043
7797,0.69356561
7798,0.69358079
7799,0.69359597
7800,0.69361115
7801,0.69354754
7802,0.69348392
7803,0.69342031
7804,0.69335669
7805,0.69329308
7806,0.69322947
7807,0.69316585
7808,0.69310224
7809,0.69303863
7810,0.69297501
7811,0.69289127
7812,0.69280752
7813,0.69272378
7814,0.69264004
7815,0.69255629
7816,0.69247255
7817,0.69238880
7818,0.69230506
7819,0.69222132
7820,0.69213757
7821,0.69205020
7822,0.69196283
7823,0.69187546
7824,0.69178809
7825,0.69170072
7826,0.69161335
7827,0.69152598
7828,0.69143861
7829,0.69135124
7830,0.69126387
7831,0.69111964
7832,0.69097541
7833,0.69083117
7834,0.69068694
7835,0.69054270
7836,0.69039847
7837,0.69025424
7838,0.69011000
7839,0.68996577
7840,0.68982154
7841,0.68972295
7842,0.68962437
7843,0.68952578
7844,0.68942719
7845,0.68932861
7846,0.68923002
7847,0.68913144
7848,0.68903285
7849,0.68893427
7850,0.68883568
7851,0.68879667
7852,0.68875767
7853,0.68871866
7854,0.68867966
7855,0.68864065
7856,0.68860164
7857,0.68856264
7858,0.68852363
7859,0.68848462
7860,0.68844562
7861,0.68831099
7862,0.68817636
7863,0.68804173
7864,0.68790710
7865,0.68777248
7866,0.68763785
7867,0.68750322
7868,0.68736859
7869,0.68723396
7870,0.68709934
7871,0.68694738
7872,0.68679542
7873,0.68664346
7874,0.68649150
7875,0.68633954
7876,0.68618758
7877,0.68603562
7878,0.68588366
7879,0.68573170
7880,0.68557974
7881,0.68547922
7882,0.68537870
7883,0.68527818
7884,0.68517766
7885,0.68507714
7886,0.68497662
7887,0.68487610
7888,0.68477557
7889,0.68467505
7890,0.68457453
7891,0.68449103
7892,0.68440752
7893,0.68432402
7894,0.68424051
7895,0.68415700
7896,0.68407350
7897,0.68398999
7898,0.68390649
7899,0.68382298
7900,0.68373947
7901,0.68361464
7902,0.68348982
7903,0.68336499
7904,0.68324016
7905,0.68311533
7906,0.68299051
7907,0.68286568
7908,0.68274085
7909,0.68261602
7910,0.68249120
7911,0.68245193
7912,0.68241266
7913,0.68237339
7914,0.68233412
7915,0.68229485
7916,0.68225558
7917,0.68221631
7918,0.68217704
7919,0.68213777
7920,0.68209850
7921,0.68200041
7922,0.68190231
7923,0.68180422
7924,0.68170613
7925,0.68160804
7926,0.68150994
7927,0.68141185
7928,0.68131376
7929,0.68121567
7930,0.68111757
7931,0.68096836
7932,0.68081915
7933,0.68066993
7934,0.68052072
7935,0.68037151
7936,0.68022229
7937,0.68007308
7938,0.67992387
7939,0.67977465
7940,0.67962544
7941,0.67942963
7942,0.67923382
7943,0.67903802
7944,0.67884221
7945,0.67864640
7946,0.67845060
7947,0.67825479
7948,0.67805898
7949,0.67786318
7950,0.67766737
7951,0.67750618
7952,0.67734499
7953,0.67718380
7954,0.67702262
7955,0.67686143
7956,0.67670024
7957,0.67653905
7958,0.67637786
7959,0.67621667
7960,0.67605549
7961,0.67599171
7962,0.67592793
7963,0.67586416
7964,0.67580038
7965,0.67573661
7966,0.67567283
7967,0.67560905
7968,0.67554528
7969,0.67548150
7970,0.67541773
7971,0.67531421
7972,0.67521070
7973,0.67510719
7974,0.67500367
7975,0.67490016
7976,0.67479665
7977,0.67469314
7978,0.67458962
7979,0.67448611
7980,0.67438260
7981,0.67426237
7982,0.67414214
7983,0.67402191
7984,0.67390168
7985,0.67378145
7986,0.67366122
7987,0.67354099
7988,0.67342077
7989,0.67330054
7990,0.67318031
7991,0.67303793
7992,0.67289555
7993,0.67275317
7994,0.67261079
7995,0.67246841
7996,0.67232603
7997,0.67218365
7998,0.67204127
7999,0.67189889
8000,0.67175651
8001,0.67155032
8002,0.67134413
8003,0.67113795
8004,0.67093176
8005,0.67072557
8006,0.67051938
8007,0.67031320
8008,0.67010701
8009,0.66990082
8010,0.66969463
8011,0.66957079
8012,0.66944695
8013,0.66932311
8014,0.66919927
8015,0.66907543
8016,0.66895159
8017,0.66882774
8018,0.66870390
8019,0.66858006
8020,0.66845622
8021,0.66823672
8022,0.66801722
8023,0.66779772
8024,0.66757822
8025,0.66735872
8026,0.66713922
8027,0.66691973
8028,0.66670023
8029,0.66648073
8030,0.66626123
8031,0.66605794
8032,0.66585466
8033,0.66565138
8034,0.66544809
8035,0.66524481
8036,0.66504153
8037,0.66483824
8038,0.66463496
8039,0.66443168
8040,0.66422839
8041,0.66417645
8042,0.66412451
8043,0.66407257
8044,0.66402063
8045,0.66396869
8046,0.66391675
8047,0.66386481
8048,0.66381287
8049,0.66376093
8050,0.66370899
8051,0.66363352
8052,0.66355805
8053,0.66348258
8054,0.66340711
8055,0.66333164
8056,0.66325617
8057,0.66318070
8058,0.66310523
8059,0.66302975
8060,0.66295428
8061,0.66282994
8062,0.66270560
8063,0.66258126
8064,0.66245692
8065,0.66233258
8066,0.66220824
8067,0.66208390
8068,0.66195956
8069,0.66183522
8070,0.66171088
8071,0.66156298
8072,0.66141508
8073,0.66126718
8074,0.66111928
8075,0.66097138
8076,0.66082348
8077,0.66067558
8078,0.66052768
8079,0.66037978
8080,0.66023188
8081,0.66003682
8082,0.65984177
8083,0.65964671
8084,0.65945165
8085,0.65925660
8086,0.65906154
8087,0.65886649
8088,0.65867143
8089,0.65847638
8090,0.65828132
8091,0.65805710
8092,0.65783288
8093,0.65760866
8094,0.65738444
8095,0.65716022
8096,0.65693600
8097,0.65671178
8098,0.65648756
8099,0.65626334
8100,0.65603912
8101,0.65594947
8102,0.65585981
8103,0.65577015
8104,0.65568050
8105,0.65559084
8106,0.65550118
8107,0.65541153
8108,0.65532187
8109,0.65523222
8110,0.65514256
8111,0.65502922
8112,0.65491589
8113,0.65480255
8114,0.65468921
8115,0.65457588
8116,0.65446254
8117,0.65434920
8118,0.65423586
8119,0.65412253
8120,0.65400919
8121,0.65384945
8122,0.65368970
8123,0.65352995
8124,0.65337021
8125,0.65321046
8126,0.65305072
8127,0.65289097
8128,0.65273123
8129,0.65257148
8130,0.65241174
8131,0.65223508
8132,0.65205843
8133,0.65188177
8134,0.65170512
8135,0.65152846
8136,0.65135181
8137,0.65117515
8138,0.65099850
8139,0.65082184
8140,0.65064519
8141,0.65045700
8142,0.65026881
8143,0.65008063
8144,0.64989244
8145,0.64970425
8146,0.64951607
8147,0.64932788
8148,0.64913969
8149,0.64895151
8150,0.64876332
8151,0.64857568
8152,0.64838805
8153,0.64820041
8154,0.64801278
8155,0.64782514
8156,0.64763751
8157,0.64744987
8158,0.64726224
8159,0.64707460
8160,0.64688696
8161,0.64668343
8162,0.64647990
8163,0.64627638
8164,0.64607285
8165,0.64586932
8166,0.64566579
8167,0.64546226
8168,0.64525873
8169,0.64505520
8170,0.64485167
8171,0.64466241
8172,0.64447316
8173,0.64428391
8174,0.64409465
8175,0.64390540
8176,0.64371614
8177,0.64352689
8178,0.64333764
8179,0.64314838
8180,0.64295913
8181,0.64285362
8182,0.64274812
8183,0.64264262
8184,0.64253712
8185,0.64243162
8186,0.64232611
8187,0.64222061
8188,0.64211511
8189,0.64200961
8190,0.64190410
8191,0.64165288
8192,0.64140165
8193,0.64115043
8194,0.64089920
8195,0.64064798
8196,0.64039675
8197,0.64014553
8198,0.63989430
8199,0.63964308
8200,0.63939185
8201,0.63921338
8202,0.63903490
8203,0.63885643
8204,0.63867795
8205,0.63849948
8206,0.63832100
8207,0.63814253
8208,0.63796406
8209,0.63778558
8210,0.63760711
8211,0.63742480
8212,0.63724249
8213,0.63706018
8214,0.63687787
8215,0.63669557
8216,0.63651326
8217,0.63633095
8218,0.63614864
8219,0.63596633
8220,0.63578403
8221,0.63556854
8222,0.63535305
8223,0.63513756
8224,0.63492207
8225,0.63470658
8226,0.63449110
8227,0.63427561
8228,0.63406012
8229,0.63384463
8230,0.63362914
8231,0.63344353
8232,0.63325791
8233,0.63307229
8234,0.63288667
8235,0.63270105
8236,0.63251544
8237,0.63232982
8238,0.63214420
8239,0.63195858
8240,0.63177297
8241,0.63165318
8242,0.63153340
8243,0.63141361
8244,0.63129382
8245,0.63117404
8246,0.63105425
8247,0.63093447
8248,0.63081468
8249,0.63069489
8250,0.63057511
8251,0.63040431
8252,0.63023352
8253,0.63006272
8254,0.62989193
8255,0.62972113
8256,0.62955034
8257,0.62937955
8258,0.62920875
8259,0.62903796
8260,0.62886716
8261,0.62864158
8262,0.62841600
8263,0.62819042
8264,0.62796484
8265,0.62773926
8266,0.62751368
8267,0.62728810
8268,0.62706252
8269,0.62683693
8270,0.62661135
8271,0.62647545
8272,0.62633954
8273,0.62620363
8274,0.62606772
8275,0.62593181
8276,0.62579590
8277,0.62566000
8278,0.62552409
8279,0.62538818
8280,0.62525227
8281,0.62508178
8282,0.62491128
8283,0.62474078
8284,0.62457029
8285,0.62439979
8286,0.62422930
8287,0.62405880
8288,0.62388831
8289,0.62371781
8290,0.62354732
8291,0.62331020
8292,0.62307308
8293,0.62283597
8294,0.62259885
8295,0.62236173
8296,0.62212462
8297,0.62188750
8298,0.62165038
8299,0.62141327
8300,0.62117615
8301,0.62093656
8302,0.62069697
8303,0.62045739
8304,0.62021780
8305,0.61997821
8306,0.61973862
8307,0.61949904
8308,0.61925945
8309,0.61901986
8310,0.61878027
8311,0.61851701
8312,0.61825374
8313,0.61799047
8314,0.61772720
8315,0.61746393
8316,0.61720066
8317,0.61693740
8318,0.61667413
8319,0.61641086
8320,0.61614759
8321,0.61578347
8322,0.61541934
8323,0.61505521
8324,0.61469109
8325,0.61432696
8326,0.61396284
8327,0.61359871
8328,0.61323459
8329,0.61287046
8330,0.61250633
8331,0.61237266
8332,0.61223899
8333,0.61210533
8334,0.61197166
8335,0.61183799
8336,0.61170432
8337,0.61157065
8338,0.61143698
8339,0.61130331
8340,0.61116964
8341,0.61105400
8342,0.61093836
8343,0.61082272
8344,0.61070708
8345,0.61059144
8346,0.61047581
8347,0.61036017
8348,0.61024453
8349,0.61012889
8350,0.61001325
8351,0.60978137
8352,0.60954949
8353,0.60931761
8354,0.60908574
8355,0.60885386
8356,0.60862198
8357,0.60839010
8358,0.60815822
8359,0.60792634
8360,0.60769446
8361,0.60744072
8362,0.60718697
8363,0.60693322
8364,0.60667948
8365,0.60642573
8366,0.60617198
8367,0.60591824
8368,0.60566449
8369,0.60541074
8370,0.60515699
8371,0.60497192
8372,0.60478684
8373,0.60460177
8374,0.60441669
8375,0.60423162
8376,0.60404654
8377,0.60386147
8378,0.60367639
8379,0.60349132
8380,0.60330624
8381,0.60306169
8382,0.60281713
8383,0.60257257
8384,0.60232802
8385,0.60208346
8386,0.60183890
8387,0.60159435
8388,0.60134979
8389,0.60110523
8390,0.60086068
8391,0.60056686
8392,0.60027303
8393,0.59997921
8394,0.59968538
8395,0.59939156
8396,0.59909774
8397,0.59880391
8398,0.59851009
8399,0.59821627
8400,0.59792244
8401,0.59771175
8402,0.59750105
8403,0.59729035
8404,0.59707965
8405,0.59686895
8406,0.59665825
8407,0.59644756
8408,0.59623686
8409,0.59602616
8410,0.59581546
8411,0.59556209
8412,0.59530872
8413,0.59505535
8414,0.59480197
8415,0.59454860
8416,0.59429523
8417,0.59404186
8418,0.59378848
8419,0.59353511
8420,0.59328174
8421,0.59301079
8422,0.59273983
8423,0.59246888
8424,0.59219793
8425,0.59192697
8426,0.59165602
8427,0.59138507
8428,0.59111411
8429,0.59084316
8430,0.59057221
8431,0.59035932
8432,0.59014643
8433,0.58993354
8434,0.58972066
8435,0.58950777
8436,0.58929488
8437,0.58908199
8438,0.58886911
8439,0.58865622
8440,0.58844333
8441,0.58818173
8442,0.58792013
8443,0.58765853
8444,0.58739693
8445,0.58713533
8446,0.58687373
8447,0.58661213
8448,0.58635053
8449,0.58608893
8450,0.58582733
8451,0.58555567
8452,0.58528401
8453,0.58501235
8454,0.58474069
8455,0.58446903
8456,0.58419737
8457,0.58392571
8458,0.58365405
8459,0.58338239
8460,0.58311073
8461,0.58285384
8462,0.58259696
8463,0.58234008
8464,0.58208320
8465,0.58182632
8466,0.58156943
8467,0.58131255
8468,0.58105567
8469,0.58079879
8470,0.58054191
8471,0.58032871
8472,0.58011551
8473,0.57990231
8474,0.57968912
8475,0.57947592
8476,0.57926272
8477,0.57904952
8478,0.57883633
8479,0.57862313
8480,0.57840993
8481,0.57810313
8482,0.57779633
8483,0.57748953
8484,0.57718273
8485,0.57687593
8486,0.57656913
8487,0.57626233
8488,0.57595553
8489,0.57564873
8490,0.57534193
8491,0.57502356
8492,0.57470520
8493,0.57438684
8494,0.57406848
8495,0.57375011
8496,0.57343175
8497,0.57311339
8498,0.57279502
8499,0.57247666
8500,0.57215830
8501,0.57191335
8502,0.57166840
8503,0.57142345
8504,0.57117850
8505,0.57093355
8506,0.57068860
8507,0.57044365
8508,0.57019870
8509,0.56995375
8510,0.56970880
8511,0.56931800
8512,0.56892721
8513,0.56853641
8514,0.56814562
8515,0.56775482
8516,0.56736403
8517,0.56697323
8518,0.56658244
8519,0.56619164
8520,0.56580085
8521,0.56547142
8522,0.56514199
8523,0.56481257
8524,0.56448314
8525,0.56415371
8526,0.56382428
8527,0.56349486
8528,0.56316543
8529,0.56283600
8530,0.56250658
8531,0.56238901
8532,0.56227145
8533,0.56215389
8534,0.56203632
8535,0.56191876
8536,0.56180120
8537,0.56168363
8538,0.56156607
8539,0.56144850
8540,0.56133094
8541,0.56103787
8542,0.56074480
8543,0.56045172
8544,0.56015865
8545,0.55986558
8546,0.55957250
8547,0.55927943
8548,0.55898636
8549,0.55869329
8550,0.55840021
8551,0.55809394
8552,0.55778766
8553,0.55748138
8554,0.55717511
8555,0.55686883
8556,0.55656255
8557,0.55625628
8558,0.55595000
8559,0.55564372
8560,0.55533744
8561,0.55511380
8562,0.55489016
8563,0.55466652
8564,0.55444288
8565,0.55421924
8566,0.55399560
8567,0.55377196
8568,0.55354832
8569,0.55332468
8570,0.55310104
8571,0.55284606
8572,0.55259107
8573,0.55233609
8574,0.55208111
8575,0.55182612
8576,0.55157114
8577,0.55131616
8578,0.55106117
8579,0.55080619
8580,0.55055120
8581,0.55022209
8582,0.54989297
8583,0.54956385
8584,0.54923474
8585,0.54890562
8586,0.54857650
8587,0.54824738
8588,0.54791827
8589,0.54758915
8590,0.54726003
8591,0.54692580
8592,0.54659156
8593,0.54625733
8594,0.54592309
8595,0.54558886
8596,0.54525462
8597,0.54492039
8598,0.54458615
8599,0.54425192
8600,0.54391769
8601,0.54363764
8602,0.54335759
8603,0.54307754
8604,0.54279749
8605,0.54251743
8606,0.54223738
8607,0.54195733
8608,0.54167728
8609,0.54139723
8610,0.54111718
8611,0.54077385
8612,0.54043051
8613,0.54008717
8614,0.53974384
8615,0.53940050
8616,0.53905716
8617,0.53871383
8618,0.53837049
8619,0.53802715
8620,0.53768382
8621,0.53737846
8622,0.53707311
8623,0.53676776
8624,0.53646241
8625,0.53615705
8626,0.53585170
8627,0.53554635
8628,0.53524100
8629,0.53493565
8630,0.53463029
8631,0.53433097
8632,0.53403165
8633,0.53373232
8634,0.53343300
8635,0.53313368
8636,0.53283435
8637,0.53253503
8638,0.53223571
8639,0.53193638
8640,0.53163706
8641,0.53127589
8642,0.53091472
8643,0.53055355
8644,0.53019238
8645,0.52983121
8646,0.52947004
8647,0.52910887
8648,0.52874771
8649,0.52838654
8650,0.52802537
8651,0.52773714
8652,0.52744891
8653,0.52716069
8654,0.52687246
8655,0.52658423
8656,0.52629601
8657,0.52600778
8658,0.52571955
8659,0.52543133
8660,0.52514310
8661,0.52483192
8662,0.52452074
8663,0.52420957
8664,0.52389839
8665,0.52358721
8666,0.52327603
8667,0.52296485
8668,0.52265368
8669,0.52234250
8670,0.52203132
8671,0.52173728
8672,0.52144324
8673,0.52114921
8674,0.52085517
8675,0.52056113
8676,0.52026709
8677,0.51997306
8678,0.51967902
8679,0.51938498
8680,0.51909094
8681,0.51878436
8682,0.51847777
8683,0.51817118
8684,0.51786460
8685,0.51755801
8686,0.51725143
8687,0.51694484
8688,0.51663825
8689,0.51633167
8690,0.51602508
8691,0.51569117
8692,0.51535725
8693,0.51502334
8694,0.51468942
8695,0.51435551
8696,0.51402159
8697,0.51368768
8698,0.51335376
8699,0.51301985
8700,0.51268593
8701,0.51236177
8702,0.51203761
8703,0.51171346
8704,0.51138930
8705,0.51106514
8706,0.51074098
8707,0.51041682
8708,0.51009266
8709,0.50976850
8710,0.50944434
8711,0.50910877
8712,0.50877320
8713,0.50843763
8714,0.50810207
8715,0.50776650
8716,0.50743093
8717,0.50709536
8718,0.50675979
8719,0.50642422
8720,0.50608865
8721,0.50576095
8722,0.50543324
8723,0.50510553
8724,0.50477783
8725,0.50445012
8726,0.50412241
8727,0.50379471
8728,0.50346700
8729,0.50313929
8730,0.50281159
8731,0.50247064
8732,0.50212969
8733,0.50178874
8734,0.50144779
8735,0.50110684
8736,0.50076589
8737,0.50042494
8738,0.50008399
8739,0.49974304
8740,0.49940209
8741,0.49905509
8742,0.49870809
8743,0.49836109
8744,0.49801409
8745,0.49766709
8746,0.49732009
8747,0.49697309
8748,0.49662609
8749,0.49627909
8750,0.49593209
8751,0.49560395
8752,0.49527580
8753,0.49494765
8754,0.49461950
8755,0.49429135
8756,0.49396320
8757,0.49363505
8758,0.49330690
8759,0.49297876
8760,0.49265061
8761,0.49227909
8762,0.49190758
8763,0.49153607
8764,0.49116456
8765,0.49079304
8766,0.49042153
8767,0.49005002
8768,0.48967851
8769,0.48930699
8770,0.48893548
8771,0.48854080
8772,0.48814612
8773,0.48775144
8774,0.48735675
8775,0.48696207
8776,0.48656739
8777,0.48617271
8778,0.48577803
8779,0.48538334
8780,0.48498866
8781,0.48464870
8782,0.48430874
8783,0.48396878
8784,0.48362882
8785,0.48328886
8786,0.48294890
8787,0.48260895
8788,0.48226899
8789,0.48192903
8790,0.48158907
8791,0.48124251
8792,0.48089596
8793,0.48054940
8794,0.48020285
8795,0.47985630
8796,0.47950974
8797,0.47916319
8798,0.47881664
8799,0.47847008
8800,0.47812353
8801,0.47779057
8802,0.47745761
8803,0.47712464
8804,0.47679168
8805,0.47645872
8806,0.47612576
8807,0.47579280
8808,0.47545984
8809,0.47512688
8810,0.47479392
8811,0.47448305
8812,0.47417218
8813,0.47386131
8814,0.47355044
8815,0.47323957
8816,0.47292871
8817,0.47261784
8818,0.47230697
8819,0.47199610
8820,0.47168523
8821,0.47132822
8822,0.47097121
8823,0.47061421
8824,0.47025720
8825,0.46990019
8826,0.46954318
8827,0.46918617
8828,0.46882916
8829,0.46847215
8830,0.46811514
8831,0.46775908
8832,0.46740301
8833,0.46704694
8834,0.46669087
8835,0.46633480
8836,0.46597873
8837,0.46562266
8838,0.46526659
8839,0.46491053
8840,0.46455446
8841,0.46422033
8842,0.46388621
8843,0.46355208
8844,0.46321795
8845,0.46288383
8846,0.46254970
8847,0.46221558
8848,0.46188145
8849,0.46154732
8850,0.46121320
8851,0.46087036
8852,0.46052753
8853,0.46018469
8854,0.45984186
8855,0.45949902
8856,0.45915618
8857,0.45881335
8858,0.45847051
8859,0.45812768
8860,0.45778484
8861,0.45742894
8862,0.45707304
8863,0.45671714
8864,0.45636124
8865,0.45600533
8866,0.45564943
8867,0.45529353
8868,0.45493763
8869,0.45458173
8870,0.45422583
8871,0.45385268
8872,0.45347953
8873,0.45310637
8874,0.45273322
8875,0.45236007
8876,0.45198692
8877,0.45161377
8878,0.45124062
8879,0.45086747
8880,0.45049432
8881,0.45014244
8882,0.44979056
8883,0.44943868
8884,0.44908680
8885,0.44873492
8886,0.44838304
8887,0.44803116
8888,0.44767928
8889,0.44732740
8890,0.44697552
8891,0.44658699
8892,0.44619846
8893,0.44580994
8894,0.44542141
8895,0.44503288
8896,0.44464436
8897,0.44425583
8898,0.44386730
8899,0.44347878
8900,0.44309025
8901,0.44274304
8902,0.44239582
8903,0.44204861
8904,0.44170139
8905,0.44135418
8906,0.44100696
8907,0.44065975
8908,0.44031253
8909,0.43996532
8910,0.43961811
8911,0.43929349
8912,0.43896888
8913,0.43864427
8914,0.43831965
8915,0.43799504
8916,0.43767042
8917,0.43734581
8918,0.43702120
8919,0.43669658
8920,0.43637197
8921,0.43601479
8922,0.43565761
8923,0.43530043
8924,0.43494325
8925,0.43458607
8926,0.43422889
8927,0.43387171
8928,0.43351453
8929,0.43315735
8930,0.43280017
8931,0.43244882
8932,0.43209748
8933,0.43174614
8934,0.43139480
8935,0.43104346
8936,0.43069211
8937,0.43034077
8938,0.42998943
8939,0.42963809
8940,0.42928675
8941,0.42891434
8942,0.42854194
8943,0.42816954
8944,0.42779714
8945,0.42742474
8946,0.42705234
8947,0.42667994
8948,0.42630753
8949,0.42593513
8950,0.42556273
8951,0.42518988
8952,0.42481702
8953,0.42444417
8954,0.42407131
8955,0.42369846
8956,0.42332560
8957,0.42295275
8958,0.42257989
8959,0.42220704
8960,0.42183418
8961,0.42147482
8962,0.42111545
8963,0.42075609
8964,0.42039673
8965,0.42003736
8966,0.41967800
8967,0.41931864
8968,0.41895927
8969,0.41859991
8970,0.41824055
8971,0.41784346
8972,0.41744637
8973,0.41704928
8974,0.41665219
8975,0.41625510
8976,0.41585801
8977,0.41546092
8978,0.41506383
8979,0.41466674
8980,0.41426965
8981,0.41388305
8982,0.41349645
8983,0.41310985
8984,0.41272325
8985,0.41233665
8986,0.41195005
8987,0.41156345
8988,0.41117685
8989,0.41079025
8990,0.41040365
8991,0.41006503
8992,0.40972640
8993,0.40938777
8994,0.40904915
8995,0.40871052
8996,0.40837189
8997,0.40803326
8998,0.40769464
8999,0.40735601
9000,0.40701738
9001,0.40663258
9002,0.40624778
9003,0.40586297
9004,0.40547817
9005,0.40509337
9006,0.40470856
9007,0.40432376
9008,0.40393896
9009,0.40355416
9010,0.40316935
9011,0.40276890
9012,0.40236844
9013,0.40196799
9014,0.40156753
9015,0.40116707
9016,0.40076662
9017,0.40036616
9018,0.39996571
9019,0.39956525
9020,0.39916480
9021,0.39880105
9022,0.39843729
9023,0.39807354
9024,0.39770979
9025,0.39734604
9026,0.39698228
9027,0.39661853
9028,0.39625478
9029,0.39589103
9030,0.39552728
9031,0.39516459
9032,0.39480191
9033,0.39443923
9034,0.39407654
9035,0.39371386
9036,0.39335118
9037,0.39298850
9038,0.39262581
9039,0.39226313
9040,0.39190045
9041,0.39153475
9042,0.39116905
9043,0.39080335
9044,0.39043765
9045,0.39007195
9046,0.38970625
9047,0.38934055
9048,0.38897485
9049,0.38860915
9050,0.38824345
9051,0.38786744
9052,0.38749143
9053,0.38711542
9054,0.38673941
9055,0.38636340
9056,0.38598739
9057,0.38561138
9058,0.38523537
9059,0.38485936
9060,0.38448335
9061,0.38407730
9062,0.38367124
9063,0.38326519
9064,0.38285914
9065,0.38245309
9066,0.38204703
9067,0.38164098
9068,0.38123493
9069,0.38082887
9070,0.38042282
9071,0.37999462
9072,0.37956642
9073,0.37913822
9074,0.37871001
9075,0.37828181
9076,0.37785361
9077,0.37742541
9078,0.37699721
9079,0.37656901
9080,0.37614081
9081,0.37571679
9082,0.37529277
9083,0.37486876
9084,0.37444474
9085,0.37402072
9086,0.37359671
9087,0.37317269
9088,0.37274867
9089,0.37232465
9090,0.37190064
9091,0.37145585
9092,0.37101106
9093,0.37056627
9094,0.37012149
9095,0.36967670
9096,0.36923191
9097,0.36878713
9098,0.36834234
9099,0.36789755
9100,0.36745276
9101,0.36694028
9102,0.36642779
9103,0.36591531
9104,0.36540282
9105,0.36489034
9106,0.36437785
9107,0.36386537
9108,0.36335288
9109,0.36284040
9110,0.36232791
9111,0.36175106
9112,0.36117420
9113,0.36059734
9114,0.36002048
9115,0.35944363
9116,0.35886677
9117,0.35828991
9118,0.35771305
9119,0.35713620
9120,0.35655934
9121,0.35590165
9122,0.35524397
9123,0.35458628
9124,0.35392859
9125,0.35327091
9126,0.35261322
9127,0.35195553
9128,0.35129785
9129,0.35064016
9130,0.34998247
9131,0.34916736
9132,0.34835224
9133,0.34753712
9134,0.34672200
9135,0.34590688
9136,0.34509177
9137,0.34427665
9138,0.34346153
9139,0.34264641
9140,0.34183129
9141,0.34080785
9142,0.33978440
9143,0.33876096
9144,0.33773751
9145,0.33671407
9146,0.33569062
9147,0.33466718
9148,0.33364373
9149,0.33262028
9150,0.33159684
9151,0.33035342
9152,0.32911000
9153,0.32786658
9154,0.32662317
9155,0.32537975
9156,0.32413633
9157,0.32289291
9158,0.32164949
9159,0.32040607
9160,0.31916265
9161,0.31766235
9162,0.31616204
9163,0.31466173
9164,0.31316143
9165,0.31166112
9166,0.31016081
9167,0.30866050
9168,0.30716020
9169,0.30565989
9170,0.30415958
9171,0.30235048
9172,0.30054138
9173,0.29873229
9174,0.29692319
9175,0.29511409
9176,0.29330499
9177,0.29149589
9178,0.28968679
9179,0.28787770
9180,0.28606860
9181,0.28392066
9182,0.28177273
9183,0.27962480
9184,0.27747686
9185,0.27532893
9186,0.27318100
9187,0.27103306
9188,0.26888513
9189,0.26673720
9190,0.26458926
9191,0.26213234
9192,0.25967542
9193,0.25721850
9194,0.25476158
9195,0.25230465
9196,0.24984773
9197,0.24739081
9198,0.24493389
9199,0.24247697
9200,0.24002005
9201,0.23731440
9202,0.23460875
9203,0.23190309
9204,0.22919744
9205,0.22649179
9206,0.22378614
9207,0.22108049
9208,0.21837484
9209,0.21566919
9210,0.21296354
9211,0.21007891
9212,0.20719427
9213,0.20430963
9214,0.20142500
9215,0.19854036
9216,0.19565573
9217,0.19277109
9218,0.18988645
9219,0.18700182
9220,0.18411718
9221,0.18110069
9222,0.17808420
9223,0.17506771
9224,0.17205123
9225,0.16903474
9226,0.16601825
9227,0.16300176
9228,0.15998527
9229,0.15696878
9230,0.15395229
9231,0.15093957
9232,0.14792685
9233,0.14491413
9234,0.14190140
9235,0.13888868
9236,0.13587596
9237,0.13286324
9238,0.12985052
9239,0.12683779
9240,0.12382507
9241,0.12097355
9242,0.11812203
9243,0.11527050
9244,0.11241898
9245,0.10956746
9246,0.10671594
9247,0.10386441
9248,0.10101289
9249,0.09816137
9250,0.09530985
9251,0.09273107
9252,0.09015229
9253,0.08757352
9254,0.08499474
9255,0.08241596
9256,0.07983719
9257,0.07725841
9258,0.07467963
9259,0.07210086
9260,0.06952208
9261,0.06735530
9262,0.06518851
9263,0.06302173
9264,0.06085494
9265,0.05868815
9266,0.05652137
9267,0.05435458
9268,0.05218780
9269,0.05002101
9270,0.04785423
9271,0.04615836
9272,0.04446248
9273,0.04276661
9274,0.04107074
9275,0.03937487
9276,0.03767900
9277,0.03598312
9278,0.03428725
9279,0.03259138
9280,0.03089551
9281,0.02965196
9282,0.02840842
9283,0.02716487
9284,0.02592133
9285,0.02467778
9286,0.02343424
9287,0.02219069
9288,0.02094715
9289,0.01970360
9290,0.01846006
9291,0.01765456
9292,0.01684907
9293,0.01604357
9294,0.01523807
9295,0.01443258
9296,0.01362708
9297,0.01282159
9298,0.01201609
9299,0.01121059
9300,0.01040510
9301,0.00993113
9302,0.00945715
9303,0.00898318
9304,0.00850921
9305,0.00803524
9306,0.00756127
9307,0.00708730
9308,0.00661332
9309,0.00613935
9310,0.00566538
9311,0.00540848
9312,0.00515158
9313,0.00489468
9314,0.00463779
9315,0.00438089
9316,0.00412399
9317,0.00386709
9318,0.00361019
9319,0.00335329
9320,0.00309639
9321,0.00298864
9322,0.00288088
9323,0.00277313
9324,0.00266537
9325,0.00255762
9326,0.00244986
9327,0.00234211
9328,0.00223435
9329,0.00212660
9330,0.00201884
9331,0.00197329
9332,0.00192773
9333,0.00188218
9334,0.00183663
9335,0.00179108
9336,0.00174552
9337,0.00169997
9338,0.00165442
9339,0.00160887
9340,0.00156331
9341,0.00155909
9342,0.00155487
9343,0.00155066
9344,0.00154644
9345,0.00154222
9346,0.00153800
9347,0.00153378
9348,0.00152956
9349,0.00152534
9350,0.00152112
9351,0.00151935
9352,0.00151759
9353,0.00151583
9354,0.00151406
9355,0.00151230
9356,0.00151053
9357,0.00150877
9358,0.00150700
9359,0.00150524
9360,0.00150347
9361,0.00148717
9362,0.00147086
9363,0.00145455
9364,0.00143824
9365,0.00142193
9366,0.00140562
9367,0.00138932
9368,0.00137301
9369,0.00135670
9370,0.00134039
9371,0.00133187
9372,0.00132336
9373,0.00131484
9374,0.00130632
9375,0.00129780
9376,0.00128928
9377,0.00128077
9378,0.00127225
9379,0.00126373
9380,0.00125521
9381,0.00126226
9382,0.00126930
9383,0.00127634
9384,0.00128339
9385,0.00129043
9386,0.00129748
9387,0.00130452
9388,0.00131156
9389,0.00131861
9390,0.00132565
9391,0.00132876
9392,0.00133186
9393,0.00133497
9394,0.00133808
9395,0.00134118
9396,0.00134429
9397,0.00134739
9398,0.00135050
9399,0.00135361
9400,0.00135671
9401,0.00136191
9402,0.00136711
9403,0.00137230
9404,0.00137750
9405,0.00138270
9406,0.00138789
9407,0.00139309
9408,0.00139829
9409,0.00140348
9410,0.00140868
9411,0.00141382
9412,0.00141896
9413,0.00142410
9414,0.00142925
9415,0.00143439
9416,0.00143953
9417,0.00144467
9418,0.00144981
9419,0.00145495
9420,0.00146009
9421,0.00146444
9422,0.00146878
9423,0.00147312
9424,0.00147746
9425,0.00148181
9426,0.00148615
9427,0.00149049
9428,0.00149484
9429,0.00149918
9430,0.00150352
9431,0.00150948
9432,0.00151543
9433,0.00152139
9434,0.00152735
9435,0.00153330
9436,0.00153926
9437,0.00154522
9438,0.00155117
9439,0.00155713
9440,0.00156308
9441,0.00156577
9442,0.00156846
9443,0.00157115
9444,0.00157384
9445,0.00157653
9446,0.00157922
9447,0.00158190
9448,0.00158459
9449,0.00158728
9450,0.00158997
9451,0.00158534
9452,0.00158072
9453,0.00157609
9454,0.00157146
9455,0.00156684
9456,0.00156221
9457,0.00155758
9458,0.00155296
9459,0.00154833
9460,0.00154370
9461,0.00154707
9462,0.00155044
9463,0.00155381
9464,0.00155718
9465,0.00156054
9466,0.00156391
9467,0.00156728
9468,0.00157065
9469,0.00157402
9470,0.00157738
9471,0.00158741
9472,0.00159745
9473,0.00160748
9474,0.00161751
9475,0.00162754
9476,0.00163757
9477,0.00164760
9478,0.00165763
9479,0.00166767
9480,0.00167770
9481,0.00169118
9482,0.00170465
9483,0.00171813
9484,0.00173161
9485,0.00174509
9486,0.00175857
9487,0.00177205
9488,0.00178553
9489,0.00179901
9490,0.00181249
9491,0.00181552
9492,0.00181855
9493,0.00182158
9494,0.00182461
9495,0.00182764
9496,0.00183067
9497,0.00183371
9498,0.00183674
9499,0.00183977
9500,0.00184280
9501,0.00183612
9502,0.00182944
9503,0.00182276
9504,0.00181608
9505,0.00180940
9506,0.00180272
9507,0.00179604
9508,0.00178936
9509,0.00178268
9510,0.00177601
9511,0.00177139
9512,0.00176678
9513,0.00176216
9514,0.00175755
9515,0.00175294
9516,0.00174832
9517,0.00174371
9518,0.00173910
9519,0.00173448
9520,0.00172987
9521,0.00172828
9522,0.00172669
9523,0.00172510
9524,0.00172350
9525,0.00172191
9526,0.00172032
9527,0.00171873
9528,0.00171714
9529,0.00171555
9530,0.00171396
9531,0.00170938
9532,0.00170479
9533,0.00170021
9534,0.00169563
9535,0.00169105
9536,0.00168646
9537,0.00168188
9538,0.00167730
9539,0.00167272
9540,0.00166814
9541,0.00163594
9542,0.00160375
9543,0.00157155
9544,0.00153936
9545,0.00150716
9546,0.00147497
9547,0.00144278
9548,0.00141058
9549,0.00137839
9550,0.00134619
9551,0.00133062
9552,0.00131504
9553,0.00129946
9554,0.00128388
9555,0.00126831
9556,0.00125273
9557,0.00123715
9558,0.00122157
9559,0.00120600
9560,0.00119042
9561,0.00117360
9562,0.00115678
9563,0.00113997
9564,0.00112315
9565,0.00110633
9566,0.00108951
9567,0.00107270
9568,0.00105588
9569,0.00103906
9570,0.00102224
9571,0.00101226
9572,0.00100227
9573,0.00099228
9574,0.00098230
9575,0.00097231
9576,0.00096232
9577,0.00095234
9578,0.00094235
9579,0.00093237
9580,0.00092238
9581,0.00091352
9582,0.00090466
9583,0.00089580
9584,0.00088694
9585,0.00087808
9586,0.00086922
9587,0.00086036
9588,0.00085150
9589,0.00084264
9590,0.00083378
9591,0.00081861
9592,0.00080344
9593,0.00078827
9594,0.00077311
9595,0.00075794
9596,0.00074277
9597,0.00072760
9598,0.00071243
9599,0.00069726
9600,0.00068209
9601,0.00067507
9602,0.00066804
9603,0.00066102
9604,0.00065399
9605,0.00064696
9606,0.00063994
9607,0.00063291
9608,0.00062589
9609,0.00061886
9610,0.00061184
9611,0.00060343
9612,0.00059502
9613,0.00058661
9614,0.00057820
9615,0.00056979
9616,0.00056138
9617,0.00055297
9618,0.00054457
9619,0.00053616
9620,0.00052775
9621,0.00052305
9622,0.00051834
9623,0.00051364
9624,0.00050894
9625,0.00050424
9626,0.00049954
9627,0.00049483
9628,0.00049013
9629,0.00048543
9630,0.00048073
9631,0.00048493
9632,0.00048913
9633,0.00049334
9634,0.00049754
9635,0.00050174
9636,0.00050595
9637,0.00051015
9638,0.00051435
9639,0.00051856
9640,0.00052276
9641,0.00053062
9642,0.00053848
9643,0.00054634
9644,0.00055420
9645,0.00056207
9646,0.00056993
9647,0.00057779
9648,0.00058565
9649,0.00059351
9650,0.00060137
9651,0.00060531
9652,0.00060925
9653,0.00061318
9654,0.00061712
9655,0.00062106
9656,0.00062499
9657,0.00062893
9658,0.00063287
9659,0.00063680
9660,0.00064074
9661,0.00063850
9662,0.00063626
9663,0.00063402
9664,0.00063178
9665,0.00062954
9666,0.00062730
9667,0.00062506
9668,0.00062282
9669,0.00062058
9670,0.00061834
9671,0.00062268
9672,0.00062701
9673,0.00063134
9674,0.00063567
9675,0.00064000
9676,0.00064434
9677,0.00064867
9678,0.00065300
9679,0.00065733
9680,0.00066166
9681,0.00066469
9682,0.00066771
9683,0.00067073
9684,0.00067376
9685,0.00067678
9686,0.00067980
9687,0.00068283
9688,0.00068585
9689,0.00068888
9690,0.00069190
9691,0.00068833
9692,0.00068476
9693,0.00068120
9694,0.00067763
9695,0.00067406
9696,0.00067050
9697,0.00066693
9698,0.00066336
9699,0.00065980
9700,0.00065623
9701,0.00066025
9702,0.00066427
9703,0.00066829
9704,0.00067231
9705,0.00067633
9706,0.00068035
9707,0.00068437
9708,0.00068839
9709,0.00069240
9710,0.00069642
9711,0.00069788
9712,0.00069935
9713,0.00070081
9714,0.00070227
9715,0.00070373
9716,0.00070519
9717,0.00070665
9718,0.00070811
9719,0.00070957
9720,0.00071103
9721,0.00070628
9722,0.00070154
9723,0.00069679
9724,0.00069205
9725,0.00068730
9726,0.00068256
9727,0.00067781
9728,0.00067307
9729,0.00066832
9730,0.00066357
9731,0.00065728
9732,0.00065099
9733,0.00064470
9734,0.00063841
9735,0.00063211
9736,0.00062582
9737,0.00061953
9738,0.00061324
9739,0.00060695
9740,0.00060065
9741,0.00059485
9742,0.00058904
9743,0.00058324
9744,0.00057743
9745,0.00057163
9746,0.00056582
9747,0.00056001
9748,0.00055421
9749,0.00054840
9750,0.00054260
9751,0.00053937
9752,0.00053614
9753,0.00053291
9754,0.00052968
9755,0.00052645
9756,0.00052322
9757,0.00051999
9758,0.00051676
9759,0.00051353
9760,0.00051031
9761,0.00051181
9762,0.00051332
9763,0.00051482
9764,0.00051633
9765,0.00051784
9766,0.00051934
9767,0.00052085
9768,0.00052236
9769,0.00052386
9770,0.00052537
9771,0.00052541
9772,0.00052545
9773,0.00052548
9774,0.00052552
9775,0.00052556
9776,0.00052560
9777,0.00052563
9778,0.00052567
9779,0.00052571
9780,0.00052575
9781,0.00052588
9782,0.00052601
9783,0.00052615
9784,0.00052628
9785,0.00052641
9786,0.00052654
9787,0.00052668
9788,0.00052681
9789,0.00052694
9790,0.00052707
9791,0.00052333
9792,0.00051958
9793,0.00051583
9794,0.00051208
9795,0.00050834
9796,0.00050459
9797,0.00050084
9798,0.00049709
9799,0.00049334
9800,0.00048960
9801,0.00048479
9802,0.00047998
9803,0.00047518
9804,0.00047037
9805,0.00046557
9806,0.00046076
9807,0.00045595
9808,0.00045115
9809,0.00044634
9810,0.00044153
9811,0.00044021
9812,0.00043889
9813,0.00043757
9814,0.00043624
9815,0.00043492
9816,0.00043360
9817,0.00043227
9818,0.00043095
9819,0.00042963
9820,0.00042831
9821,0.00043233
9822,0.00043636
9823,0.00044039
9824,0.00044441
9825,0.00044844
9826,0.00045247
9827,0.00045650
9828,0.00046052
9829,0.00046455
9830,0.00046858
9831,0.00047160
9832,0.00047463
9833,0.00047766
9834,0.00048069
9835,0.00048372
9836,0.00048675
9837,0.00048978
9838,0.00049280
9839,0.00049583
9840,0.00049886
9841,0.00049756
9842,0.00049625
9843,0.00049495
9844,0.00049364
9845,0.00049234
9846,0.00049103
9847,0.00048973
9848,0.00048842
9849,0.00048712
9850,0.00048581
9851,0.00048581
9852,0.00048581
9853,0.00048580
9854,0.00048580
9855,0.00048580
9856,0.00048580
9857,0.00048579
9858,0.00048579
9859,0.00048579
9860,0.00048579
9861,0.00048457
9862,0.00048336
9863,0.00048215
9864,0.00048094
9865,0.00047973
9866,0.00047851
9867,0.00047730
9868,0.00047609
9869,0.00047488
9870,0.00047366
9871,0.00047216
9872,0.00047065
9873,0.00046914
9874,0.00046763
9875,0.00046612
9876,0.00046461
9877,0.00046310
9878,0.00046160
9879,0.00046009
9880,0.00045858
9881,0.00045691
9882,0.00045524
9883,0.00045356
9884,0.00045189
9885,0.00045022
9886,0.00044855
9887,0.00044688
9888,0.00044521
9889,0.00044354
9890,0.00044187
9891,0.00043871
9892,0.00043556
9893,0.00043241
9894,0.00042925
9895,0.00042610
9896,0.00042295
9897,0.00041980
9898,0.00041664
9899,0.00041349
9900,0.00041034
9901,0.00040899
9902,0.00040763
9903,0.00040628
9904,0.00040493
9905,0.00040358
9906,0.00040223
9907,0.00040088
9908,0.00039953
9909,0.00039818
9910,0.00039682
9911,0.00039464
9912,0.00039245
9913,0.00039026
9914,0.00038808
9915,0.00038589
9916,0.00038370
9917,0.00038151
9918,0.00037933
9919,0.00037714
9920,0.00037495
9921,0.00037244
9922,0.00036993
9923,0.00036741
9924,0.00036490
9925,0.00036239
9926,0.00035987
9927,0.00035736
9928,0.00035485
9929,0.00035234
9930,0.00034982
9931,0.00034690
9932,0.00034397
9933,0.00034105
9934,0.00033812
9935,0.00033520
9936,0.00033227
9937,0.00032935
9938,0.00032642
9939,0.00032350
9940,0.00032058
9941,0.00031591
9942,0.00031124
9943,0.00030657
9944,0.00030191
9945,0.00029724
9946,0.00029257
9947,0.00028790
9948,0.00028324
9949,0.00027857
9950,0.00027390
9951,0.00027006
9952,0.00026621
9953,0.00026236
9954,0.00025852
9955,0.00025467
9956,0.00025082
9957,0.00024698
9958,0.00024313
9959,0.00023928
9960,0.00023544
9961,0.00023221
9962,0.00022898
9963,0.00022576
9964,0.00022253
9965,0.00021930
9966,0.00021607
9967,0.00021285
9968,0.00020962
9969,0.00020639
9970,0.00020316
9971,0.00019957
9972,0.00019598
9973,0.00019239
9974,0.00018880
9975,0.00018521
9976,0.00018162
9977,0.00017803
9978,0.00017444
9979,0.00017085
9980,0.00016726
9981,0.00016392
9982,0.00016057
9983,0.00015723
9984,0.00015388
9985,0.00015054
9986,0.00014720
9987,0.00014385
9988,0.00014051
9989,0.00013716
9990,0.00013382
9991,0.00013139
9992,0.00012896
9993,0.00012653
9994,0.00012410
9995,0.00012167
9996,0.00011924
9997,0.00011681
9998,0.00011438
9999,0.00011195
10000,0.00010952
10001,0.00010697
10002,0.00010442
10003,0.00010187
10004,0.00009931
10005,0.00009676
10006,0.00009421
10007,0.00009166
10008,0.00008911
10009,0.00008656
10010,0.00008400
10011,0.00008230
10012,0.00008060
10013,0.00007890
10014,0.00007719
10015,0.00007549
10016,0.00007379
10017,0.00007209
10018,0.00007039
10019,0.00006868
10020,0.00006698
10021,0.00006580
10022,0.00006463
10023,0.00006345
10024,0.00006227
10025,0.00006109
10026,0.00005992
10027,0.00005874
10028,0.00005756
10029,0.00005638
10030,0.00005521
10031,0.00005366
10032,0.00005211
10033,0.00005056
10034,0.00004901
10035,0.00004747
10036,0.00004592
10037,0.00004437
10038,0.00004282
10039,0.00004127
10040,0.00003973
10041,0.00003917
10042,0.00003861
10043,0.00003805
10044,0.00003749
10045,0.00003693
10046,0.00003638
10047,0.00003582
10048,0.00003526
10049,0.00003470
10050,0.00003414
10051,0.00003360
10052,0.00003306
10053,0.00003252
10054,0.00003198
10055,0.00003143
10056,0.00003089
10057,0.00003035
10058,0.00002981
10059,0.00002927
10060,0.00002873
10061,0.00002814
10062,0.00002755
10063,0.00002696
10064,0.00002637
10065,0.00002578
10066,0.00002519
10067,0.00002461
10068,0.00002402
10069,0.00002343
10070,0.00002284
10071,0.00002264
10072,0.00002244
10073,0.00002224
10074,0.00002204
10075,0.00002184
10076,0.00002165
10077,0.00002145
10078,0.00002125
10079,0.00002105
10080,0.00002085
10081,0.00002068
10082,0.00002051
10083,0.00002034
10084,0.00002017
10085,0.00002000
10086,0.00001983
10087,0.00001966
10088,0.00001949
10089,0.00001932
10090,0.00001915
10091,0.00001895
10092,0.00001875
10093,0.00001855
10094,0.00001835
10095,0.00001815
10096,0.00001795
10097,0.00001775
10098,0.00001754
10099,0.00001734
10100,0.00001714
10101,0.00001706
10102,0.00001699
10103,0.00001691
10104,0.00001683
10105,0.00001675
10106,0.00001667
10107,0.00001659
10108,0.00001651
10109,0.00001644
10110,0.00001636
10111,0.00001638
10112,0.00001639
10113,0.00001641
10114,0.00001643
10115,0.00001645
10116,0.00001647
10117,0.00001648
10118,0.00001650
10119,0.00001652
10120,0.00001654
10121,0.00001656
10122,0.00001658
10123,0.00001660
10124,0.00001662
10125,0.00001664
10126,0.00001666
10127,0.00001668
10128,0.00001670
10129,0.00001673
10130,0.00001675
10131,0.00001672
10132,0.00001669
10133,0.00001667
10134,0.00001664
10135,0.00001661
10136,0.00001659
10137,0.00001656
10138,0.00001654
10139,0.00001651
10140,0.00001648
10141,0.00001649
10142,0.00001649
10143,0.00001650
10144,0.00001650
10145,0.00001651
10146,0.00001651
10147,0.00001652
10148,0.00001652
10149,0.00001653
10150,0.00001653
10151,0.00001662
10152,0.00001671
10153,0.00001679
10154,0.00001688
10155,0.00001697
10156,0.00001706
10157,0.00001714
10158,0.00001723
10159,0.00001732
10160,0.00001741
10161,0.00001746
10162,0.00001751
10163,0.00001756
10164,0.00001760
10165,0.00001765
10166,0.00001770
10167,0.00001775
10168,0.00001780
10169,0.00001785
10170,0.00001790
10171,0.00001795
10172,0.00001799
10173,0.00001803
10174,0.00001808
10175,0.00001812
10176,0.00001816
10177,0.00001821
10178,0.00001825
10179,0.00001829
10180,0.00001834
10181,0.00001842
10182,0.00001850
10183,0.00001858
10184,0.00001866
10185,0.00001874
10186,0.00001882
10187,0.00001890
10188,0.00001899
10189,0.00001907
10190,0.00001915
10191,0.00001927
10192,0.00001940
10193,0.00001952
10194,0.00001965
10195,0.00001977
10196,0.00001990
10197,0.00002002
10198,0.00002015
10199,0.00002027
10200,0.00002040
10201,0.00002044
10202,0.00002048
10203,0.00002053
10204,0.00002057
10205,0.00002061
10206,0.00002065
10207,0.00002070
10208,0.00002074
10209,0.00002078
10210,0.00002083
10211,0.00002089
10212,0.00002096
10213,0.00002103
10214,0.00002109
10215,0.00002116
10216,0.00002123
10217,0.00002129
10218,0.00002136
10219,0.00002143
10220,0.00002149
10221,0.00002163
10222,0.00002177
10223,0.00002191
10224,0.00002204
10225,0.00002218
10226,0.00002232
10227,0.00002246
10228,0.00002259
10229,0.00002273
10230,0.00002287
10231,0.00002290
10232,0.00002293
10233,0.00002296
10234,0.00002299
10235,0.00002302
10236,0.00002305
10237,0.00002309
10238,0.00002312
10239,0.00002315
10240,0.00002318
10241,0.00002326
10242,0.00002334
10243,0.00002341
10244,0.00002349
10245,0.00002357
10246,0.00002365
10247,0.00002373
10248,0.00002381
10249,0.00002388
10250,0.00002396
10251,0.00002403
10252,0.00002411
10253,0.00002418
10254,0.00002425
10255,0.00002432
10256,0.00002439
10257,0.00002446
10258,0.00002453
10259,0.00002461
10260,0.00002468
10261,0.00002471
10262,0.00002475
10263,0.00002478
10264,0.00002481
10265,0.00002485
10266,0.00002488
10267,0.00002492
10268,0.00002495
10269,0.00002499
10270,0.00002502
10271,0.00002509
10272,0.00002516
10273,0.00002523
10274,0.00002530
10275,0.00002536
10276,0.00002543
10277,0.00002550
10278,0.00002557
10279,0.00002564
10280,0.00002571
10281,0.00002580
10282,0.00002588
10283,0.00002597
10284,0.00002606
10285,0.00002615
10286,0.00002624
10287,0.00002633
10288,0.00002642
10289,0.00002651
10290,0.00002660
10291,0.00002658
10292,0.00002656
10293,0.00002655
10294,0.00002653
10295,0.00002652
10296,0.00002650
10297,0.00002648
10298,0.00002647
10299,0.00002645
10300,0.00002643
10301,0.00002630
10302,0.00002616
10303,0.00002603
10304,0.00002589
10305,0.00002576
10306,0.00002562
10307,0.00002549
10308,0.00002535
10309,0.00002522
10310,0.00002508
10311,0.00002497
10312,0.00002487
10313,0.00002476
10314,0.00002466
10315,0.00002455
10316,0.00002444
10317,0.00002434
10318,0.00002423
10319,0.00002413
10320,0.00002402
10321,0.00002391
10322,0.00002380
10323,0.00002369
10324,0.00002358
10325,0.00002347
10326,0.00002336
10327,0.00002325
10328,0.00002314
10329,0.00002303
10330,0.00002292
10331,0.00002285
10332,0.00002278
10333,0.00002270
10334,0.00002263
10335,0.00002255
10336,0.00002248
10337,0.00002241
10338,0.00002233
10339,0.00002226
10340,0.00002219
10341,0.00002204
10342,0.00002189
10343,0.00002175
10344,0.00002160
10345,0.00002146
10346,0.00002131
10347,0.00002117
10348,0.00002102
10349,0.00002088
10350,0.00002073
10351,0.00002057
10352,0.00002040
10353,0.00002023
10354,0.00002006
10355,0.00001990
10356,0.00001973
10357,0.00001956
10358,0.00001940
10359,0.00001923
10360,0.00001906
10361,0.00001891
10362,0.00001876
10363,0.00001860
10364,0.00001845
10365,0.00001830
10366,0.00001814
10367,0.00001799
10368,0.00001784
10369,0.00001768
10370,0.00001753
10371,0.00001740
10372,0.00001728
10373,0.00001715
10374,0.00001702
10375,0.00001690
10376,0.00001677
10377,0.00001664
10378,0.00001651
10379,0.00001639
10380,0.00001626
10381,0.00001610
10382,0.00001595
10383,0.00001579
10384,0.00001563
10385,0.00001547
10386,0.00001532
10387,0.00001516
10388,0.00001500
10389,0.00001484
10390,0.00001469
10391,0.00001447
10392,0.00001425
10393,0.00001403
10394,0.00001381
10395,0.00001360
10396,0.00001338
10397,0.00001316
10398,0.00001294
10399,0.00001273
10400,0.00001251
10401,0.00001232
10402,0.00001213
10403,0.00001194
10404,0.00001176
10405,0.00001157
10406,0.00001138
10407,0.00001119
10408,0.00001100
10409,0.00001082
10410,0.00001063
10411,0.00001050
10412,0.00001038
10413,0.00001025
10414,0.00001013
10415,0.00001000
10416,0.00000988
10417,0.00000975
10418,0.00000963
10419,0.00000950
10420,0.00000938
10421,0.00000931
10422,0.00000924
10423,0.00000917
10424,0.00000910
10425,0.00000903
10426,0.00000896
10427,0.00000889
10428,0.00000882
10429,0.00000875
10430,0.00000868
10431,0.00000857
10432,0.00000846
10433,0.00000835
10434,0.00000824
10435,0.00000812
10436,0.00000801
10437,0.00000790
10438,0.00000779
10439,0.00000768
10440,0.00000757
10441,0.00000742
10442,0.00000727
10443,0.00000712
10444,0.00000697
10445,0.00000683
10446,0.00000668
10447,0.00000653
10448,0.00000638
10449,0.00000623
10450,0.00000608
10451,0.00000597
10452,0.00000585
10453,0.00000574
10454,0.00000562
10455,0.00000551
10456,0.00000539
10457,0.00000528
10458,0.00000516
10459,0.00000505
10460,0.00000493
10461,0.00000488
10462,0.00000482
10463,0.00000477
10464,0.00000472
10465,0.00000466
10466,0.00000461
10467,0.00000455
10468,0.00000450
10469,0.00000444
10470,0.00000439
10471,0.00000434
10472,0.00000430
10473,0.00000425
10474,0.00000421
10475,0.00000417
10476,0.00000412
10477,0.00000408
10478,0.00000403
10479,0.00000399
10480,0.00000394
10481,0.00000391
10482,0.00000387
10483,0.00000384
10484,0.00000380
10485,0.00000377
10486,0.00000373
10487,0.00000370
10488,0.00000366
10489,0.00000362
10490,0.00000359
10491,0.00000357
10492,0.00000355
10493,0.00000354
10494,0.00000352
10495,0.00000350
10496,0.00000348
10497,0.00000346
10498,0.00000345
10499,0.00000343
10500,0.00000341
10501,0.00000340
10502,0.00000338
10503,0.00000337
10504,0.00000335
10505,0.00000334
10506,0.00000333
10507,0.00000331
10508,0.00000330
10509,0.00000329
10510,0.00000327
10511,0.00000325
10512,0.00000322
10513,0.00000319
10514,0.00000317
10515,0.00000314
10516,0.00000311
10517,0.00000309
10518,0.00000306
10519,0.00000303
10520,0.00000301
10521,0.00000301
10522,0.00000301
10523,0.00000301
10524,0.00000301
10525,0.00000301
10526,0.00000301
10527,0.00000302
10528,0.00000302
10529,0.00000302
10530,0.00000302
10531,0.00000302
10532,0.00000301
10533,0.00000301
10534,0.00000301
10535,0.00000300
10536,0.00000300
10537,0.00000300
10538,0.00000299
10539,0.00000299
10540,0.00000299
10541,0.00000297
10542,0.00000295
10543,0.00000294
10544,0.00000292
10545,0.00000290
10546,0.00000289
10547,0.00000287
10548,0.00000285
10549,0.00000284
10550,0.00000282
10551,0.00000282
10552,0.00000282
10553,0.00000282
10554,0.00000282
10555,0.00000281
10556,0.00000281
10557,0.00000281
10558,0.00000281
10559,0.00000281
10560,0.00000281
10561,0.00000280
10562,0.00000280
10563,0.00000279
10564,0.00000279
10565,0.00000279
10566,0.00000278
10567,0.00000278
10568,0.00000277
10569,0.00000277
10570,0.00000276
10571,0.00000276
10572,0.00000275
10573,0.00000274
10574,0.00000273
10575,0.00000273
10576,0.00000272
10577,0.00000271
10578,0.00000271
10579,0.00000270
10580,0.00000269
10581,0.00000270
10582,0.00000270
10583,0.00000270
10584,0.00000270
10585,0.00000271
10586,0.00000271
10587,0.00000271
10588,0.00000271
10589,0.00000272
10590,0.00000272
10591,0.00000272
10592,0.00000272
10593,0.00000273
10594,0.00000273
10595,0.00000273
10596,0.00000274
10597,0.00000274
10598,0.00000274
10599,0.00000275
10600,0.00000275
10601,0.00000275
10602,0.00000274
10603,0.00000274
10604,0.00000274
10605,0.00000274
10606,0.00000274
10607,0.00000274
10608,0.00000273
10609,0.00000273
10610,0.00000273
10611,0.00000273
10612,0.00000273
10613,0.00000273
10614,0.00000273
10615,0.00000273
10616,0.00000274
10617,0.00000274
10618,0.00000274
10619,0.00000274
10620,0.00000274
10621,0.00000273
10622,0.00000273
10623,0.00000273
10624,0.00000272
10625,0.00000272
10626,0.00000272
10627,0.00000271
10628,0.00000271
10629,0.00000270
10630,0.00000270
10631,0.00000270
10632,0.00000269
10633,0.00000269
10634,0.00000268
10635,0.00000268
10636,0.00000267
10637,0.00000267
10638,0.00000266
10639,0.00000266
10640,0.00000265
10641,0.00000265
10642,0.00000265
10643,0.00000265
10644,0.00000264
10645,0.00000264
10646,0.00000264
10647,0.00000264
10648,0.00000263
10649,0.00000263
10650,0.00000263
10651,0.00000261
10652,0.00000260
10653,0.00000259
10654,0.00000257
10655,0.00000256
10656,0.00000254
10657,0.00000253
10658,0.00000251
10659,0.00000250
10660,0.00000248
10661,0.00000247
10662,0.00000246
10663,0.00000245
10664,0.00000245
10665,0.00000244
10666,0.00000243
10667,0.00000242
10668,0.00000241
10669,0.00000240
10670,0.00000239
10671,0.00000240
10672,0.00000240
10673,0.00000241
10674,0.00000241
10675,0.00000242
10676,0.00000243
10677,0.00000243
10678,0.00000244
10679,0.00000244
10680,0.00000245
10681,0.00000245
10682,0.00000246
10683,0.00000246
10684,0.00000246
10685,0.00000247
10686,0.00000247
10687,0.00000247
10688,0.00000248
10689,0.00000248
10690,0.00000248
10691,0.00000248
10692,0.00000247
10693,0.00000246
10694,0.00000246
10695,0.00000245
10696,0.00000244
10697,0.00000244
10698,0.00000243
10699,0.00000242
10700,0.00000241
10701,0.00000240
10702,0.00000239
10703,0.00000238
10704,0.00000237
10705,0.00000236
10706,0.00000235
10707,0.00000234
10708,0.00000233
10709,0.00000232
10710,0.00000231
10711,0.00000230
10712,0.00000228
10713,0.00000227
10714,0.00000226
10715,0.00000225
10716,0.00000224
10717,0.00000222
10718,0.00000221
10719,0.00000220
10720,0.00000219
10721,0.00000218
10722,0.00000217
10723,0.00000216
10724,0.00000215
10725,0.00000213
10726,0.00000212
10727,0.00000211
10728,0.00000210
10729,0.00000209
10730,0.00000208
10731,0.00000207
10732,0.00000207
10733,0.00000206
10734,0.00000205
10735,0.00000204
10736,0.00000203
10737,0.00000203
10738,0.00000202
10739,0.00000201
10740,0.00000200
10741,0.00000199
10742,0.00000199
10743,0.00000198
10744,0.00000197
10745,0.00000196
10746,0.00000195
10747,0.00000194
10748,0.00000193
10749,0.00000192
10750,0.00000191
10751,0.00000191
10752,0.00000190
10753,0.00000189
10754,0.00000189
10755,0.00000188
10756,0.00000187
10757,0.00000187
10758,0.00000186
10759,0.00000185
10760,0.00000185
10761,0.00000184
10762,0.00000183
10763,0.00000183
10764,0.00000182
10765,0.00000181
10766,0.00000180
10767,0.00000180
10768,0.00000179
10769,0.00000178
10770,0.00000178
10771,0.00000177
10772,0.00000176
10773,0.00000175
10774,0.00000174
10775,0.00000173
10776,0.00000172
10777,0.00000171
10778,0.00000170
10779,0.00000169
10780,0.00000168
10781,0.00000168
10782,0.00000167
10783,0.00000167
10784,0.00000166
10785,0.00000166
10786,0.00000165
10787,0.00000164
10788,0.00000164
10789,0.00000163
10790,0.00000163
10791,0.00000163
10792,0.00000163
10793,0.00000162
10794,0.00000162
10795,0.00000162
10796,0.00000162
10797,0.00000162
10798,0.00000162
10799,0.00000162
10800,0.00000161
10801,0.00000161
10802,0.00000160
10803,0.00000160
10804,0.00000159
10805,0.00000158
10806,0.00000158
10807,0.00000157
10808,0.00000157
10809,0.00000156
10810,0.00000155
10811,0.00000155
10812,0.00000155
10813,0.00000154
10814,0.00000154
10815,0.00000154
10816,0.00000153
10817,0.00000153
10818,0.00000152
10819,0.00000152
10820,0.00000152
10821,0.00000152
10822,0.00000152
10823,0.00000152
10824,0.00000153
10825,0.00000153
10826,0.00000153
10827,0.00000153
10828,0.00000154
10829,0.00000154
10830,0.00000154
10831,0.00000154
10832,0.00000154
10833,0.00000154
10834,0.00000154
10835,0.00000153
10836,0.00000153
10837,0.00000153
10838,0.00000153
10839,0.00000153
10840,0.00000153
10841,0.00000153
10842,0.00000153
10843,0.00000152
10844,0.00000152
10845,0.00000152
10846,0.00000152
10847,0.00000152
10848,0.00000152
10849,0.00000151
10850,0.00000151
10851,0.00000152
10852,0.00000152
10853,0.00000153
10854,0.00000153
10855,0.00000154
10856,0.00000154
10857,0.00000155
10858,0.00000155
10859,0.00000155
10860,0.00000156
10861,0.00000156
10862,0.00000157
10863,0.00000157
10864,0.00000157
10865,0.00000158
10866,0.00000158
10867,0.00000158
10868,0.00000158
10869,0.00000159
10870,0.00000159
10871,0.00000159
10872,0.00000159
10873,0.00000159
10874,0.00000159
10875,0.00000159
10876,0.00000159
10877,0.00000159
10878,0.00000159
10879,0.00000159
10880,0.00000159
10881,0.00000159
10882,0.00000159
10883,0.00000159
10884,0.00000159
10885,0.00000160
10886,0.00000160
10887,0.00000160
10888,0.00000160
10889,0.00000160
10890,0.00000160
10891,0.00000160
10892,0.00000160
10893,0.00000160
10894,0.00000160
10895,0.00000161
10896,0.00000161
10897,0.00000161
10898,0.00000161
10899,0.00000161
10900,0.00000161
10901,0.00000161
10902,0.00000161
10903,0.00000161
10904,0.00000161
10905,0.00000161
10906,0.00000161
10907,0.00000161
10908,0.00000161
10909,0.00000161
10910,0.00000161
10911,0.00000160
10912,0.00000160
10913,0.00000160
10914,0.00000160
10915,0.00000159
10916,0.00000159
10917,0.00000159
10918,0.00000158
10919,0.00000158
10920,0.00000158
10921,0.00000157
10922,0.00000157
10923,0.00000156
10924,0.00000156
10925,0.00000155
10926,0.00000154
10927,0.00000154
10928,0.00000153
10929,0.00000153
10930,0.00000152
10931,0.00000152
10932,0.00000152
10933,0.00000152
10934,0.00000151
10935,0.00000151
10936,0.00000151
10937,0.00000151
10938,0.00000151
10939,0.00000150
10940,0.00000150
10941,0.00000150
10942,0.00000150
10943,0.00000151
10944,0.00000151
10945,0.00000151
10946,0.00000151
10947,0.00000151
10948,0.00000151
10949,0.00000152
10950,0.00000152
10951,0.00000151
10952,0.00000151
10953,0.00000151
10954,0.00000150
10955,0.00000150
10956,0.00000149
10957,0.00000149
10958,0.00000149
10959,0.00000148
10960,0.00000148
10961,0.00000148
10962,0.00000147
10963,0.00000147
10964,0.00000147
10965,0.00000147
10966,0.00000146
10967,0.00000146
10968,0.00000146
10969,0.00000146
10970,0.00000145
10971,0.00000145
10972,0.00000145
10973,0.00000145
10974,0.00000144
10975,0.00000144
10976,0.00000144
10977,0.00000143
10978,0.00000143
10979,0.00000143
10980,0.00000142
10981,0.00000142
10982,0.00000141
10983,0.00000140
10984,0.00000139
10985,0.00000138
10986,0.00000137
10987,0.00000136
10988,0.00000135
10989,0.00000134
10990,0.00000134
10991,0.00000133
10992,0.00000132
10993,0.00000132
10994,0.00000131
10995,0.00000130
10996,0.00000130
10997,0.00000129
10998,0.00000128
10999,0.00000128
11000,0.00000127
11001,0.00000127
11002,0.00000126
11003,0.00000126
11004,0.00000126
11005,0.00000125
11006,0.00000125
11007,0.00000124
11008,0.00000124
11009,0.00000124
11010,0.00000123
11011,0.00000123
11012,0.00000122
11013,0.00000122
11014,0.00000121
11015,0.00000121
11016,0.00000120
11017,0.00000120
11018,0.00000119
11019,0.00000119
11020,0.00000118
11021,0.00000118
11022,0.00000117
11023,0.00000116
11024,0.00000116
11025,0.00000115
11026,0.00000115
11027,0.00000114
11028,0.00000114
11029,0.00000113
11030,0.00000112
11031,0.00000112
11032,0.00000111
11033,0.00000110
11034,0.00000109
11035,0.00000109
11036,0.00000108
11037,0.00000107
11038,0.00000107
11039,0.00000106
11040,0.00000105
11041,0.00000105
11042,0.00000104
11043,0.00000103
11044,0.00000102
11045,0.00000102
11046,0.00000101
11047,0.00000100
11048,0.00000100
11049,0.00000099
11050,0.00000098
11051,0.00000098
11052,0.00000097
11053,0.00000097
11054,0.00000096
11055,0.00000095
11056,0.00000095
11057,0.00000094
11058,0.00000094
11059,0.00000093
11060,0.00000093
11061,0.00000092
11062,0.00000091
11063,0.00000091
11064,0.00000090
11065,0.00000089
11066,0.00000088
11067,0.00000088
11068,0.00000087
11069,0.00000086
11070,0.00000086
11071,0.00000085
11072,0.00000084
11073,0.00000084
11074,0.00000083
11075,0.00000083
11076,0.00000082
11077,0.00000081
11078,0.00000081
11079,0.00000080
11080,0.00000080
11081,0.00000079
11082,0.00000079
11083,0.00000079
11084,0.00000079
11085,0.00000078
11086,0.00000078
11087,0.00000078
11088,0.00000078
11089,0.00000077
11090,0.00000077
11091,0.00000077
11092,0.00000076
11093,0.00000076
11094,0.00000076
11095,0.00000075
11096,0.00000075
11097,0.00000074
11098,0.00000074
11099,0.00000074
11100,0.00000073
11101,0.00000073
11102,0.00000072
11103,0.00000071
11104,0.00000071
11105,0.00000070
11106,0.00000070
11107,0.00000069
11108,0.00000069
11109,0.00000068
11110,0.00000067
11111,0.00000067
11112,0.00000066
11113,0.00000066
11114,0.00000065
11115,0.00000065
11116,0.00000064
11117,0.00000064
11118,0.00000063
11119,0.00000062
11120,0.00000062
11121,0.00000061
11122,0.00000061
11123,0.00000060
11124,0.00000060
11125,0.00000059
11126,0.00000059
11127,0.00000058
11128,0.00000058
11129,0.00000057
11130,0.00000057
11131,0.00000056
11132,0.00000056
11133,0.00000055
11134,0.00000055
11135,0.00000055
11136,0.00000054
11137,0.00000054
11138,0.00000054
11139,0.00000053
11140,0.00000053
11141,0.00000053
11142,0.00000052
11143,0.00000052
11144,0.00000052
11145,0.00000051
11146,0.00000051
11147,0.00000051
11148,0.00000050
11149,0.00000050
11150,0.00000050
11151,0.00000049
11152,0.00000049
11153,0.00000049
11154,0.00000049
11155,0.00000048
11156,0.00000048
11157,0.00000048
11158,0.00000047
11159,0.00000047
11160,0.00000047
11161,0.00000047
11162,0.00000046
11163,0.00000046
11164,0.00000046
11165,0.00000046
11166,0.00000045
11167,0.00000045
11168,0.00000045
11169,0.00000045
11170,0.00000045
11171,0.00000044
11172,0.00000044
11173,0.00000044
11174,0.00000043
11175,0.00000043
11176,0.00000043
11177,0.00000042
11178,0.00000042
11179,0.00000042
11180,0.00000041
11181,0.00000041
11182,0.00000040
11183,0.00000040
11184,0.00000039
11185,0.00000039
11186,0.00000039
11187,0.00000038
11188,0.00000038
11189,0.00000037
11190,0.00000037
11191,0.00000037
11192,0.00000036
11193,0.00000036
11194,0.00000036
11195,0.00000035
11196,0.00000035
11197,0.00000035
11198,0.00000034
11199,0.00000034
11200,0.00000034
11201,0.00000033
11202,0.00000033
11203,0.00000033
11204,0.00000033
11205,0.00000032
11206,0.00000032
11207,0.00000032
11208,0.00000032
11209,0.00000031
11210,0.00000031
11211,0.00000031
11212,0.00000031
11213,0.00000030
11214,0.00000030
11215,0.00000030
11216,0.00000029
11217,0.00000029
11218,0.00000029
11219,0.00000029
11220,0.00000028
11221,0.00000028
11222,0.00000028
11223,0.00000027
11224,0.00000027
11225,0.00000027
11226,0.00000026
11227,0.00000026
11228,0.00000026
11229,0.00000025
11230,0.00000025
11231,0.00000025
11232,0.00000024
11233,0.00000024
11234,0.00000024
11235,0.00000023
11236,0.00000023
11237,0.00000022
11238,0.00000022
11239,0.00000022
11240,0.00000021
11241,0.00000021
11242,0.00000021
11243,0.00000021
11244,0.00000020
11245,0.00000020
11246,0.00000020
11247,0.00000019
11248,0.00000019
11249,0.00000019
11250,0.00000019
11251,0.00000018
11252,0.00000018
11253,0.00000018
11254,0.00000017
11255,0.00000017
11256,0.00000017
11257,0.00000017
11258,0.00000016
11259,0.00000016
11260,0.00000016
11261,0.00000015
11262,0.00000015
11263,0.00000015
11264,0.00000014
11265,0.00000014
11266,0.00000014
11267,0.00000013
11268,0.00000013
11269,0.00000013
11270,0.00000012
11271,0.00000012
11272,0.00000012
11273,0.00000011
11274,0.00000011
11275,0.00000010
11276,0.00000010
11277,0.00000010
11278,0.00000009
11279,0.00000009
11280,0.00000009
11281,0.00000008
11282,0.00000008
11283,0.00000007
11284,0.00000007
11285,0.00000007
11286,0.00000006
11287,0.00000006
11288,0.00000005
11289,0.00000005
11290,0.00000005
11291,0.00000004
11292,0.00000004
11293,0.00000003
11294,0.00000003
11295,0.00000002
11296,0.00000002
11297,0.00000001
11298,0.00000001
11299,0.00000000
11300,0.00000000
11301,0.00000000
11302,0.00000000
11303,0.00000000
11304,0.00000000
11305,0.00000000
11306,0.00000000
11307,0.00000000
11308,0.00000000
11309,0.00000000
11310,0.00000000
11311,0.00000000
11312,0.00000000
11313,0.00000000
11314,0.00000000
11315,0.00000000
11316,0.00000000
11317,0.00000000
11318,0.00000000
11319,0.00000000
11320,0.00000000
11321,0.00000000
11322,0.00000000
11323,0.00000000
11324,0.00000000
11325,0.00000000
11326,0.00000000
11327,0.00000000
11328,0.00000000
11329,0.00000000
11330,0.00000000
11331,0.00000000
11332,0.00000000
11333,0.00000000
11334,0.00000000
11335,0.00000000
11336,0.00000000
11337,0.00000000
11338,0.00000000
11339,0.00000000
11340,0.00000000
11341,0.00000000
11342,0.00000000
11343,0.00000000
11344,0.00000000
11345,0.00000000
11346,0.00000000
11347,0.00000000
11348,0.00000000
11349,0.00000000
11350,0.00000000
11351,0.00000000
11352,0.00000000
11353,0.00000000
11354,0.00000000
11355,0.00000000
11356,0.00000000
11357,0.00000000
11358,0.00000000
11359,0.00000000
11360,0.00000000
11361,0.00000000
11362,0.00000000
11363,0.00000000
11364,0.00000000
11365,0.00000000
11366,0.00000000
11367,0.00000000
11368,0.00000000
11369,0.00000000
11370,0.00000000
11371,0.00000000
11372,0.00000000
11373,0.00000000
11374,0.00000000
11375,0.00000000
11376,0.00000000
11377,0.00000000
11378,0.00000000
11379,0.00000000
11380,0.00000000
11381,0.00000000
11382,0.00000000
11383,0.00000000
11384,0.00000000
11385,0.00000000
11386,0.00000000
11387,0.00000000
11388,0.00000000
11389,0.00000000
11390,0.00000000
11391,0.00000000
11392,0.00000000
11393,0.00000000
11394,0.00000000
11395,0.00000000
11396,0.00000000
11397,0.00000000
11398,0.00000000
11399,0.00000000
11400,0.00000000
11401,0.00000000
11402,0.00000000
11403,0.00000000
11404,0.00000000
11405,0.00000000
11406,0.00000000
11407,0.00000000
11408,0.00000000
11409,0.00000000
11410,0.00000000
11411,0.00000000
11412,0.00000000
11413,0.00000000
11414,0.00000000
11415,0.00000000
11416,0.00000000
11417,0.00000000
11418,0.00000000
11419,0.00000000
11420,0.00000000
11421,0.00000000
11422,0.00000000
11423,0.00000000
11424,0.00000000
11425,0.00000000
11426,0.00000000
11427,0.00000000
11428,0.00000000
11429,0.00000000
11430,0.00000000
11431,0.00000000
11432,0.00000000
11433,0.00000000
11434,0.00000000
11435,0.00000000
11436,0.00000000
11437,0.00000000
11438,0.00000000
11439,0.00000000
11440,0.00000000
11441,0.00000000
11442,0.00000000
11443,0.00000000
11444,0.00000000
11445,0.00000000
11446,0.00000000
11447,0.00000000
11448,0.00000000
11449,0.00000000
11450,0.00000000
11451,0.00000000
11452,0.00000000
11453,0.00000000
11454,0.00000000
11455,0.00000000
11456,0.00000000
11457,0.00000000
11458,0.00000000
11459,0.00000000
11460,0.00000000
11461,0.00000000
11462,0.00000000
11463,0.00000000
11464,0.00000000
11465,0.00000000
11466,0.00000000
11467,0.00000000
11468,0.00000000
11469,0.00000000
11470,0.00000000
11471,0.00000000
11472,0.00000000
11473,0.00000000
11474,0.00000000
11475,0.00000000
11476,0.00000000
11477,0.00000000
11478,0.00000000
11479,0.00000000
11480,0.00000000
11481,0.00000000
11482,0.00000000
11483,0.00000000
11484,0.00000000
11485,0.00000000
11486,0.00000000
11487,0.00000000
11488,0.00000000
11489,0.00000000
11490,0.00000000
11491,0.00000000
11492,0.00000000
11493,0.00000000
11494,0.00000000
11495,0.00000000
11496,0.00000000
11497,0.00000000
11498,0.00000000
11499,0.00000000
11500,0.00000000
11501,0.00000000
11502,0.00000000
11503,0.00000000
11504,0.00000000
11505,0.00000000
11506,0.00000000
11507,0.00000000
11508,0.00000000
11509,0.00000000
11510,0.00000000
11511,0.00000000
11512,0.00000000
11513,0.00000000
11514,0.00000000
11515,0.00000000
11516,0.00000000
11517,0.00000000
11518,0.00000000
11519,0.00000000
11520,0.00000000
11521,0.00000000
11522,0.00000000
11523,0.00000000
11524,0.00000000
11525,0.00000000
11526,0.00000000
11527,0.00000000
11528,0.00000000
11529,0.00000000
11530,0.00000000
11531,0.00000000
11532,0.00000000
11533,0.00000000
11534,0.00000000
11535,0.00000000
11536,0.00000000
11537,0.00000000
11538,0.00000000
11539,0.00000000
11540,0.00000000
11541,0.00000000
11542,0.00000000
11543,0.00000000
11544,0.00000000
11545,0.00000000
11546,0.00000000
11547,0.00000000
11548,0.00000000
11549,0.00000000
11550,0.00000000
11551,0.00000000
11552,0.00000000
11553,0.00000000
11554,0.00000000
11555,0.00000000
11556,0.00000000
11557,0.00000000
11558,0.00000000
11559,0.00000000
11560,0.00000000
11561,0.00000000
11562,0.00000000
11563,0.00000000
11564,0.00000000
11565,0.00000000
11566,0.00000000
11567,0.00000000
11568,0.00000000
11569,0.00000000
11570,0.00000000
11571,0.00000000
11572,0.00000000
11573,0.00000000
11574,0.00000000
11575,0.00000000
11576,0.00000000
11577,0.00000000
11578,0.00000000
11579,0.00000000
11580,0.00000000
11581,0.00000000
11582,0.00000000
11583,0.00000000
11584,0.00000000
11585,0.00000000
11586,0.00000000
11587,0.00000000
11588,0.00000000
11589,0.00000000
11590,0.00000000
11591,0.00000000
11592,0.00000000
11593,0.00000000
11594,0.00000000
11595,0.00000000
11596,0.00000000
11597,0.00000000
11598,0.00000000
11599,0.00000000
11600,0.00000000
11601,0.00000000
11602,0.00000000
11603,0.00000000
11604,0.00000000
11605,0.00000000
11606,0.00000000
11607,0.00000000
11608,0.00000000
11609,0.00000000
11610,0.00000000
11611,0.00000000
11612,0.00000000
11613,0.00000000
11614,0.00000000
11615,0.00000000
11616,0.00000000
11617,0.00000000
11618,0.00000000
11619,0.00000000
11620,0.00000000
11621,0.00000000
11622,0.00000000
11623,0.00000000
11624,0.00000000
11625,0.00000000
11626,0.00000000
11627,0.00000000
11628,0.00000000
11629,0.00000000
11630,0.00000000
11631,0.00000000
11632,0.00000000
11633,0.00000000
11634,0.00000000
11635,0.00000000
11636,0.00000000
11637,0.00000000
11638,0.00000000
11639,0.00000000
11640,0.00000000
11641,0.00000000
11642,0.00000000
11643,0.00000000
11644,0.00000000
11645,0.00000000
11646,0.00000000
11647,0.00000000
11648,0.00000000
11649,0.00000000
11650,0.00000000
11651,0.00000000
11652,0.00000000
11653,0.00000000
11654,0.00000000
11655,0.00000000
11656,0.00000000
11657,0.00000000
11658,0.00000000
11659,0.00000000
11660,0.00000000
11661,0.00000000
11662,0.00000000
11663,0.00000000
11664,0.00000000
11665,0.00000000
11666,0.00000000
11667,0.00000000
11668,0.00000000
11669,0.00000000
11670,0.00000000
11671,0.00000000
11672,0.00000000
11673,0.00000000
11674,0.00000000
11675,0.00000000
11676,0.00000000
11677,0.00000000
11678,0.00000000
11679,0.00000000
11680,0.00000000
11681,0.00000000
11682,0.00000000
11683,0.00000000
11684,0.00000000
11685,0.00000000
11686,0.00000000
11687,0.00000000
11688,0.00000000
11689,0.00000000
11690,0.00000000
11691,0.00000000
11692,0.00000000
11693,0.00000000
11694,0.00000000
11695,0.00000000
11696,0.00000000
11697,0.00000000
11698,0.00000000
11699,0.00000000
11700,0.00000000
11701,0.00000000
11702,0.00000000
11703,0.00000000
11704,0.00000000
11705,0.00000000
11706,0.00000000
11707,0.00000000
11708,0.00000000
11709,0.00000000
11710,0.00000000
11711,0.00000000
11712,0.00000000
11713,0.00000000
11714,0.00000000
11715,0.00000000
11716,0.00000000
11717,0.00000000
11718,0.00000000
11719,0.00000000
11720,0.00000000
11721,0.00000000
11722,0.00000000
11723,0.00000000
11724,0.00000000
11725,0.00000000
11726,0.00000000
11727,0.00000000
11728,0.00000000
11729,0.00000000
11730,0.00000000
11731,0.00000000
11732,0.00000000
11733,0.00000000
11734,0.00000000
11735,0.00000000
11736,0.00000000
11737,0.00000000
11738,0.00000000
11739,0.00000000
11740,0.00000000
11741,0.00000000
11742,0.00000000
11743,0.00000000
11744,0.00000000
11745,0.00000000
11746,0.00000000
11747,0.00000000
11748,0.00000000
11749,0.00000000
11750,0.00000000
11751,0.00000000
11752,0.00000000
11753,0.00000000
11754,0.00000000
11755,0.00000000
11756,0.00000000
11757,0.00000000
11758,0.00000000
11759,0.00000000
11760,0.00000000
11761,0.00000000
11762,0.00000000
11763,0.00000000
11764,0.00000000
11765,0.00000000
11766,0.00000000
11767,0.00000000
11768,0.00000000
11769,0.00000000
11770,0.00000000
11771,0.00000000
11772,0.00000000
11773,0.00000000
11774,0.00000000
11775,0.00000000
11776,0.00000000
11777,0.00000000
11778,0.00000000
11779,0.00000000
11780,0.00000000
11781,0.00000000
11782,0.00000000
11783,0.00000000
11784,0.00000000
11785,0.00000000
11786,0.00000000
11787,0.00000000
11788,0.00000000
11789,0.00000000
11790,0.00000000
11791,0.00000000
11792,0.00000000
11793,0.00000000
11794,0.00000000
11795,0.00000000
11796,0.00000000
11797,0.00000000
11798,0.00000000
11799,0.00000000
11800,0.00000000
11801,0.00000000
11802,0.00000000
11803,0.00000000
11804,0.00000000
11805,0.00000000
11806,0.00000000
11807,0.00000000
11808,0.00000000
11809,0.00000000
11810,0.00000000
11811,0.00000000
11812,0.00000000
11813,0.00000000
11814,0.00000000
11815,0.00000000
11816,0.00000000
11817,0.00000000
11818,0.00000000
11819,0.00000000
11820,0.00000000
11821,0.00000000
11822,0.00000000
11823,0.00000000
11824,0.00000000
11825,0.00000000
11826,0.00000000
11827,0.00000000
11828,0.00000000
11829,0.00000000
11830,0.00000000
11831,0.00000000
11832,0.00000000
11833,0.00000000
11834,0.00000000
11835,0.00000000
11836,0.00000000
11837,0.00000000
11838,0.00000000
11839,0.00000000
11840,0.00000000
11841,0.00000000
11842,0.00000000
11843,0.00000000
11844,0.00000000
11845,0.00000000
11846,0.00000000
11847,0.00000000
11848,0.00000000
11849,0.00000000
11850,0.00000000
11851,0.00000000
11852,0.00000000
11853,0.00000000
11854,0.00000000
11855,0.00000000
11856,0.00000000
11857,0.00000000
11858,0.00000000
11859,0.00000000
11860,0.00000000
11861,0.00000000
11862,0.00000000
11863,0.00000000
11864,0.00000000
11865,0.00000000
11866,0.00000000
11867,0.00000000
11868,0.00000000
11869,0.00000000
11870,0.00000000
11871,0.00000000
11872,0.00000000
11873,0.00000000
11874,0.00000000
11875,0.00000000
11876,0.00000000
11877,0.00000000
11878,0.00000000
11879,0.00000000
11880,0.00000000
11881,0.00000000
11882,0.00000000
11883,0.00000000
11884,0.00000000
11885,0.00000000
11886,0.00000000
11887,0.00000000
11888,0.00000000
11889,0.00000000
11890,0.00000000
11891,0.00000000
11892,0.00000000
11893,0.00000000
11894,0.00000000
11895,0.00000000
11896,0.00000000
11897,0.00000000
11898,0.00000000
11899,0.00000000
11900,0.00000000
11901,0.00000000
11902,0.00000000
11903,0.00000000
11904,0.00000000
11905,0.00000000
11906,0.00000000
11907,0.00000000
11908,0.00000000
11909,0.00000000
11910,0.00000000
11911,0.00000000
11912,0.00000000
11913,0.00000000
11914,0.00000000
11915,0.00000000
11916,0.00000000
11917,0.00000000
11918,0.00000000
11919,0.00000000
11920,0.00000000
11921,0.00000000
11922,0.00000000
11923,0.00000000
11924,0.00000000
11925,0.00000000
11926,0.00000000
11927,0.00000000
11928,0.00000000
11929,0.00000000
11930,0.00000000
11931,0.00000000
11932,0.00000000
11933,0.00000000
11934,0.00000000
11935,0.00000000
11936,0.00000000
11937,0.00000000
11938,0.00000000
11939,0.00000000
11940,0.00000000
11941,0.00000000
11942,0.00000000
11943,0.00000000
11944,0.00000000
11945,0.00000000
11946,0.00000000
11947,0.00000000
11948,0.00000000
11949,0.00000000
11950,0.00000000
11951,0.00000000
11952,0.00000000
11953,0.00000000
11954,0.00000000
11955,0.00000000
11956,0.00000000
11957,0.00000000
11958,0.00000000
11959,0.00000000
11960,0.00000000
11961,0.00000000
11962,0.00000000
11963,0.00000000
11964,0.00000000
11965,0.00000000
11966,0.00000000
11967,0.00000000
11968,0.00000000
11969,0.00000000
11970,0.00000000
11971,0.00000000
11972,0.00000000
11973,0.00000000
11974,0.00000000
11975,0.00000000
11976,0.00000000
11977,0.00000000
11978,0.00000000
11979,0.00000000
11980,0.00000000
11981,0.00000000
11982,0.00000000
11983,0.00000000
11984,0.00000000
11985,0.00000000
11986,0.00000000
11987,0.00000000
11988,0.00000000
11989,0.00000000
11990,0.00000000
11991,0.00000000
11992,0.00000000
11993,0.00000000
11994,0.00000000
11995,0.00000000
11996,0.00000000
11997,0.00000000
11998,0.00000000
11999,0.00000000
12000,0.00000000
12001,0.00000000
12002,0.00000000
12003,0.00000000
12004,0.00000000
12005,0.00000000
12006,0.00000000
12007,0.00000000
12008,0.00000000
12009,0.00000000
12010,0.00000000
12011,0.00000000
12012,0.00000000
12013,0.00000000
12014,0.00000000
12015,0.00000000
12016,0.00000000
12017,0.00000000
12018,0.00000000
12019,0.00000000
12020,0.00000000
12021,0.00000000
12022,0.00000000
12023,0.00000000
12024,0.00000000
12025,0.00000000
12026,0.00000000
12027,0.00000000
12028,0.00000000
12029,0.00000000
12030,0.00000000
12031,0.00000000
12032,0.00000000
12033,0.00000000
12034,0.00000000
12035,0.00000000
12036,0.00000000
12037,0.00000000
12038,0.00000000
12039,0.00000000
12040,0.00000000
12041,0.00000000
12042,0.00000000
12043,0.00000000
12044,0.00000000
12045,0.00000000
12046,0.00000000
12047,0.00000000
12048,0.00000000
12049,0.00000000
12050,0.00000000
12051,0.00000000
12052,0.00000000
12053,0.00000000
12054,0.00000000
12055,0.00000000
12056,0.00000000
12057,0.00000000
12058,0.00000000
12059,0.00000000
12060,0.00000000
12061,0.00000000
12062,0.00000000
12063,0.00000000
12064,0.00000000
12065,0.00000000
12066,0.00000000
12067,0.00000000
12068,0.00000000
12069,0.00000000
12070,0.00000000
12071,0.00000000
12072,0.00000000
12073,0.00000000
12074,0.00000000
12075,0.00000000
12076,0.00000000
12077,0.00000000
12078,0.00000000
12079,0.00000000
12080,0.00000000
12081,0.00000000
12082,0.00000000
12083,0.00000000
12084,0.00000000
12085,0.00000000
12086,0.00000000
12087,0.00000000
12088,0.00000000
12089,0.00000000
12090,0.00000000
12091,0.00000000
12092,0.00000000
12093,0.00000000
12094,0.00000000
12095,0.00000000
12096,0.00000000
12097,0.00000000
12098,0.00000000
12099,0.00000000
12100,0.00000000
12101,0.00000000
12102,0.00000000
12103,0.00000000
12104,0.00000000
12105,0.00000000
12106,0.00000000
12107,0.00000000
12108,0.00000000
12109,0.00000000
12110,0.00000000
12111,0.00000000
12112,0.00000000
12113,0.00000000
12114,0.00000000
12115,0.00000000
12116,0.00000000
12117,0.00000000
12118,0.00000000
12119,0.00000000
12120,0.00000000
12121,0.00000000
12122,0.00000000
12123,0.00000000
12124,0.00000000
12125,0.00000000
12126,0.00000000
12127,0.00000000
12128,0.00000000
12129,0.00000000
12130,0.00000000
12131,0.00000000
12132,0.00000000
12133,0.00000000
12134,0.00000000
12135,0.00000000
12136,0.00000000
12137,0.00000000
12138,0.00000000
12139,0.00000000
12140,0.00000000
12141,0.00000000
12142,0.00000000
12143,0.00000000
12144,0.00000000
12145,0.00000000
12146,0.00000000
12147,0.00000000
12148,0.00000000
12149,0.00000000
12150,0.00000000
12151,0.00000000
12152,0.00000000
12153,0.00000000
12154,0.00000000
12155,0.00000000
12156,0.00000000
12157,0.00000000
12158,0.00000000
12159,0.00000000
12160,0.00000000
12161,0.00000000
12162,0.00000000
12163,0.00000000
12164,0.00000000
12165,0.00000000
12166,0.00000000
12167,0.00000000
12168,0.00000000
12169,0.00000000
12170,0.00000000
12171,0.00000000
12172,0.00000000
12173,0.00000000
12174,0.00000000
12175,0.00000000
12176,0.00000000
12177,0.00000000
12178,0.00000000
12179,0.00000000
12180,0.00000000
12181,0.00000000
12182,0.00000000
12183,0.00000000
12184,0.00000000
12185,0.00000000
12186,0.00000000
12187,0.00000000
12188,0.00000000
12189,0.00000000
12190,0.00000000
12191,0.00000000
12192,0.00000000
12193,0.00000000
12194,0.00000000
12195,0.00000000
12196,0.00000000
12197,0.00000000
12198,0.00000000
12199,0.00000000
12200,0.00000000
12201,0.00000000
12202,0.00000000
12203,0.00000000
12204,0.00000000
12205,0.00000000
12206,0.00000000
12207,0.00000000
12208,0.00000000
12209,0.00000000
12210,0.00000000
12211,0.00000000
12212,0.00000000
12213,0.00000000
12214,0.00000000
12215,0.00000000
12216,0.00000000
12217,0.00000000
12218,0.00000000
12219,0.00000000
12220,0.00000000
12221,0.00000000
12222,0.00000000
12223,0.00000000
12224,0.00000000
12225,0.00000000
12226,0.00000000
12227,0.00000000
12228,0.00000000
12229,0.00000000
12230,0.00000000
12231,0.00000000
12232,0.00000000
12233,0.00000000
12234,0.00000000
12235,0.00000000
12236,0.00000000
12237,0.00000000
12238,0.00000000
12239,0.00000000
12240,0.00000000
12241,0.00000000
12242,0.00000000
12243,0.00000000
12244,0.00000000
12245,0.00000000
12246,0.00000000
12247,0.00000000
12248,0.00000000
12249,0.00000000
12250,0.00000000
12251,0.00000000
12252,0.00000000
12253,0.00000000
12254,0.00000000
12255,0.00000000
12256,0.00000000
12257,0.00000000
12258,0.00000000
12259,0.00000000
12260,0.00000000
12261,0.00000000
12262,0.00000000
12263,0.00000000
12264,0.00000000
12265,0.00000000
12266,0.00000000
12267,0.00000000
12268,0.00000000
12269,0.00000000
12270,0.00000000
12271,0.00000000
12272,0.00000000
12273,0.00000000
12274,0.00000000
12275,0.00000000
12276,0.00000000
12277,0.00000000
12278,0.00000000
12279,0.00000000
12280,0.00000000
12281,0.00000000
12282,0.00000000
12283,0.00000000
12284,0.00000000
12285,0.00000000
12286,0.00000000
12287,0.00000000
12288,0.00000000
12289,0.00000000
12290,0.00000000
12291,0.00000000
12292,0.00000000
12293,0.00000000
12294,0.00000000
12295,0.00000000
12296,0.00000000
12297,0.00000000
12298,0.00000000
12299,0.00000000
12300,0.00000000
12301,0.00000000
12302,0.00000000
12303,0.00000000
12304,0.00000000
12305,0.00000000
12306,0.00000000
12307,0.00000000
12308,0.00000000
12309,0.00000000
12310,0.00000000
12311,0.00000000
12312,0.00000000
12313,0.00000000
12314,0.00000000
12315,0.00000000
12316,0.00000000
12317,0.00000000
12318,0.00000000
12319,0.00000000
12320,0.00000000
12321,0.00000000
12322,0.00000000
12323,0.00000000
12324,0.00000000
12325,0.00000000
12326,0.00000000
12327,0.00000000
12328,0.00000000
12329,0.00000000
12330,0.00000000
12331,0.00000000
12332,0.00000000
12333,0.00000000
12334,0.00000000
12335,0.00000000
12336,0.00000000
12337,0.00000000
12338,0.00000000
12339,0.00000000
12340,0.00000000
12341,0.00000000
12342,0.00000000
12343,0.00000000
12344,0.00000000
12345,0.00000000
12346,0.00000000
12347,0.00000000
12348,0.00000000
12349,0.00000000
12350,0.00000000
12351,0.00000000
12352,0.00000000
12353,0.00000000
12354,0.00000000
12355,0.00000000
12356,0.00000000
12357,0.00000000
12358,0.00000000
12359,0.00000000
12360,0.00000000
12361,0.00000000
12362,0.00000000
12363,0.00000000
12364,0.00000000
12365,0.00000000
12366,0.00000000
12367,0.00000000
12368,0.00000000
12369,0.00000000
12370,0.00000000
12371,0.00000000
12372,0.00000000
12373,0.00000000
12374,0.00000000
12375,0.00000000
12376,0.00000000
12377,0.00000000
12378,0.00000000
12379,0.00000000
12380,0.00000000
12381,0.00000000
12382,0.00000000
12383,0.00000000
12384,0.00000000
12385,0.00000000
12386,0.00000000
12387,0.00000000
12388,0.00000000
12389,0.00000000
12390,0.00000000
12391,0.00000000
12392,0.00000000
12393,0.00000000
12394,0.00000000
12395,0.00000000
12396,0.00000000
12397,0.00000000
12398,0.00000000
12399,0.00000000
12400,0.00000000
12401,0.00000000
12402,0.00000000
12403,0.00000000
12404,0.00000000
12405,0.00000000
12406,0.00000000
12407,0.00000000
12408,0.00000000
12409,0.00000000
12410,0.00000000
12411,0.00000000
12412,0.00000000
12413,0.00000000
12414,0.00000000
12415,0.00000000
12416,0.00000000
12417,0.00000000
12418,0.00000000
12419,0.00000000
12420,0.00000000
12421,0.00000000
12422,0.00000000
12423,0.00000000
12424,0.00000000
12425,0.00000000
12426,0.00000000
12427,0.00000000
12428,0.00000000
12429,0.00000000
12430,0.00000000
12431,0.00000000
12432,0.00000000
12433,0.00000000
12434,0.00000000
12435,0.00000000
12436,0.00000000
12437,0.00000000
12438,0.00000000
12439,0.00000000
12440,0.00000000
12441,0.00000000
12442,0.00000000
12443,0.00000000
12444,0.00000000
12445,0.00000000
12446,0.00000000
12447,0.00000000
12448,0.00000000
12449,0.00000000
12450,0.00000000
12451,0.00000000
12452,0.00000000
12453,0.00000000
12454,0.00000000
12455,0.00000000
12456,0.00000000
12457,0.00000000
12458,0.00000000
12459,0.00000000
12460,0.00000000
12461,0.00000000
12462,0.00000000
12463,0.00000000
12464,0.00000000
12465,0.00000000
12466,0.00000000
12467,0.00000000
12468,0.00000000
12469,0.00000000
12470,0.00000000
12471,0.00000000
12472,0.00000000
12473,0.00000000
12474,0.00000000
12475,0.00000000
12476,0.00000000
12477,0.00000000
12478,0.00000000
12479,0.00000000
12480,0.00000000
12481,0.00000000
12482,0.00000000
12483,0.00000000
12484,0.00000000
12485,0.00000000
12486,0.00000000
12487,0.00000000
12488,0.00000000
12489,0.00000000
12490,0.00000000
12491,0.00000000
12492,0.00000000
12493,0.00000000
12494,0.00000000
12495,0.00000000
12496,0.00000000
12497,0.00000000
12498,0.00000000
12499,0.00000000
12500,0.00000000
12501,0.00000000
12502,0.00000000
12503,0.00000000
12504,0.00000000
12505,0.00000000
12506,0.00000000
12507,0.00000000
12508,0.00000000
12509,0.00000000
12510,0.00000000
12511,0.00000000
12512,0.00000000
12513,0.00000000
12514,0.00000000
12515,0.00000000
12516,0.00000000
12517,0.00000000
12518,0.00000000
12519,0.00000000
12520,0.00000000
12521,0.00000000
12522,0.00000000
12523,0.00000000
12524,0.00000000
12525,0.00000000
12526,0.00000000
12527,0.00000000
12528,0.00000000
12529,0.00000000
12530,0.00000000
12531,0.00000000
12532,0.00000000
12533,0.00000000
12534,0.00000000
12535,0.00000000
12536,0.00000000
12537,0.00000000
12538,0.00000000
12539,0.00000000
12540,0.00000000
12541,0.00000000
12542,0.00000000
12543,0.00000000
12544,0.00000000
12545,0.00000000
12546,0.00000000
12547,0.00000000
12548,0.00000000
12549,0.00000000
12550,0.00000000
12551,0.00000000
12552,0.00000000
12553,0.00000000
12554,0.00000000
12555,0.00000000
12556,0.00000000
12557,0.00000000
12558,0.00000000
12559,0.00000000
12560,0.00000000
12561,0.00000000
12562,0.00000000
12563,0.00000000
12564,0.00000000
12565,0.00000000
12566,0.00000000
12567,0.00000000
12568,0.00000000
12569,0.00000000
12570,0.00000000
12571,0.00000000
12572,0.00000000
12573,0.00000000
12574,0.00000000
12575,0.00000000
12576,0.00000000
12577,0.00000000
12578,0.00000000
12579,0.00000000
12580,0.00000000
12581,0.00000000
12582,0.00000000
12583,0.00000000
12584,0.00000000
12585,0.00000000
12586,0.00000000
12587,0.00000000
12588,0.00000000
12589,0.00000000
12590,0.00000000
12591,0.00000000
12592,0.00000000
12593,0.00000000
12594,0.00000000
12595,0.00000000
12596,0.00000000
12597,0.00000000
12598,0.00000000
12599,0.00000000
12600,0.00000000
12601,0.00000000
12602,0.00000000
12603,0.00000000
12604,0.00000000
12605,0.00000000
12606,0.00000000
12607,0.00000000
12608,0.00000000
12609,0.00000000
12610,0.00000000
12611,0.00000000
12612,0.00000000
12613,0.00000000
12614,0.00000000
12615,0.00000000
12616,0.00000000
12617,0.00000000
12618,0.00000000
12619,0.00000000
12620,0.00000000
12621,0.00000000
12622,0.00000000
12623,0.00000000
12624,0.00000000
12625,0.00000000
12626,0.00000000
12627,0.00000000
12628,0.00000000
12629,0.00000000
12630,0.00000000
12631,0.00000000
12632,0.00000000
12633,0.00000000
12634,0.00000000
12635,0.00000000
12636,0.00000000
12637,0.00000000
12638,0.00000000
12639,0.00000000
12640,0.00000000
12641,0.00000000
12642,0.00000000
12643,0.00000000
12644,0.00000000
12645,0.00000000
12646,0.00000000
12647,0.00000000
12648,0.00000000
12649,0.00000000
12650,0.00000000
12651,0.00000000
12652,0.00000000
12653,0.00000000
12654,0.00000000
12655,0.00000000
12656,0.00000000
12657,0.00000000
12658,0.00000000
12659,0.00000000
12660,0.00000000
12661,0.00000000
12662,0.00000000
12663,0.00000000
12664,0.00000000
12665,0.00000000
12666,0.00000000
12667,0.00000000
12668,0.00000000
12669,0.00000000
12670,0.00000000
12671,0.00000000
12672,0.00000000
12673,0.00000000
12674,0.00000000
12675,0.00000000
12676,0.00000000
12677,0.00000000
12678,0.00000000
12679,0.00000000
12680,0.00000000
12681,0.00000000
12682,0.00000000
12683,0.00000000
12684,0.00000000
12685,0.00000000
12686,0.00000000
12687,0.00000000
12688,0.00000000
12689,0.00000000
12690,0.00000000
12691,0.00000000
12692,0.00000000
12693,0.00000000
12694,0.00000000
12695,0.00000000
12696,0.00000000
12697,0.00000000
12698,0.00000000
12699,0.00000000
12700,0.00000000
12701,0.00000000
12702,0.00000000
12703,0.00000000
12704,0.00000000
12705,0.00000000
12706,0.00000000
12707,0.00000000
12708,0.00000000
12709,0.00000000
12710,0.00000000
12711,0.00000000
12712,0.00000000
12713,0.00000000
12714,0.00000000
12715,0.00000000
12716,0.00000000
12717,0.00000000
12718,0.00000000
12719,0.00000000
12720,0.00000000
12721,0.00000000
12722,0.00000000
12723,0.00000000
12724,0.00000000
12725,0.00000000
12726,0.00000000
12727,0.00000000
12728,0.00000000
12729,0.00000000
12730,0.00000000
12731,0.00000000
12732,0.00000000
12733,0.00000000
12734,0.00000000
12735,0.00000000
12736,0.00000000
12737,0.00000000
12738,0.00000000
12739,0.00000000
12740,0.00000000
12741,0.00000000
12742,0.00000000
12743,0.00000000
12744,0.00000000
12745,0.00000000
12746,0.00000000
12747,0.00000000
12748,0.00000000
12749,0.00000000
12750,0.00000000
12751,0.00000000
12752,0.00000000
12753,0.00000000
12754,0.00000000
12755,0.00000000
12756,0.00000000
12757,0.00000000
12758,0.00000000
12759,0.00000000
12760,0.00000000
12761,0.00000000
12762,0.00000000
12763,0.00000000
12764,0.00000000
12765,0.00000000
12766,0.00000000
12767,0.00000000
12768,0.00000000
12769,0.00000000
12770,0.00000000
12771,0.00000000
12772,0.00000000
12773,0.00000000
12774,0.00000000
12775,0.00000000
12776,0.00000000
12777,0.00000000
12778,0.00000000
12779,0.00000000
12780,0.00000000
12781,0.00000000
12782,0.00000000
12783,0.00000000
12784,0.00000000
12785,0.00000000
12786,0.00000000
12787,0.00000000
12788,0.00000000
12789,0.00000000
12790,0.00000000
12791,0.00000000
12792,0.00000000
12793,0.00000000
12794,0.00000000
12795,0.00000000
12796,0.00000000
12797,0.00000000
12798,0.00000000
12799,0.00000000
12800,0.00000000
12801,0.00000000
12802,0.00000000
12803,0.00000000
12804,0.00000000
12805,0.00000000
12806,0.00000000
12807,0.00000000
12808,0.00000000
12809,0.00000000
12810,0.00000000
12811,0.00000000
12812,0.00000000
12813,0.00000000
12814,0.00000000
12815,0.00000000
12816,0.00000000
12817,0.00000000
12818,0.00000000
12819,0.00000000
12820,0.00000000
12821,0.00000000
12822,0.00000000
12823,0.00000000
12824,0.00000000
12825,0.00000000
12826,0.00000000
12827,0.00000000
12828,0.00000000
12829,0.00000000
12830,0.00000000
12831,0.00000000
12832,0.00000000
12833,0.00000000
12834,0.00000000
12835,0.00000000
12836,0.00000000
12837,0.00000000
12838,0.00000000
12839,0.00000000
12840,0.00000000
12841,0.00000000
12842,0.00000000
12843,0.00000000
12844,0.00000000
12845,0.00000000
12846,0.00000000
12847,0.00000000
12848,0.00000000
12849,0.00000000
12850,0.00000000
12851,0.00000000
12852,0.00000000
12853,0.00000000
12854,0.00000000
12855,0.00000000
12856,0.00000000
12857,0.00000000
12858,0.00000000
12859,0.00000000
12860,0.00000000
12861,0.00000000
12862,0.00000000
12863,0.00000000
12864,0.00000000
12865,0.00000000
12866,0.00000000
12867,0.00000000
12868,0.00000000
12869,0.00000000
12870,0.00000000
12871,0.00000000
12872,0.00000000
12873,0.00000000
12874,0.00000000
12875,0.00000000
12876,0.00000000
12877,0.00000000
12878,0.00000000
12879,0.00000000
12880,0.00000000
12881,0.00000000
12882,0.00000000
12883,0.00000000
12884,0.00000000
12885,0.00000000
12886,0.00000000
12887,0.00000000
12888,0.00000000
12889,0.00000000
12890,0.00000000
12891,0.00000000
12892,0.00000000
12893,0.00000000
12894,0.00000000
12895,0.00000000
12896,0.00000000
12897,0.00000000
12898,0.00000000
12899,0.00000000
12900,0.00000000
12901,0.00000000
12902,0.00000000
12903,0.00000000
12904,0.00000000
12905,0.00000000
12906,0.00000000
12907,0.00000000
12908,0.00000000
12909,0.00000000
12910,0.00000000
12911,0.00000000
12912,0.00000000
12913,0.00000000
12914,0.00000000
12915,0.00000000
12916,0.00000000
12917,0.00000000
12918,0.00000000
12919,0.00000000
12920,0.00000000
12921,0.00000000
12922,0.00000000
12923,0.00000000
12924,0.00000000
12925,0.00000000
12926,0.00000000
12927,0.00000000
12928,0.00000000
12929,0.00000000
12930,0.00000000
12931,0.00000000
12932,0.00000000
12933,0.00000000
12934,0.00000000
12935,0.00000000
12936,0.00000000
12937,0.00000000
12938,0.00000000
12939,0.00000000
12940,0.00000000
12941,0.00000000
12942,0.00000000
12943,0.00000000
12944,0.00000000
12945,0.00000000
12946,0.00000000
12947,0.00000000
12948,0.00000000
12949,0.00000000
12950,0.00000000
12951,0.00000000
12952,0.00000000
12953,0.00000000
12954,0.00000000
12955,0.00000000
12956,0.00000000
12957,0.00000000
12958,0.00000000
12959,0.00000000
12960,0.00000000
12961,0.00000000
12962,0.00000000
12963,0.00000000
12964,0.00000000
12965,0.00000000
12966,0.00000000
12967,0.00000000
12968,0.00000000
12969,0.00000000
12970,0.00000000
12971,0.00000000
12972,0.00000000
12973,0.00000000
12974,0.00000000
12975,0.00000000
12976,0.00000000
12977,0.00000000
12978,0.00000000
12979,0.00000000
12980,0.00000000
12981,0.00000000
12982,0.00000000
12983,0.00000000
12984,0.00000000
12985,0.00000000
12986,0.00000000
12987,0.00000000
12988,0.00000000
12989,0.00000000
12990,0.00000000
12991,0.00000000
12992,0.00000000
12993,0.00000000
12994,0.00000000
12995,0.00000000
12996,0.00000000
12997,0.00000000
12998,0.00000000
12999,0.00000000
13000,0.00000000
13001,0.00000000
13002,0.00000000
13003,0.00000000
13004,0.00000000
13005,0.00000000
13006,0.00000000
13007,0.00000000
13008,0.00000000
13009,0.00000000
13010,0.00000000
13011,0.00000000
13012,0.00000000
13013,0.00000000
13014,0.00000000
13015,0.00000000
13016,0.00000000
13017,0.00000000
13018,0.00000000
13019,0.00000000
13020,0.00000000
13021,0.00000000
13022,0.00000000
13023,0.00000000
13024,0.00000000
13025,0.00000000
13026,0.00000000
13027,0.00000000
13028,0.00000000
13029,0.00000000
13030,0.00000000
13031,0.00000000
13032,0.00000000
13033,0.00000000
13034,0.00000000
13035,0.00000000
13036,0.00000000
13037,0.00000000
13038,0.00000000
13039,0.00000000
13040,0.00000000
13041,0.00000000
13042,0.00000000
13043,0.00000000
13044,0.00000000
13045,0.00000000
13046,0.00000000
13047,0.00000000
13048,0.00000000
13049,0.00000000
13050,0.00000000
13051,0.00000000
13052,0.00000000
13053,0.00000000
13054,0.00000000
13055,0.00000000
13056,0.00000000
13057,0.00000000
13058,0.00000000
13059,0.00000000
13060,0.00000000
13061,0.00000000
13062,0.00000000
13063,0.00000000
13064,0.00000000
13065,0.00000000
13066,0.00000000
13067,0.00000000
13068,0.00000000
13069,0.00000000
13070,0.00000000
13071,0.00000000
13072,0.00000000
13073,0.00000000
13074,0.00000000
13075,0.00000000
13076,0.00000000
13077,0.00000000
13078,0.00000000
13079,0.00000000
13080,0.00000000
13081,0.00000000
13082,0.00000000
13083,0.00000000
13084,0.00000000
13085,0.00000000
13086,0.00000000
13087,0.00000000
13088,0.00000000
13089,0.00000000
13090,0.00000000
13091,0.00000000
13092,0.00000000
13093,0.00000000
13094,0.00000000
13095,0.00000000
13096,0.00000000
13097,0.00000000
13098,0.00000000
13099,0.00000000
13100,0.00000000
13101,0.00000000
13102,0.00000000
13103,0.00000000
13104,0.00000000
13105,0.00000000
13106,0.00000000
13107,0.00000000
13108,0.00000000
13109,0.00000000
13110,0.00000000
13111,0.00000000
13112,0.00000000
13113,0.00000000
13114,0.00000000
13115,0.00000000
13116,0.00000000
13117,0.00000000
13118,0.00000000
13119,0.00000000
13120,0.00000000
13121,0.00000000
13122,0.00000000
13123,0.00000000
13124,0.00000000
13125,0.00000000
13126,0.00000000
13127,0.00000000
13128,0.00000000
13129,0.00000000
13130,0.00000000
13131,0.00000000
13132,0.00000000
13133,0.00000000
13134,0.00000000
13135,0.00000000
13136,0.00000000
13137,0.00000000
13138,0.00000000
13139,0.00000000
13140,0.00000000
13141,0.00000000
13142,0.00000000
13143,0.00000000
13144,0.00000000
13145,0.00000000
13146,0.00000000
13147,0.00000000
13148,0.00000000
13149,0.00000000
13150,0.00000000
13151,0.00000000
13152,0.00000000
13153,0.00000000
13154,0.00000000
13155,0.00000000
13156,0.00000000
13157,0.00000000
13158,0.00000000
13159,0.00000000
13160,0.00000000
13161,0.00000000
13162,0.00000000
13163,0.00000000
13164,0.00000000
13165,0.00000000
13166,0.00000000
13167,0.00000000
13168,0.00000000
13169,0.00000000
13170,0.00000000
13171,0.00000000
13172,0.00000000
13173,0.00000000
13174,0.00000000
13175,0.00000000
13176,0.00000000
13177,0.00000000
13178,0.00000000
13179,0.00000000
13180,0.00000000
13181,0.00000000
13182,0.00000000
13183,0.00000000
13184,0.00000000
13185,0.00000000
13186,0.00000000
13187,0.00000000
13188,0.00000000
13189,0.00000000
13190,0.00000000
13191,0.00000000
13192,0.00000000
13193,0.00000000
13194,0.00000000
13195,0.00000000
13196,0.00000000
13197,0.00000000
13198,0.00000000
13199,0.00000000
13200,0.00000000
13201,0.00000000
13202,0.00000000
13203,0.00000000
13204,0.00000000
13205,0.00000000
13206,0.00000000
13207,0.00000000
13208,0.00000000
13209,0.00000000
13210,0.00000000
13211,0.00000000
13212,0.00000000
13213,0.00000000
13214,0.00000000
13215,0.00000000
13216,0.00000000
13217,0.00000000
13218,0.00000000
13219,0.00000000
13220,0.00000000
13221,0.00000000
13222,0.00000000
13223,0.00000000
13224,0.00000000
13225,0.00000000
13226,0.00000000
13227,0.00000000
13228,0.00000000
13229,0.00000000
13230,0.00000000
13231,0.00000000
13232,0.00000000
13233,0.00000000
13234,0.00000000
13235,0.00000000
13236,0.00000000
13237,0.00000000
13238,0.00000000
13239,0.00000000
13240,0.00000000
13241,0.00000000
13242,0.00000000
13243,0.00000000
13244,0.00000000
13245,0.00000000
13246,0.00000000
13247,0.00000000
13248,0.00000000
13249,0.00000000
13250,0.00000000
13251,0.00000000
13252,0.00000000
13253,0.00000000
13254,0.00000000
13255,0.00000000
13256,0.00000000
13257,0.00000000
13258,0.00000000
13259,0.00000000
13260,0.00000000
13261,0.00000000
13262,0.00000000
13263,0.00000000
13264,0.00000000
13265,0.00000000
13266,0.00000000
13267,0.00000000
13268,0.00000000
13269,0.00000000
13270,0.00000000
13271,0.00000000
13272,0.00000000
13273,0.00000000
13274,0.00000000
13275,0.00000000
13276,0.00000000
13277,0.00000000
13278,0.00000000
13279,0.00000000
13280,0.00000000
13281,0.00000000
13282,0.00000000
13283,0.00000000
13284,0.00000000
13285,0.00000000
13286,0.00000000
13287,0.00000000
13288,0.00000000
13289,0.00000000
13290,0.00000000
13291,0.00000000
13292,0.00000000
13293,0.00000000
13294,0.00000000
13295,0.00000000
13296,0.00000000
13297,0.00000000
13298,0.00000000
13299,0.00000000
13300,0.00000000
13301,0.00000000
13302,0.00000000
13303,0.00000000
13304,0.00000000
13305,0.00000000
13306,0.00000000
13307,0.00000000
13308,0.00000000
13309,0.00000000
13310,0.00000000
13311,0.00000000
13312,0.00000000
13313,0.00000000
13314,0.00000000
13315,0.00000000
13316,0.00000000
13317,0.00000000
13318,0.00000000
13319,0.00000000
13320,0.00000000
13321,0.00000000
13322,0.00000000
13323,0.00000000
13324,0.00000000
13325,0.00000000
13326,0.00000000
13327,0.00000000
13328,0.00000000
13329,0.00000000
13330,0.00000000
13331,0.00000000
13332,0.00000000
13333,0.00000000
13334,0.00000000
13335,0.00000000
13336,0.00000000
13337,0.00000000
13338,0.00000000
13339,0.00000000
13340,0.00000000
13341,0.00000000
13342,0.00000000
13343,0.00000000
13344,0.00000000
13345,0.00000000
13346,0.00000000
13347,0.00000000
13348,0.00000000
13349,0.00000000
13350,0.00000000
13351,0.00000000
13352,0.00000000
13353,0.00000000
13354,0.00000000
13355,0.00000000
13356,0.00000000
13357,0.00000000
13358,0.00000000
13359,0.00000000
13360,0.00000000
13361,0.00000000
13362,0.00000000
13363,0.00000000
13364,0.00000000
13365,0.00000000
13366,0.00000000
13367,0.00000000
13368,0.00000000
13369,0.00000000
13370,0.00000000
13371,0.00000000
13372,0.00000000
13373,0.00000000
13374,0.00000000
13375,0.00000000
13376,0.00000000
13377,0.00000000
13378,0.00000000
13379,0.00000000
13380,0.00000000
13381,0.00000000
13382,0.00000000
13383,0.00000000
13384,0.00000000
13385,0.00000000
13386,0.00000000
13387,0.00000000
13388,0.00000000
13389,0.00000000
13390,0.00000000
13391,0.00000000
13392,0.00000000
13393,0.00000000
13394,0.00000000
13395,0.00000000
13396,0.00000000
13397,0.00000000
13398,0.00000000
13399,0.00000000
13400,0.00000000
13401,0.00000000
13402,0.00000000
13403,0.00000000
13404,0.00000000
13405,0.00000000
13406,0.00000000
13407,0.00000000
13408,0.00000000
13409,0.00000000
13410,0.00000000
13411,0.00000000
13412,0.00000000
13413,0.00000000
13414,0.00000000
13415,0.00000000
13416,0.00000000
13417,0.00000000
13418,0.00000000
13419,0.00000000
13420,0.00000000
13421,0.00000000
13422,0.00000000
13423,0.00000000
13424,0.00000000
13425,0.00000000
13426,0.00000000
13427,0.00000000
13428,0.00000000
13429,0.00000000
13430,0.00000000
13431,0.00000000
13432,0.00000000
13433,0.00000000
13434,0.00000000
13435,0.00000000
13436,0.00000000
13437,0.00000000
13438,0.00000000
13439,0.00000000
13440,0.00000000
13441,0.00000000
13442,0.00000000
13443,0.00000000
13444,0.00000000
13445,0.00000000
13446,0.00000000
13447,0.00000000
13448,0.00000000
13449,0.00000000
13450,0.00000000
13451,0.00000000
13452,0.00000000
13453,0.00000000
13454,0.00000000
13455,0.00000000
13456,0.00000000
13457,0.00000000
13458,0.00000000
13459,0.00000000
13460,0.00000000
13461,0.00000000
13462,0.00000000
13463,0.00000000
13464,0.00000000
13465,0.00000000
13466,0.00000000
13467,0.00000000
13468,0.00000000
13469,0.00000000
13470,0.00000000
13471,0.00000000
13472,0.00000000
13473,0.00000000
13474,0.00000000
13475,0.00000000
13476,0.00000000
13477,0.00000000
13478,0.00000000
13479,0.00000000
13480,0.00000000
13481,0.00000000
13482,0.00000000
13483,0.00000000
13484,0.00000000
13485,0.00000000
13486,0.00000000
13487,0.00000000
13488,0.00000000
13489,0.00000000
13490,0.00000000
13491,0.00000000
13492,0.00000000
13493,0.00000000
13494,0.00000000
13495,0.00000000
13496,0.00000000
13497,0.00000000
13498,0.00000000
13499,0.00000000
13500,0.00000000
13501,0.00000000
13502,0.00000000
13503,0.00000000
13504,0.00000000
13505,0.00000000
13506,0.00000000
13507,0.00000000
13508,0.00000000
13509,0.00000000
13510,0.00000000
13511,0.00000000
13512,0.00000000
13513,0.00000000
13514,0.00000000
13515,0.00000000
13516,0.00000000
13517,0.00000000
13518,0.00000000
13519,0.00000000
13520,0.00000000
13521,0.00000000
13522,0.00000000
13523,0.00000000
13524,0.00000000
13525,0.00000000
13526,0.00000000
13527,0.00000000
13528,0.00000000
13529,0.00000000
13530,0.00000000
13531,0.00000000
13532,0.00000000
13533,0.00000000
13534,0.00000000
13535,0.00000000
13536,0.00000000
13537,0.00000000
13538,0.00000000
13539,0.00000000
13540,0.00000000
13541,0.00000000
13542,0.00000000
13543,0.00000000
13544,0.00000000
13545,0.00000000
13546,0.00000000
13547,0.00000000
13548,0.00000000
13549,0.00000000
13550,0.00000000
13551,0.00000000
13552,0.00000000
13553,0.00000000
13554,0.00000000
13555,0.00000000
13556,0.00000000
13557,0.00000000
13558,0.00000000
13559,0.00000000
13560,0.00000000
13561,0.00000000
13562,0.00000000
13563,0.00000000
13564,0.00000000
13565,0.00000000
13566,0.00000000
13567,0.00000000
13568,0.00000000
13569,0.00000000
13570,0.00000000
13571,0.00000000
13572,0.00000000
13573,0.00000000
13574,0.00000000
13575,0.00000000
13576,0.00000000
13577,0.00000000
13578,0.00000000
13579,0.00000000
13580,0.00000000
13581,0.00000000
13582,0.00000000
13583,0.00000000
13584,0.00000000
13585,0.00000000
13586,0.00000000
13587,0.00000000
13588,0.00000000
13589,0.00000000
13590,0.00000000
13591,0.00000000
13592,0.00000000
13593,0.00000000
13594,0.00000000
13595,0.00000000
13596,0.00000000
13597,0.00000000
13598,0.00000000
13599,0.00000000
13600,0.00000000
13601,0.00000000
13602,0.00000000
13603,0.00000000
13604,0.00000000
13605,0.00000000
13606,0.00000000
13607,0.00000000
13608,0.00000000
13609,0.00000000
13610,0.00000000
13611,0.00000000
13612,0.00000000
13613,0.00000000
13614,0.00000000
13615,0.00000000
13616,0.00000000
13617,0.00000000
13618,0.00000000
13619,0.00000000
13620,0.00000000
13621,0.00000000
13622,0.00000000
13623,0.00000000
13624,0.00000000
13625,0.00000000
13626,0.00000000
13627,0.00000000
13628,0.00000000
13629,0.00000000
13630,0.00000000
13631,0.00000000
13632,0.00000000
13633,0.00000000
13634,0.00000000
13635,0.00000000
13636,0.00000000
13637,0.00000000
13638,0.00000000
13639,0.00000000
13640,0.00000000
13641,0.00000000
13642,0.00000000
13643,0.00000000
13644,0.00000000
13645,0.00000000
13646,0.00000000
13647,0.00000000
13648,0.00000000
13649,0.00000000
13650,0.00000000
13651,0.00000000
13652,0.00000000
13653,0.00000000
13654,0.00000000
13655,0.00000000
13656,0.00000000
13657,0.00000000
13658,0.00000000
13659,0.00000000
13660,0.00000000
13661,0.00000000
13662,0.00000000
13663,0.00000000
13664,0.00000000
13665,0.00000000
13666,0.00000000
13667,0.00000000
13668,0.00000000
13669,0.00000000
13670,0.00000000
13671,0.00000000
13672,0.00000000
13673,0.00000000
13674,0.00000000
13675,0.00000000
13676,0.00000000
13677,0.00000000
13678,0.00000000
13679,0.00000000
13680,0.00000000
13681,0.00000000
13682,0.00000000
13683,0.00000000
13684,0.00000000
13685,0.00000000
13686,0.00000000
13687,0.00000000
13688,0.00000000
13689,0.00000000
13690,0.00000000
13691,0.00000000
13692,0.00000000
13693,0.00000000
13694,0.00000000
13695,0.00000000
13696,0.00000000
13697,0.00000000
13698,0.00000000
13699,0.00000000
13700,0.00000000
13701,0.00000000
13702,0.00000000
13703,0.00000000
13704,0.00000000
13705,0.00000000
13706,0.00000000
13707,0.00000000
13708,0.00000000
13709,0.00000000
13710,0.00000000
13711,0.00000000
13712,0.00000000
13713,0.00000000
13714,0.00000000
13715,0.00000000
13716,0.00000000
13717,0.00000000
13718,0.00000000
13719,0.00000000
13720,0.00000000
13721,0.00000000
13722,0.00000000
13723,0.00000000
13724,0.00000000
13725,0.00000000
13726,0.00000000
13727,0.00000000
13728,0.00000000
13729,0.00000000
13730,0.00000000
13731,0.00000000
13732,0.00000000
13733,0.00000000
13734,0.00000000
13735,0.00000000
13736,0.00000000
13737,0.00000000
13738,0.00000000
13739,0.00000000
13740,0.00000000
13741,0.00000000
13742,0.00000000
13743,0.00000000
13744,0.00000000
13745,0.00000000
13746,0.00000000
13747,0.00000000
13748,0.00000000
13749,0.00000000
13750,0.00000000
13751,0.00000000
13752,0.00000000
13753,0.00000000
13754,0.00000000
13755,0.00000000
13756,0.00000000
13757,0.00000000
13758,0.00000000
13759,0.00000000
13760,0.00000000
13761,0.00000000
13762,0.00000000
13763,0.00000000
13764,0.00000000
13765,0.00000000
13766,0.00000000
13767,0.00000000
13768,0.00000000
13769,0.00000000
13770,0.00000000
13771,0.00000000
13772,0.00000000
13773,0.00000000
13774,0.00000000
13775,0.00000000
13776,0.00000000
13777,0.00000000
13778,0.00000000
13779,0.00000000
13780,0.00000000
13781,0.00000000
13782,0.00000000
13783,0.00000000
13784,0.00000000
13785,0.00000000
13786,0.00000000
13787,0.00000000
13788,0.00000000
13789,0.00000000
13790,0.00000000
13791,0.00000000
13792,0.00000000
13793,0.00000000
13794,0.00000000
13795,0.00000000
13796,0.00000000
13797,0.00000000
13798,0.00000000
13799,0.00000000
13800,0.00000000
13801,0.00000000
13802,0.00000000
13803,0.00000000
13804,0.00000000
13805,0.00000000
13806,0.00000000
13807,0.00000000
13808,0.00000000
13809,0.00000000
13810,0.00000000
13811,0.00000000
13812,0.00000000
13813,0.00000000
13814,0.00000000
13815,0.00000000
13816,0.00000000
13817,0.00000000
13818,0.00000000
13819,0.00000000
13820,0.00000000
13821,0.00000000
13822,0.00000000
13823,0.00000000
13824,0.00000000
13825,0.00000000
13826,0.00000000
13827,0.00000000
13828,0.00000000
13829,0.00000000
13830,0.00000000
13831,0.00000000
13832,0.00000000
13833,0.00000000
13834,0.00000000
13835,0.00000000
13836,0.00000000
13837,0.00000000
13838,0.00000000
13839,0.00000000
13840,0.00000000
13841,0.00000000
13842,0.00000000
13843,0.00000000
13844,0.00000000
13845,0.00000000
13846,0.00000000
13847,0.00000000
13848,0.00000000
13849,0.00000000
13850,0.00000000
13851,0.00000000
13852,0.00000000
13853,0.00000000
13854,0.00000000
13855,0.00000000
13856,0.00000000
13857,0.00000000
13858,0.00000000
13859,0.00000000
13860,0.00000000
13861,0.00000000
13862,0.00000000
13863,0.00000000
13864,0.00000000
13865,0.00000000
13866,0.00000000
13867,0.00000000
13868,0.00000000
13869,0.00000000
13870,0.00000000
13871,0.00000000
13872,0.00000000
13873,0.00000000
13874,0.00000000
13875,0.00000000
13876,0.00000000
13877,0.00000000
13878,0.00000000
13879,0.00000000
13880,0.00000000
13881,0.00000000
13882,0.00000000
13883,0.00000000
13884,0.00000000
13885,0.00000000
13886,0.00000000
13887,0.00000000
13888,0.00000000
13889,0.00000000
13890,0.00000000
13891,0.00000000
13892,0.00000000
13893,0.00000000
13894,0.00000000
13895,0.00000000
13896,0.00000000
13897,0.00000000
13898,0.00000000
13899,0.00000000
13900,0.00000000
13901,0.00000000
13902,0.00000000
13903,0.00000000
13904,0.00000000
13905,0.00000000
13906,0.00000000
13907,0.00000000
13908,0.00000000
13909,0.00000000
13910,0.00000000
13911,0.00000000
13912,0.00000000
13913,0.00000000
13914,0.00000000
13915,0.00000000
13916,0.00000000
13917,0.00000000
13918,0.00000000
13919,0.00000000
13920,0.00000000
13921,0.00000000
13922,0.00000000
13923,0.00000000
13924,0.00000000
13925,0.00000000
13926,0.00000000
13927,0.00000000
13928,0.00000000
13929,0.00000000
13930,0.00000000
13931,0.00000000
13932,0.00000000
13933,0.00000000
13934,0.00000000
13935,0.00000000
13936,0.00000000
13937,0.00000000
13938,0.00000000
13939,0.00000000
13940,0.00000000
13941,0.00000000
13942,0.00000000
13943,0.00000000
13944,0.00000000
13945,0.00000000
13946,0.00000000
13947,0.00000000
13948,0.00000000
13949,0.00000000
13950,0.00000000
13951,0.00000000
13952,0.00000000
13953,0.00000000
13954,0.00000000
13955,0.00000000
13956,0.00000000
13957,0.00000000
13958,0.00000000
13959,0.00000000
13960,0.00000000
13961,0.00000000
13962,0.00000000
13963,0.00000000
13964,0.00000000
13965,0.00000000
13966,0.00000000
13967,0.00000000
13968,0.00000000
13969,0.00000000
13970,0.00000000
13971,0.00000000
13972,0.00000000
13973,0.00000000
13974,0.00000000
13975,0.00000000
13976,0.00000000
13977,0.00000000
13978,0.00000000
13979,0.00000000
13980,0.00000000
13981,0.00000000
13982,0.00000000
13983,0.00000000
13984,0.00000000
13985,0.00000000
13986,0.00000000
13987,0.00000000
13988,0.00000000
13989,0.00000000
13990,0.00000000
13991,0.00000000
13992,0.00000000
13993,0.00000000
13994,0.00000000
13995,0.00000000
13996,0.00000000
13997,0.00000000
13998,0.00000000
13999,0.00000000
14000,0.00000000
14001,0.00000000
14002,0.00000000
14003,0.00000000
14004,0.00000000
14005,0.00000000
14006,0.00000000
14007,0.00000000
14008,0.00000000
14009,0.00000000
14010,0.00000000
14011,0.00000000
14012,0.00000000
14013,0.00000000
14014,0.00000000
14015,0.00000000
14016,0.00000000
14017,0.00000000
14018,0.00000000
14019,0.00000000
14020,0.00000000
14021,0.00000000
14022,0.00000000
14023,0.00000000
14024,0.00000000
14025,0.00000000
14026,0.00000000
14027,0.00000000
14028,0.00000000
14029,0.00000000
14030,0.00000000
14031,0.00000000
14032,0.00000000
14033,0.00000000
14034,0.00000000
14035,0.00000000
14036,0.00000000
14037,0.00000000
14038,0.00000000
14039,0.00000000
14040,0.00000000
14041,0.00000000
14042,0.00000000
14043,0.00000000
14044,0.00000000
14045,0.00000000
14046,0.00000000
14047,0.00000000
14048,0.00000000
14049,0.00000000
14050,0.00000000
14051,0.00000000
14052,0.00000000
14053,0.00000000
14054,0.00000000
14055,0.00000000
14056,0.00000000
14057,0.00000000
14058,0.00000000
14059,0.00000000
14060,0.00000000
14061,0.00000000
14062,0.00000000
14063,0.00000000
14064,0.00000000
14065,0.00000000
14066,0.00000000
14067,0.00000000
14068,0.00000000
14069,0.00000000
14070,0.00000000
14071,0.00000000
14072,0.00000000
14073,0.00000000
14074,0.00000000
14075,0.00000000
14076,0.00000000
14077,0.00000000
14078,0.00000000
14079,0.00000000
14080,0.00000000
14081,0.00000000
14082,0.00000000
14083,0.00000000
14084,0.00000000
14085,0.00000000
14086,0.00000000
14087,0.00000000
14088,0.00000000
14089,0.00000000
14090,0.00000000
14091,0.00000000
14092,0.00000000
14093,0.00000000
14094,0.00000000
14095,0.00000000
14096,0.00000000
14097,0.00000000
14098,0.00000000
14099,0.00000000
14100,0.00000000
14101,0.00000000
14102,0.00000000
14103,0.00000000
14104,0.00000000
14105,0.00000000
14106,0.00000000
14107,0.00000000
14108,0.00000000
14109,0.00000000
14110,0.00000000
14111,0.00000000
14112,0.00000000
14113,0.00000000
14114,0.00000000
14115,0.00000000
14116,0.00000000
14117,0.00000000
14118,0.00000000
14119,0.00000000
14120,0.00000000
14121,0.00000000
14122,0.00000000
14123,0.00000000
14124,0.00000000
14125,0.00000000
14126,0.00000000
14127,0.00000000
14128,0.00000000
14129,0.00000000
14130,0.00000000
14131,0.00000000
14132,0.00000000
14133,0.00000000
14134,0.00000000
14135,0.00000000
14136,0.00000000
14137,0.00000000
14138,0.00000000
14139,0.00000000
14140,0.00000000
14141,0.00000000
14142,0.00000000
14143,0.00000000
14144,0.00000000
14145,0.00000000
14146,0.00000000
14147,0.00000000
14148,0.00000000
14149,0.00000000
14150,0.00000000
14151,0.00000000
14152,0.00000000
14153,0.00000000
14154,0.00000000
14155,0.00000000
14156,0.00000000
14157,0.00000000
14158,0.00000000
14159,0.00000000
14160,0.00000000
14161,0.00000000
14162,0.00000000
14163,0.00000000
14164,0.00000000
14165,0.00000000
14166,0.00000000
14167,0.00000000
14168,0.00000000
14169,0.00000000
14170,0.00000000
14171,0.00000000
14172,0.00000000
14173,0.00000000
14174,0.00000000
14175,0.00000000
14176,0.00000000
14177,0.00000000
14178,0.00000000
14179,0.00000000
14180,0.00000000
14181,0.00000000
14182,0.00000000
14183,0.00000000
14184,0.00000000
14185,0.00000000
14186,0.00000000
14187,0.00000000
14188,0.00000000
14189,0.00000000
14190,0.00000000
14191,0.00000000
14192,0.00000000
14193,0.00000000
14194,0.00000000
14195,0.00000000
14196,0.00000000
14197,0.00000000
14198,0.00000000
14199,0.00000000
14200,0.00000000
14201,0.00000000
14202,0.00000000
14203,0.00000000
14204,0.00000000
14205,0.00000000
14206,0.00000000
14207,0.00000000
14208,0.00000000
14209,0.00000000
14210,0.00000000
14211,0.00000000
14212,0.00000000
14213,0.00000000
14214,0.00000000
14215,0.00000000
14216,0.00000000
14217,0.00000000
14218,0.00000000
14219,0.00000000
14220,0.00000000
14221,0.00000000
14222,0.00000000
14223,0.00000000
14224,0.00000000
14225,0.00000000
14226,0.00000000
14227,0.00000000
14228,0.00000000
14229,0.00000000
14230,0.00000000
14231,0.00000000
14232,0.00000000
14233,0.00000000
14234,0.00000000
14235,0.00000000
14236,0.00000000
14237,0.00000000
14238,0.00000000
14239,0.00000000
14240,0.00000000
14241,0.00000000
14242,0.00000000
14243,0.00000000
14244,0.00000000
14245,0.00000000
14246,0.00000000
14247,0.00000000
14248,0.00000000
14249,0.00000000
14250,0.00000000
14251,0.00000000
14252,0.00000000
14253,0.00000000
14254,0.00000000
14255,0.00000000
14256,0.00000000
14257,0.00000000
14258,0.00000000
14259,0.00000000
14260,0.00000000
14261,0.00000000
14262,0.00000000
14263,0.00000000
14264,0.00000000
14265,0.00000000
14266,0.00000000
14267,0.00000000
14268,0.00000000
14269,0.00000000
14270,0.00000000
14271,0.00000000
14272,0.00000000
14273,0.00000000
14274,0.00000000
14275,0.00000000
14276,0.00000000
14277,0.00000000
14278,0.00000000
14279,0.00000000
14280,0.00000000
14281,0.00000000
14282,0.00000000
14283,0.00000000
14284,0.00000000
14285,0.00000000
14286,0.00000000
14287,0.00000000
14288,0.00000000
14289,0.00000000
14290,0.00000000
14291,0.00000000
14292,0.00000000
14293,0.00000000
14294,0.00000000
14295,0.00000000
14296,0.00000000
14297,0.00000000
14298,0.00000000
14299,0.00000000
14300,0.00000000
14301,0.00000000
14302,0.00000000
14303,0.00000000
14304,0.00000000
14305,0.00000000
14306,0.00000000
14307,0.00000000
14308,0.00000000
14309,0.00000000
14310,0.00000000
14311,0.00000000
14312,0.00000000
14313,0.00000000
14314,0.00000000
14315,0.00000000
14316,0.00000000
14317,0.00000000
14318,0.00000000
14319,0.00000000
14320,0.00000000
14321,0.00000000
14322,0.00000000
14323,0.00000000
14324,0.00000000
14325,0.00000000
14326,0.00000000
14327,0.00000000
14328,0.00000000
14329,0.00000000
14330,0.00000000
14331,0.00000000
14332,0.00000000
14333,0.00000000
14334,0.00000000
14335,0.00000000
14336,0.00000000
14337,0.00000000
14338,0.00000000
14339,0.00000000
14340,0.00000000
14341,0.00000000
14342,0.00000000
14343,0.00000000
14344,0.00000000
14345,0.00000000
14346,0.00000000
14347,0.00000000
14348,0.00000000
14349,0.00000000
14350,0.00000000
14351,0.00000000
14352,0.00000000
14353,0.00000000
14354,0.00000000
14355,0.00000000
14356,0.00000000
14357,0.00000000
14358,0.00000000
14359,0.00000000
14360,0.00000000
14361,0.00000000
14362,0.00000000
14363,0.00000000
14364,0.00000000
14365,0.00000000
14366,0.00000000
14367,0.00000000
14368,0.00000000
14369,0.00000000
14370,0.00000000
14371,0.00000000
14372,0.00000000
14373,0.00000000
14374,0.00000000
14375,0.00000000
14376,0.00000000
14377,0.00000000
14378,0.00000000
14379,0.00000000
14380,0.00000000
14381,0.00000000
14382,0.00000000
14383,0.00000000
14384,0.00000000
14385,0.00000000
14386,0.00000000
14387,0.00000000
14388,0.00000000
14389,0.00000000
14390,0.00000000
14391,0.00000000
14392,0.00000000
14393,0.00000000
14394,0.00000000
14395,0.00000000
14396,0.00000000
14397,0.00000000
14398,0.00000000
14399,0.00000000
14400,0.00000000
14401,0.00000000
14402,0.00000000
14403,0.00000000
14404,0.00000000
14405,0.00000000
14406,0.00000000
14407,0.00000000
14408,0.00000000
14409,0.00000000
14410,0.00000000
14411,0.00000000
14412,0.00000000
14413,0.00000000
14414,0.00000000
14415,0.00000000
14416,0.00000000
14417,0.00000000
14418,0.00000000
14419,0.00000000
14420,0.00000000
14421,0.00000000
14422,0.00000000
14423,0.00000000
14424,0.00000000
14425,0.00000000
14426,0.00000000
14427,0.00000000
14428,0.00000000
14429,0.00000000
14430,0.00000000
14431,0.00000000
14432,0.00000000
14433,0.00000000
14434,0.00000000
14435,0.00000000
14436,0.00000000
14437,0.00000000
14438,0.00000000
14439,0.00000000
14440,0.00000000
14441,0.00000000
14442,0.00000000
14443,0.00000000
14444,0.00000000
14445,0.00000000
14446,0.00000000
14447,0.00000000
14448,0.00000000
14449,0.00000000
14450,0.00000000
14451,0.00000000
14452,0.00000000
14453,0.00000000
14454,0.00000000
14455,0.00000000
14456,0.00000000
14457,0.00000000
14458,0.00000000
14459,0.00000000
14460,0.00000000
14461,0.00000000
14462,0.00000000
14463,0.00000000
14464,0.00000000
14465,0.00000000
14466,0.00000000
14467,0.00000000
14468,0.00000000
14469,0.00000000
14470,0.00000000
14471,0.00000000
14472,0.00000000
14473,0.00000000
14474,0.00000000
14475,0.00000000
14476,0.00000000
14477,0.00000000
14478,0.00000000
14479,0.00000000
14480,0.00000000
14481,0.00000000
14482,0.00000000
14483,0.00000000
14484,0.00000000
14485,0.00000000
14486,0.00000000
14487,0.00000000
14488,0.00000000
14489,0.00000000
14490,0.00000000
14491,0.00000000
14492,0.00000000
14493,0.00000000
14494,0.00000000
14495,0.00000000
14496,0.00000000
14497,0.00000000
14498,0.00000000
14499,0.00000000
14500,0.00000000
14501,0.00000000
14502,0.00000000
14503,0.00000000
14504,0.00000000
14505,0.00000000
14506,0.00000000
14507,0.00000000
14508,0.00000000
14509,0.00000000
14510,0.00000000
14511,0.00000000
14512,0.00000000
14513,0.00000000
14514,0.00000000
14515,0.00000000
14516,0.00000000
14517,0.00000000
14518,0.00000000
14519,0.00000000
14520,0.00000000
14521,0.00000000
14522,0.00000000
14523,0.00000000
14524,0.00000000
14525,0.00000000
14526,0.00000000
14527,0.00000000
14528,0.00000000
14529,0.00000000
14530,0.00000000
14531,0.00000000
14532,0.00000000
14533,0.00000000
14534,0.00000000
14535,0.00000000
14536,0.00000000
14537,0.00000000
14538,0.00000000
14539,0.00000000
14540,0.00000000
14541,0.00000000
14542,0.00000000
14543,0.00000000
14544,0.00000000
14545,0.00000000
14546,0.00000000
14547,0.00000000
14548,0.00000000
14549,0.00000000
14550,0.00000000
14551,0.00000000
14552,0.00000000
14553,0.00000000
14554,0.00000000
14555,0.00000000
14556,0.00000000
14557,0.00000000
14558,0.00000000
14559,0.00000000
14560,0.00000000
14561,0.00000000
14562,0.00000000
14563,0.00000000
14564,0.00000000
14565,0.00000000
14566,0.00000000
14567,0.00000000
14568,0.00000000
14569,0.00000000
14570,0.00000000
14571,0.00000000
14572,0.00000000
14573,0.00000000
14574,0.00000000
14575,0.00000000
14576,0.00000000
14577,0.00000000
14578,0.00000000
14579,0.00000000
14580,0.00000000
14581,0.00000000
14582,0.00000000
14583,0.00000000
14584,0.00000000
14585,0.00000000
14586,0.00000000
14587,0.00000000
14588,0.00000000
14589,0.00000000
14590,0.00000000
14591,0.00000000
14592,0.00000000
14593,0.00000000
14594,0.00000000
14595,0.00000000
14596,0.00000000
14597,0.00000000
14598,0.00000000
14599,0.00000000
14600,0.00000000
14601,0.00000000
14602,0.00000000
14603,0.00000000
14604,0.00000000
14605,0.00000000
14606,0.00000000
14607,0.00000000
14608,0.00000000
14609,0.00000000
14610,0.00000000
14611,0.00000000
14612,0.00000000
14613,0.00000000
14614,0.00000000
14615,0.00000000
14616,0.00000000
14617,0.00000000
14618,0.00000000
14619,0.00000000
14620,0.00000000
14621,0.00000000
14622,0.00000000
14623,0.00000000
14624,0.00000000
14625,0.00000000
14626,0.00000000
14627,0.00000000
14628,0.00000000
14629,0.00000000
14630,0.00000000
14631,0.00000000
14632,0.00000000
14633,0.00000000
14634,0.00000000
14635,0.00000000
14636,0.00000000
14637,0.00000000
14638,0.00000000
14639,0.00000000
14640,0.00000000
14641,0.00000000
14642,0.00000000
14643,0.00000000
14644,0.00000000
14645,0.00000000
14646,0.00000000
14647,0.00000000
14648,0.00000000
14649,0.00000000
14650,0.00000000
14651,0.00000000
14652,0.00000000
14653,0.00000000
14654,0.00000000
14655,0.00000000
14656,0.00000000
14657,0.00000000
14658,0.00000000
14659,0.00000000
14660,0.00000000
14661,0.00000000
14662,0.00000000
14663,0.00000000
14664,0.00000000
14665,0.00000000
14666,0.00000000
14667,0.00000000
14668,0.00000000
14669,0.00000000
14670,0.00000000
14671,0.00000000
14672,0.00000000
14673,0.00000000
14674,0.00000000
14675,0.00000000
14676,0.00000000
14677,0.00000000
14678,0.00000000
14679,0.00000000
14680,0.00000000
14681,0.00000000
14682,0.00000000
14683,0.00000000
14684,0.00000000
14685,0.00000000
14686,0.00000000
14687,0.00000000
14688,0.00000000
14689,0.00000000
14690,0.00000000
14691,0.00000000
14692,0.00000000
14693,0.00000000
14694,0.00000000
14695,0.00000000
14696,0.00000000
14697,0.00000000
14698,0.00000000
14699,0.00000000
14700,0.00000000
14701,0.00000000
14702,0.00000000
14703,0.00000000
14704,0.00000000
14705,0.00000000
14706,0.00000000
14707,0.00000000
14708,0.00000000
14709,0.00000000
14710,0.00000000
14711,0.00000000
14712,0.00000000
14713,0.00000000
14714,0.00000000
14715,0.00000000
14716,0.00000000
14717,0.00000000
14718,0.00000000
14719,0.00000000
14720,0.00000000
14721,0.00000000
14722,0.00000000
14723,0.00000000
14724,0.00000000
14725,0.00000000
14726,0.00000000
14727,0.00000000
14728,0.00000000
14729,0.00000000
14730,0.00000000
14731,0.00000000
14732,0.00000000
14733,0.00000000
14734,0.00000000
14735,0.00000000
14736,0.00000000
14737,0.00000000
14738,0.00000000
14739,0.00000000
14740,0.00000000
14741,0.00000000
14742,0.00000000
14743,0.00000000
14744,0.00000000
14745,0.00000000
14746,0.00000000
14747,0.00000000
14748,0.00000000
14749,0.00000000
14750,0.00000000
14751,0.00000000
14752,0.00000000
14753,0.00000000
14754,0.00000000
14755,0.00000000
14756,0.00000000
14757,0.00000000
14758,0.00000000
14759,0.00000000
14760,0.00000000
14761,0.00000000
14762,0.00000000
14763,0.00000000
14764,0.00000000
14765,0.00000000
14766,0.00000000
14767,0.00000000
14768,0.00000000
14769,0.00000000
14770,0.00000000
14771,0.00000000
14772,0.00000000
14773,0.00000000
14774,0.00000000
14775,0.00000000
14776,0.00000000
14777,0.00000000
14778,0.00000000
14779,0.00000000
14780,0.00000000
14781,0.00000000
14782,0.00000000
14783,0.00000000
14784,0.00000000
14785,0.00000000
14786,0.00000000
14787,0.00000000
14788,0.00000000
14789,0.00000000
14790,0.00000000
14791,0.00000000
14792,0.00000000
14793,0.00000000
14794,0.00000000
14795,0.00000000
14796,0.00000000
14797,0.00000000
14798,0.00000000
14799,0.00000000
14800,0.00000000
14801,0.00000000
14802,0.00000000
14803,0.00000000
14804,0.00000000
14805,0.00000000
14806,0.00000000
14807,0.00000000
14808,0.00000000
14809,0.00000000
14810,0.00000000
14811,0.00000000
14812,0.00000000
14813,0.00000000
14814,0.00000000
14815,0.00000000
14816,0.00000000
14817,0.00000000
14818,0.00000000
14819,0.00000000
14820,0.00000000
14821,0.00000000
14822,0.00000000
14823,0.00000000
14824,0.00000000
14825,0.00000000
14826,0.00000000
14827,0.00000000
14828,0.00000000
14829,0.00000000
14830,0.00000000
14831,0.00000000
14832,0.00000000
14833,0.00000000
14834,0.00000000
14835,0.00000000
14836,0.00000000
14837,0.00000000
14838,0.00000000
14839,0.00000000
14840,0.00000000
14841,0.00000000
14842,0.00000000
14843,0.00000000
14844,0.00000000
14845,0.00000000
14846,0.00000000
14847,0.00000000
14848,0.00000000
14849,0.00000000
14850,0.00000000
14851,0.00000000
14852,0.00000000
14853,0.00000000
14854,0.00000000
14855,0.00000000
14856,0.00000000
14857,0.00000000
14858,0.00000000
14859,0.00000000
14860,0.00000000
14861,0.00000000
14862,0.00000000
14863,0.00000000
14864,0.00000000
14865,0.00000000
14866,0.00000000
14867,0.00000000
14868,0.00000000
14869,0.00000000
14870,0.00000000
14871,0.00000000
14872,0.00000000
14873,0.00000000
14874,0.00000000
14875,0.00000000
14876,0.00000000
14877,0.00000000
14878,0.00000000
14879,0.00000000
14880,0.00000000
14881,0.00000000
14882,0.00000000
14883,0.00000000
14884,0.00000000
14885,0.00000000
14886,0.00000000
14887,0.00000000
14888,0.00000000
14889,0.00000000
14890,0.00000000
14891,0.00000000
14892,0.00000000
14893,0.00000000
14894,0.00000000
14895,0.00000000
14896,0.00000000
14897,0.00000000
14898,0.00000000
14899,0.00000000
14900,0.00000000
14901,0.00000000
14902,0.00000000
14903,0.00000000
14904,0.00000000
14905,0.00000000
14906,0.00000000
14907,0.00000000
14908,0.00000000
14909,0.00000000
14910,0.00000000
14911,0.00000000
14912,0.00000000
14913,0.00000000
14914,0.00000000
14915,0.00000000
14916,0.00000000
14917,0.00000000
14918,0.00000000
14919,0.00000000
14920,0.00000000
14921,0.00000000
14922,0.00000000
14923,0.00000000
14924,0.00000000
14925,0.00000000
14926,0.00000000
14927,0.00000000
14928,0.00000000
14929,0.00000000
14930,0.00000000
14931,0.00000000
14932,0.00000000
14933,0.00000000
14934,0.00000000
14935,0.00000000
14936,0.00000000
14937,0.00000000
14938,0.00000000
14939,0.00000000
14940,0.00000000
14941,0.00000000
14942,0.00000000
14943,0.00000000
14944,0.00000000
14945,0.00000000
14946,0.00000000
14947,0.00000000
14948,0.00000000
14949,0.00000000
14950,0.00000000
14951,0.00000000
14952,0.00000000
14953,0.00000000
14954,0.00000000
14955,0.00000000
14956,0.00000000
14957,0.00000000
14958,0.00000000
14959,0.00000000
14960,0.00000000
14961,0.00000000
14962,0.00000000
14963,0.00000000
14964,0.00000000
14965,0.00000000
14966,0.00000000
14967,0.00000000
14968,0.00000000
14969,0.00000000
14970,0.00000000
14971,0.00000000
14972,0.00000000
14973,0.00000000
14974,0.00000000
14975,0.00000000
14976,0.00000000
14977,0.00000000
14978,0.00000000
14979,0.00000000
14980,0.00000000
14981,0.00000000
14982,0.00000000
14983,0.00000000
14984,0.00000000
14985,0.00000000
14986,0.00000000
14987,0.00000000
14988,0.00000000
14989,0.00000000
14990,0.00000000
14991,0.00000000
14992,0.00000000
14993,0.00000000
14994,0.00000000
14995,0.00000000
14996,0.00000000
14997,0.00000000
14998,0.00000000
14999,0.00000000
15000,0.00000000
15001,0.00000000
15002,0.00000000
15003,0.00000000
15004,0.00000000
15005,0.00000000
15006,0.00000000
15007,0.00000000
15008,0.00000000
15009,0.00000000
15010,0.00000000
15011,0.00000000
15012,0.00000000
15013,0.00000000
15014,0.00000000
15015,0.00000000
15016,0.00000000
15017,0.00000000
15018,0.00000000
15019,0.00000000
15020,0.00000000
15021,0.00000000
15022,0.00000000
15023,0.00000000
15024,0.00000000
15025,0.00000000
15026,0.00000000
15027,0.00000000
15028,0.00000000
15029,0.00000000
15030,0.00000000
15031,0.00000000
15032,0.00000000
15033,0.00000000
15034,0.00000000
15035,0.00000000
15036,0.00000000
15037,0.00000000
15038,0.00000000
15039,0.00000000
15040,0.00000000
15041,0.00000000
15042,0.00000000
15043,0.00000000
15044,0.00000000
15045,0.00000000
15046,0.00000000
15047,0.00000000
15048,0.00000000
15049,0.00000000
15050,0.00000000
15051,0.00000000
15052,0.00000000
15053,0.00000000
15054,0.00000000
15055,0.00000000
15056,0.00000000
15057,0.00000000
15058,0.00000000
15059,0.00000000
15060,0.00000000
15061,0.00000000
15062,0.00000000
15063,0.00000000
15064,0.00000000
15065,0.00000000
15066,0.00000000
15067,0.00000000
15068,0.00000000
15069,0.00000000
15070,0.00000000
15071,0.00000000
15072,0.00000000
15073,0.00000000
15074,0.00000000
15075,0.00000000
15076,0.00000000
15077,0.00000000
15078,0.00000000
15079,0.00000000
15080,0.00000000
15081,0.00000000
15082,0.00000000
15083,0.00000000
15084,0.00000000
15085,0.00000000
15086,0.00000000
15087,0.00000000
15088,0.00000000
15089,0.00000000
15090,0.00000000
15091,0.00000000
15092,0.00000000
15093,0.00000000
15094,0.00000000
15095,0.00000000
15096,0.00000000
15097,0.00000000
15098,0.00000000
15099,0.00000000
15100,0.00000000
15101,0.00000000
15102,0.00000000
15103,0.00000000
15104,0.00000000
15105,0.00000000
15106,0.00000000
15107,0.00000000
15108,0.00000000
15109,0.00000000
15110,0.00000000
15111,0.00000000
15112,0.00000000
15113,0.00000000
15114,0.00000000
15115,0.00000000
15116,0.00000000
15117,0.00000000
15118,0.00000000
15119,0.00000000
15120,0.00000000
15121,0.00000000
15122,0.00000000
15123,0.00000000
15124,0.00000000
15125,0.00000000
15126,0.00000000
15127,0.00000000
15128,0.00000000
15129,0.00000000
15130,0.00000000
15131,0.00000000
15132,0.00000000
15133,0.00000000
15134,0.00000000
15135,0.00000000
15136,0.00000000
15137,0.00000000
15138,0.00000000
15139,0.00000000
15140,0.00000000
15141,0.00000000
15142,0.00000000
15143,0.00000000
15144,0.00000000
15145,0.00000000
15146,0.00000000
15147,0.00000000
15148,0.00000000
15149,0.00000000
15150,0.00000000
15151,0.00000000
15152,0.00000000
15153,0.00000000
15154,0.00000000
15155,0.00000000
15156,0.00000000
15157,0.00000000
15158,0.00000000
15159,0.00000000
15160,0.00000000
15161,0.00000000
15162,0.00000000
15163,0.00000000
15164,0.00000000
15165,0.00000000
15166,0.00000000
15167,0.00000000
15168,0.00000000
15169,0.00000000
15170,0.00000000
15171,0.00000000
15172,0.00000000
15173,0.00000000
15174,0.00000000
15175,0.00000000
15176,0.00000000
15177,0.00000000
15178,0.00000000
15179,0.00000000
15180,0.00000000
15181,0.00000000
15182,0.00000000
15183,0.00000000
15184,0.00000000
15185,0.00000000
15186,0.00000000
15187,0.00000000
15188,0.00000000
15189,0.00000000
15190,0.00000000
15191,0.00000000
15192,0.00000000
15193,0.00000000
15194,0.00000000
15195,0.00000000
15196,0.00000000
15197,0.00000000
15198,0.00000000
15199,0.00000000
15200,0.00000000
15201,0.00000000
15202,0.00000000
15203,0.00000000
15204,0.00000000
15205,0.00000000
15206,0.00000000
15207,0.00000000
15208,0.00000000
15209,0.00000000
15210,0.00000000
15211,0.00000000
15212,0.00000000
15213,0.00000000
15214,0.00000000
15215,0.00000000
15216,0.00000000
15217,0.00000000
15218,0.00000000
15219,0.00000000
15220,0.00000000
15221,0.00000000
15222,0.00000000
15223,0.00000000
15224,0.00000000
15225,0.00000000
15226,0.00000000
15227,0.00000000
15228,0.00000000
15229,0.00000000
15230,0.00000000
15231,0.00000000
15232,0.00000000
15233,0.00000000
15234,0.00000000
15235,0.00000000
15236,0.00000000
15237,0.00000000
15238,0.00000000
15239,0.00000000
15240,0.00000000
15241,0.00000000
15242,0.00000000
15243,0.00000000
15244,0.00000000
15245,0.00000000
15246,0.00000000
15247,0.00000000
15248,0.00000000
15249,0.00000000
15250,0.00000000
15251,0.00000000
15252,0.00000000
15253,0.00000000
15254,0.00000000
15255,0.00000000
15256,0.00000000
15257,0.00000000
15258,0.00000000
15259,0.00000000
15260,0.00000000
15261,0.00000000
15262,0.00000000
15263,0.00000000
15264,0.00000000
15265,0.00000000
15266,0.00000000
15267,0.00000000
15268,0.00000000
15269,0.00000000
15270,0.00000000
15271,0.00000000
15272,0.00000000
15273,0.00000000
15274,0.00000000
15275,0.00000000
15276,0.00000000
15277,0.00000000
15278,0.00000000
15279,0.00000000
15280,0.00000000
15281,0.00000000
15282,0.00000000
15283,0.00000000
15284,0.00000000
15285,0.00000000
15286,0.00000000
15287,0.00000000
15288,0.00000000
15289,0.00000000
15290,0.00000000
15291,0.00000000
15292,0.00000000
15293,0.00000000
15294,0.00000000
15295,0.00000000
15296,0.00000000
15297,0.00000000
15298,0.00000000
15299,0.00000000
15300,0.00000000
15301,0.00000000
15302,0.00000000
15303,0.00000000
15304,0.00000000
15305,0.00000000
15306,0.00000000
15307,0.00000000
15308,0.00000000
15309,0.00000000
15310,0.00000000
15311,0.00000000
15312,0.00000000
15313,0.00000000
15314,0.00000000
15315,0.00000000
15316,0.00000000
15317,0.00000000
15318,0.00000000
15319,0.00000000
15320,0.00000000
15321,0.00000000
15322,0.00000000
15323,0.00000000
15324,0.00000000
15325,0.00000000
15326,0.00000000
15327,0.00000000
15328,0.00000000
15329,0.00000000
15330,0.00000000
15331,0.00000000
15332,0.00000000
15333,0.00000000
15334,0.00000000
15335,0.00000000
15336,0.00000000
15337,0.00000000
15338,0.00000000
15339,0.00000000
15340,0.00000000
15341,0.00000000
15342,0.00000000
15343,0.00000000
15344,0.00000000
15345,0.00000000
15346,0.00000000
15347,0.00000000
15348,0.00000000
15349,0.00000000
15350,0.00000000
15351,0.00000000
15352,0.00000000
15353,0.00000000
15354,0.00000000
15355,0.00000000
15356,0.00000000
15357,0.00000000
15358,0.00000000
15359,0.00000000
15360,0.00000000
15361,0.00000000
15362,0.00000000
15363,0.00000000
15364,0.00000000
15365,0.00000000
15366,0.00000000
15367,0.00000000
15368,0.00000000
15369,0.00000000
15370,0.00000000
15371,0.00000000
15372,0.00000000
15373,0.00000000
15374,0.00000000
15375,0.00000000
15376,0.00000000
15377,0.00000000
15378,0.00000000
15379,0.00000000
15380,0.00000000
15381,0.00000000
15382,0.00000000
15383,0.00000000
15384,0.00000000
15385,0.00000000
15386,0.00000000
15387,0.00000000
15388,0.00000000
15389,0.00000000
15390,0.00000000
15391,0.00000000
15392,0.00000000
15393,0.00000000
15394,0.00000000
15395,0.00000000
15396,0.00000000
15397,0.00000000
15398,0.00000000
15399,0.00000000
15400,0.00000000
15401,0.00000000
15402,0.00000000
15403,0.00000000
15404,0.00000000
15405,0.00000000
15406,0.00000000
15407,0.00000000
15408,0.00000000
15409,0.00000000
15410,0.00000000
15411,0.00000000
15412,0.00000000
15413,0.00000000
15414,0.00000000
15415,0.00000000
15416,0.00000000
15417,0.00000000
15418,0.00000000
15419,0.00000000
15420,0.00000000
15421,0.00000000
15422,0.00000000
15423,0.00000000
15424,0.00000000
15425,0.00000000
15426,0.00000000
15427,0.00000000
15428,0.00000000
15429,0.00000000
15430,0.00000000
15431,0.00000000
15432,0.00000000
15433,0.00000000
15434,0.00000000
15435,0.00000000
15436,0.00000000
15437,0.00000000
15438,0.00000000
15439,0.00000000
15440,0.00000000
15441,0.00000000
15442,0.00000000
15443,0.00000000
15444,0.00000000
15445,0.00000000
15446,0.00000000
15447,0.00000000
15448,0.00000000
15449,0.00000000
15450,0.00000000
15451,0.00000000
15452,0.00000000
15453,0.00000000
15454,0.00000000
15455,0.00000000
15456,0.00000000
15457,0.00000000
15458,0.00000000
15459,0.00000000
15460,0.00000000
15461,0.00000000
15462,0.00000000
15463,0.00000000
15464,0.00000000
15465,0.00000000
15466,0.00000000
15467,0.00000000
15468,0.00000000
15469,0.00000000
15470,0.00000000
15471,0.00000000
15472,0.00000000
15473,0.00000000
15474,0.00000000
15475,0.00000000
15476,0.00000000
15477,0.00000000
15478,0.00000000
15479,0.00000000
15480,0.00000000
15481,0.00000000
15482,0.00000000
15483,0.00000000
15484,0.00000000
15485,0.00000000
15486,0.00000000
15487,0.00000000
15488,0.00000000
15489,0.00000000
15490,0.00000000
15491,0.00000000
15492,0.00000000
15493,0.00000000
15494,0.00000000
15495,0.00000000
15496,0.00000000
15497,0.00000000
15498,0.00000000
15499,0.00000000
15500,0.00000000
15501,0.00000000
15502,0.00000000
15503,0.00000000
15504,0.00000000
15505,0.00000000
15506,0.00000000
15507,0.00000000
15508,0.00000000
15509,0.00000000
15510,0.00000000
15511,0.00000000
15512,0.00000000
15513,0.00000000
15514,0.00000000
15515,0.00000000
15516,0.00000000
15517,0.00000000
15518,0.00000000
15519,0.00000000
15520,0.00000000
15521,0.00000000
15522,0.00000000
15523,0.00000000
15524,0.00000000
15525,0.00000000
15526,0.00000000
15527,0.00000000
15528,0.00000000
15529,0.00000000
15530,0.00000000
15531,0.00000000
15532,0.00000000
15533,0.00000000
15534,0.00000000
15535,0.00000000
15536,0.00000000
15537,0.00000000
15538,0.00000000
15539,0.00000000
15540,0.00000000
15541,0.00000000
15542,0.00000000
15543,0.00000000
15544,0.00000000
15545,0.00000000
15546,0.00000000
15547,0.00000000
15548,0.00000000
15549,0.00000000
15550,0.00000000
15551,0.00000000
15552,0.00000000
15553,0.00000000
15554,0.00000000
15555,0.00000000
15556,0.00000000
15557,0.00000000
15558,0.00000000
15559,0.00000000
15560,0.00000000
15561,0.00000000
15562,0.00000000
15563,0.00000000
15564,0.00000000
15565,0.00000000
15566,0.00000000
15567,0.00000000
15568,0.00000000
15569,0.00000000
15570,0.00000000
15571,0.00000000
15572,0.00000000
15573,0.00000000
15574,0.00000000
15575,0.00000000
15576,0.00000000
15577,0.00000000
15578,0.00000000
15579,0.00000000
15580,0.00000000
15581,0.00000000
15582,0.00000000
15583,0.00000000
15584,0.00000000
15585,0.00000000
15586,0.00000000
15587,0.00000000
15588,0.00000000
15589,0.00000000
15590,0.00000000
15591,0.00000000
15592,0.00000000
15593,0.00000000
15594,0.00000000
15595,0.00000000
15596,0.00000000
15597,0.00000000
15598,0.00000000
15599,0.00000000
15600,0.00000000
15601,0.00000000
15602,0.00000000
15603,0.00000000
15604,0.00000000
15605,0.00000000
15606,0.00000000
15607,0.00000000
15608,0.00000000
15609,0.00000000
15610,0.00000000
15611,0.00000000
15612,0.00000000
15613,0.00000000
15614,0.00000000
15615,0.00000000
15616,0.00000000
15617,0.00000000
15618,0.00000000
15619,0.00000000
15620,0.00000000
15621,0.00000000
15622,0.00000000
15623,0.00000000
15624,0.00000000
15625,0.00000000
15626,0.00000000
15627,0.00000000
15628,0.00000000
15629,0.00000000
15630,0.00000000
15631,0.00000000
15632,0.00000000
15633,0.00000000
15634,0.00000000
15635,0.00000000
15636,0.00000000
15637,0.00000000
15638,0.00000000
15639,0.00000000
15640,0.00000000
15641,0.00000000
15642,0.00000000
15643,0.00000000
15644,0.00000000
15645,0.00000000
15646,0.00000000
15647,0.00000000
15648,0.00000000
15649,0.00000000
15650,0.00000000
15651,0.00000000
15652,0.00000000
15653,0.00000000
15654,0.00000000
15655,0.00000000
15656,0.00000000
15657,0.00000000
15658,0.00000000
15659,0.00000000
15660,0.00000000
15661,0.00000000
15662,0.00000000
15663,0.00000000
15664,0.00000000
15665,0.00000000
15666,0.00000000
15667,0.00000000
15668,0.00000000
15669,0.00000000
15670,0.00000000
15671,0.00000000
15672,0.00000000
15673,0.00000000
15674,0.00000000
15675,0.00000000
15676,0.00000000
15677,0.00000000
15678,0.00000000
15679,0.00000000
15680,0.00000000
15681,0.00000000
15682,0.00000000
15683,0.00000000
15684,0.00000000
15685,0.00000000
15686,0.00000000
15687,0.00000000
15688,0.00000000
15689,0.00000000
15690,0.00000000
15691,0.00000000
15692,0.00000000
15693,0.00000000
15694,0.00000000
15695,0.00000000
15696,0.00000000
15697,0.00000000
15698,0.00000000
15699,0.00000000
15700,0.00000000
15701,0.00000000
15702,0.00000000
15703,0.00000000
15704,0.00000000
15705,0.00000000
15706,0.00000000
15707,0.00000000
15708,0.00000000
15709,0.00000000
15710,0.00000000
15711,0.00000000
15712,0.00000000
15713,0.00000000
15714,0.00000000
15715,0.00000000
15716,0.00000000
15717,0.00000000
15718,0.00000000
15719,0.00000000
15720,0.00000000
15721,0.00000000
15722,0.00000000
15723,0.00000000
15724,0.00000000
15725,0.00000000
15726,0.00000000
15727,0.00000000
15728,0.00000000
15729,0.00000000
15730,0.00000000
15731,0.00000000
15732,0.00000000
15733,0.00000000
15734,0.00000000
15735,0.00000000
15736,0.00000000
15737,0.00000000
15738,0.00000000
15739,0.00000000
15740,0.00000000
15741,0.00000000
15742,0.00000000
15743,0.00000000
15744,0.00000000
15745,0.00000000
15746,0.00000000
15747,0.00000000
15748,0.00000000
15749,0.00000000
15750,0.00000000
15751,0.00000000
15752,0.00000000
15753,0.00000000
15754,0.00000000
15755,0.00000000
15756,0.00000000
15757,0.00000000
15758,0.00000000
15759,0.00000000
15760,0.00000000
15761,0.00000000
15762,0.00000000
15763,0.00000000
15764,0.00000000
15765,0.00000000
15766,0.00000000
15767,0.00000000
15768,0.00000000
15769,0.00000000
15770,0.00000000
15771,0.00000000
15772,0.00000000
15773,0.00000000
15774,0.00000000
15775,0.00000000
15776,0.00000000
15777,0.00000000
15778,0.00000000
15779,0.00000000
15780,0.00000000
15781,0.00000000
15782,0.00000000
15783,0.00000000
15784,0.00000000
15785,0.00000000
15786,0.00000000
15787,0.00000000
15788,0.00000000
15789,0.00000000
15790,0.00000000
15791,0.00000000
15792,0.00000000
15793,0.00000000
15794,0.00000000
15795,0.00000000
15796,0.00000000
15797,0.00000000
15798,0.00000000
15799,0.00000000
15800,0.00000000
15801,0.00000000
15802,0.00000000
15803,0.00000000
15804,0.00000000
15805,0.00000000
15806,0.00000000
15807,0.00000000
15808,0.00000000
15809,0.00000000
15810,0.00000000
15811,0.00000000
15812,0.00000000
15813,0.00000000
15814,0.00000000
15815,0.00000000
15816,0.00000000
15817,0.00000000
15818,0.00000000
15819,0.00000000
15820,0.00000000
15821,0.00000000
15822,0.00000000
15823,0.00000000
15824,0.00000000
15825,0.00000000
15826,0.00000000
15827,0.00000000
15828,0.00000000
15829,0.00000000
15830,0.00000000
15831,0.00000000
15832,0.00000000
15833,0.00000000
15834,0.00000000
15835,0.00000000
15836,0.00000000
15837,0.00000000
15838,0.00000000
15839,0.00000000
15840,0.00000000
15841,0.00000000
15842,0.00000000
15843,0.00000000
15844,0.00000000
15845,0.00000000
15846,0.00000000
15847,0.00000000
15848,0.00000000
15849,0.00000000
15850,0.00000000
15851,0.00000000
15852,0.00000000
15853,0.00000000
15854,0.00000000
15855,0.00000000
15856,0.00000000
15857,0.00000000
15858,0.00000000
15859,0.00000000
15860,0.00000000
15861,0.00000000
15862,0.00000000
15863,0.00000000
15864,0.00000000
15865,0.00000000
15866,0.00000000
15867,0.00000000
15868,0.00000000
15869,0.00000000
15870,0.00000000
15871,0.00000000
15872,0.00000000
15873,0.00000000
15874,0.00000000
15875,0.00000000
15876,0.00000000
15877,0.00000000
15878,0.00000000
15879,0.00000000
15880,0.00000000
15881,0.00000000
15882,0.00000000
15883,0.00000000
15884,0.00000000
15885,0.00000000
15886,0.00000000
15887,0.00000000
15888,0.00000000
15889,0.00000000
15890,0.00000000
15891,0.00000000
15892,0.00000000
15893,0.00000000
15894,0.00000000
15895,0.00000000
15896,0.00000000
15897,0.00000000
15898,0.00000000
15899,0.00000000
15900,0.00000000
15901,0.00000000
15902,0.00000000
15903,0.00000000
15904,0.00000000
15905,0.00000000
15906,0.00000000
15907,0.00000000
15908,0.00000000
15909,0.00000000
15910,0.00000000
15911,0.00000000
15912,0.00000000
15913,0.00000000
15914,0.00000000
15915,0.00000000
15916,0.00000000
15917,0.00000000
15918,0.00000000
15919,0.00000000
15920,0.00000000
15921,0.00000000
15922,0.00000000
15923,0.00000000
15924,0.00000000
15925,0.00000000
15926,0.00000000
15927,0.00000000
15928,0.00000000
15929,0.00000000
15930,0.00000000
15931,0.00000000
15932,0.00000000
15933,0.00000000
15934,0.00000000
15935,0.00000000
15936,0.00000000
15937,0.00000000
15938,0.00000000
15939,0.00000000
15940,0.00000000
15941,0.00000000
15942,0.00000000
15943,0.00000000
15944,0.00000000
15945,0.00000000
15946,0.00000000
15947,0.00000000
15948,0.00000000
15949,0.00000000
15950,0.00000000
15951,0.00000000
15952,0.00000000
15953,0.00000000
15954,0.00000000
15955,0.00000000
15956,0.00000000
15957,0.00000000
15958,0.00000000
15959,0.00000000
15960,0.00000000
15961,0.00000000
15962,0.00000000
15963,0.00000000
15964,0.00000000
15965,0.00000000
15966,0.00000000
15967,0.00000000
15968,0.00000000
15969,0.00000000
15970,0.00000000
15971,0.00000000
15972,0.00000000
15973,0.00000000
15974,0.00000000
15975,0.00000000
15976,0.00000000
15977,0.00000000
15978,0.00000000
15979,0.00000000
15980,0.00000000
15981,0.00000000
15982,0.00000000
15983,0.00000000
15984,0.00000000
15985,0.00000000
15986,0.00000000
15987,0.00000000
15988,0.00000000
15989,0.00000000
15990,0.00000000
15991,0.00000000
15992,0.00000000
15993,0.00000000
15994,0.00000000
15995,0.00000000
15996,0.00000000
15997,0.00000000
15998,0.00000000
15999,0.00000000
16000,0.00000000
16001,0.00000000
16002,0.00000000
16003,0.00000000
16004,0.00000000
16005,0.00000000
16006,0.00000000
16007,0.00000000
16008,0.00000000
16009,0.00000000
16010,0.00000000
16011,0.00000000
16012,0.00000000
16013,0.00000000
16014,0.00000000
16015,0.00000000
16016,0.00000000
16017,0.00000000
16018,0.00000000
16019,0.00000000
16020,0.00000000
16021,0.00000000
16022,0.00000000
16023,0.00000000
16024,0.00000000
16025,0.00000000
16026,0.00000000
16027,0.00000000
16028,0.00000000
16029,0.00000000
16030,0.00000000
16031,0.00000000
16032,0.00000000
16033,0.00000000
16034,0.00000000
16035,0.00000000
16036,0.00000000
16037,0.00000000
16038,0.00000000
16039,0.00000000
16040,0.00000000
16041,0.00000000
16042,0.00000000
16043,0.00000000
16044,0.00000000
16045,0.00000000
16046,0.00000000
16047,0.00000000
16048,0.00000000
16049,0.00000000
16050,0.00000000
16051,0.00000000
16052,0.00000000
16053,0.00000000
16054,0.00000000
16055,0.00000000
16056,0.00000000
16057,0.00000000
16058,0.00000000
16059,0.00000000
16060,0.00000000
16061,0.00000000
16062,0.00000000
16063,0.00000000
16064,0.00000000
16065,0.00000000
16066,0.00000000
16067,0.00000000
16068,0.00000000
16069,0.00000000
16070,0.00000000
16071,0.00000000
16072,0.00000000
16073,0.00000000
16074,0.00000000
16075,0.00000000
16076,0.00000000
16077,0.00000000
16078,0.00000000
16079,0.00000000
16080,0.00000000
16081,0.00000000
16082,0.00000000
16083,0.00000000
16084,0.00000000
16085,0.00000000
16086,0.00000000
16087,0.00000000
16088,0.00000000
16089,0.00000000
16090,0.00000000
16091,0.00000000
16092,0.00000000
16093,0.00000000
16094,0.00000000
16095,0.00000000
16096,0.00000000
16097,0.00000000
16098,0.00000000
16099,0.00000000
16100,0.00000000
16101,0.00000000
16102,0.00000000
16103,0.00000000
16104,0.00000000
16105,0.00000000
16106,0.00000000
16107,0.00000000
16108,0.00000000
16109,0.00000000
16110,0.00000000
16111,0.00000000
16112,0.00000000
16113,0.00000000
16114,0.00000000
16115,0.00000000
16116,0.00000000
16117,0.00000000
16118,0.00000000
16119,0.00000000
16120,0.00000000
16121,0.00000000
16122,0.00000000
16123,0.00000000
16124,0.00000000
16125,0.00000000
16126,0.00000000
16127,0.00000000
16128,0.00000000
16129,0.00000000
16130,0.00000000
16131,0.00000000
16132,0.00000000
16133,0.00000000
16134,0.00000000
16135,0.00000000
16136,0.00000000
16137,0.00000000
16138,0.00000000
16139,0.00000000
16140,0.00000000
16141,0.00000000
16142,0.00000000
16143,0.00000000
16144,0.00000000
16145,0.00000000
16146,0.00000000
16147,0.00000000
16148,0.00000000
16149,0.00000000
16150,0.00000000
16151,0.00000000
16152,0.00000000
16153,0.00000000
16154,0.00000000
16155,0.00000000
16156,0.00000000
16157,0.00000000
16158,0.00000000
16159,0.00000000
16160,0.00000000
16161,0.00000000
16162,0.00000000
16163,0.00000000
16164,0.00000000
16165,0.00000000
16166,0.00000000
16167,0.00000000
16168,0.00000000
16169,0.00000000
16170,0.00000000
16171,0.00000000
16172,0.00000000
16173,0.00000000
16174,0.00000000
16175,0.00000000
16176,0.00000000
16177,0.00000000
16178,0.00000000
16179,0.00000000
16180,0.00000000
16181,0.00000000
16182,0.00000000
16183,0.00000000
16184,0.00000000
16185,0.00000000
16186,0.00000000
16187,0.00000000
16188,0.00000000
16189,0.00000000
16190,0.00000000
16191,0.00000000
16192,0.00000000
16193,0.00000000
16194,0.00000000
16195,0.00000000
16196,0.00000000
16197,0.00000000
16198,0.00000000
16199,0.00000000
16200,0.00000000
16201,0.00000000
16202,0.00000000
16203,0.00000000
16204,0.00000000
16205,0.00000000
16206,0.00000000
16207,0.00000000
16208,0.00000000
16209,0.00000000
16210,0.00000000
16211,0.00000000
16212,0.00000000
16213,0.00000000
16214,0.00000000
16215,0.00000000
16216,0.00000000
16217,0.00000000
16218,0.00000000
16219,0.00000000
16220,0.00000000
16221,0.00000000
16222,0.00000000
16223,0.00000000
16224,0.00000000
16225,0.00000000
16226,0.00000000
16227,0.00000000
16228,0.00000000
16229,0.00000000
16230,0.00000000
16231,0.00000000
16232,0.00000000
16233,0.00000000
16234,0.00000000
16235,0.00000000
16236,0.00000000
16237,0.00000000
16238,0.00000000
16239,0.00000000
16240,0.00000000
16241,0.00000000
16242,0.00000000
16243,0.00000000
16244,0.00000000
16245,0.00000000
16246,0.00000000
16247,0.00000000
16248,0.00000000
16249,0.00000000
16250,0.00000000
16251,0.00000000
16252,0.00000000
16253,0.00000000
16254,0.00000000
16255,0.00000000
16256,0.00000000
16257,0.00000000
16258,0.00000000
16259,0.00000000
16260,0.00000000
16261,0.00000000
16262,0.00000000
16263,0.00000000
16264,0.00000000
16265,0.00000000
16266,0.00000000
16267,0.00000000
16268,0.00000000
16269,0.00000000
16270,0.00000000
16271,0.00000000
16272,0.00000000
16273,0.00000000
16274,0.00000000
16275,0.00000000
16276,0.00000000
16277,0.00000000
16278,0.00000000
16279,0.00000000
16280,0.00000000
16281,0.00000000
16282,0.00000000
16283,0.00000000
16284,0.00000000
16285,0.00000000
16286,0.00000000
16287,0.00000000
16288,0.00000000
16289,0.00000000
16290,0.00000000
16291,0.00000000
16292,0.00000000
16293,0.00000000
16294,0.00000000
16295,0.00000000
16296,0.00000000
16297,0.00000000
16298,0.00000000
16299,0.00000000
16300,0.00000000
16301,0.00000000
16302,0.00000000
16303,0.00000000
16304,0.00000000
16305,0.00000000
16306,0.00000000
16307,0.00000000
16308,0.00000000
16309,0.00000000
16310,0.00000000
16311,0.00000000
16312,0.00000000
16313,0.00000000
16314,0.00000000
16315,0.00000000
16316,0.00000000
16317,0.00000000
16318,0.00000000
16319,0.00000000
16320,0.00000000
16321,0.00000000
16322,0.00000000
16323,0.00000000
16324,0.00000000
16325,0.00000000
16326,0.00000000
16327,0.00000000
16328,0.00000000
16329,0.00000000
16330,0.00000000
16331,0.00000000
16332,0.00000000
16333,0.00000000
16334,0.00000000
16335,0.00000000
16336,0.00000000
16337,0.00000000
16338,0.00000000
16339,0.00000000
16340,0.00000000
16341,0.00000000
16342,0.00000000
16343,0.00000000
16344,0.00000000
16345,0.00000000
16346,0.00000000
16347,0.00000000
16348,0.00000000
16349,0.00000000
16350,0.00000000
16351,0.00000000
16352,0.00000000
16353,0.00000000
16354,0.00000000
16355,0.00000000
16356,0.00000000
16357,0.00000000
16358,0.00000000
16359,0.00000000
16360,0.00000000
16361,0.00000000
16362,0.00000000
16363,0.00000000
16364,0.00000000
16365,0.00000000
16366,0.00000000
16367,0.00000000
16368,0.00000000
16369,0.00000000
16370,0.00000000
16371,0.00000000
16372,0.00000000
16373,0.00000000
16374,0.00000000
16375,0.00000000
16376,0.00000000
16377,0.00000000
16378,0.00000000
16379,0.00000000
16380,0.00000000
16381,0.00000000
16382,0.00000000
16383,0.00000000
16384,0.00000000
16385,0.00000000
16386,0.00000000
16387,0.00000000
16388,0.00000000
16389,0.00000000
16390,0.00000000
16391,0.00000000
16392,0.00000000
16393,0.00000000
16394,0.00000000
16395,0.00000000
16396,0.00000000
16397,0.00000000
16398,0.00000000
16399,0.00000000
16400,0.00000000
16401,0.00000000
16402,0.00000000
16403,0.00000000
16404,0.00000000
16405,0.00000000
16406,0.00000000
16407,0.00000000
16408,0.00000000
16409,0.00000000
16410,0.00000000
16411,0.00000000
16412,0.00000000
16413,0.00000000
16414,0.00000000
16415,0.00000000
16416,0.00000000
16417,0.00000000
16418,0.00000000
16419,0.00000000
16420,0.00000000
16421,0.00000000
16422,0.00000000
16423,0.00000000
16424,0.00000000
16425,0.00000000
16426,0.00000000
16427,0.00000000
16428,0.00000000
16429,0.00000000
16430,0.00000000
16431,0.00000000
16432,0.00000000
16433,0.00000000
16434,0.00000000
16435,0.00000000
16436,0.00000000
16437,0.00000000
16438,0.00000000
16439,0.00000000
16440,0.00000000
16441,0.00000000
16442,0.00000000
16443,0.00000000
16444,0.00000000
16445,0.00000000
16446,0.00000000
16447,0.00000000
16448,0.00000000
16449,0.00000000
16450,0.00000000
16451,0.00000000
16452,0.00000000
16453,0.00000000
16454,0.00000000
16455,0.00000000
16456,0.00000000
16457,0.00000000
16458,0.00000000
16459,0.00000000
16460,0.00000000
16461,0.00000000
16462,0.00000000
16463,0.00000000
16464,0.00000000
16465,0.00000000
16466,0.00000000
16467,0.00000000
16468,0.00000000
16469,0.00000000
16470,0.00000000
16471,0.00000000
16472,0.00000000
16473,0.00000000
16474,0.00000000
16475,0.00000000
16476,0.00000000
16477,0.00000000
16478,0.00000000
16479,0.00000000
16480,0.00000000
16481,0.00000000
16482,0.00000000
16483,0.00000000
16484,0.00000000
16485,0.00000000
16486,0.00000000
16487,0.00000000
16488,0.00000000
16489,0.00000000
16490,0.00000000
16491,0.00000000
16492,0.00000000
16493,0.00000000
16494,0.00000000
16495,0.00000000
16496,0.00000000
16497,0.00000000
16498,0.00000000
16499,0.00000000
16500,0.00000000
16501,0.00000000
16502,0.00000000
16503,0.00000000
16504,0.00000000
16505,0.00000000
16506,0.00000000
16507,0.00000000
16508,0.00000000
16509,0.00000000
16510,0.00000000
16511,0.00000000
16512,0.00000000
16513,0.00000000
16514,0.00000000
16515,0.00000000
16516,0.00000000
16517,0.00000000
16518,0.00000000
16519,0.00000000
16520,0.00000000
16521,0.00000000
16522,0.00000000
16523,0.00000000
16524,0.00000000
16525,0.00000000
16526,0.00000000
16527,0.00000000
16528,0.00000000
16529,0.00000000
16530,0.00000000
16531,0.00000000
16532,0.00000000
16533,0.00000000
16534,0.00000000
16535,0.00000000
16536,0.00000000
16537,0.00000000
16538,0.00000000
16539,0.00000000
16540,0.00000000
16541,0.00000000
16542,0.00000000
16543,0.00000000
16544,0.00000000
16545,0.00000000
16546,0.00000000
16547,0.00000000
16548,0.00000000
16549,0.00000000
16550,0.00000000
16551,0.00000000
16552,0.00000000
16553,0.00000000
16554,0.00000000
16555,0.00000000
16556,0.00000000
16557,0.00000000
16558,0.00000000
16559,0.00000000
16560,0.00000000
16561,0.00000000
16562,0.00000000
16563,0.00000000
16564,0.00000000
16565,0.00000000
16566,0.00000000
16567,0.00000000
16568,0.00000000
16569,0.00000000
16570,0.00000000
16571,0.00000000
16572,0.00000000
16573,0.00000000
16574,0.00000000
16575,0.00000000
16576,0.00000000
16577,0.00000000
16578,0.00000000
16579,0.00000000
16580,0.00000000
16581,0.00000000
16582,0.00000000
16583,0.00000000
16584,0.00000000
16585,0.00000000
16586,0.00000000
16587,0.00000000
16588,0.00000000
16589,0.00000000
16590,0.00000000
16591,0.00000000
16592,0.00000000
16593,0.00000000
16594,0.00000000
16595,0.00000000
16596,0.00000000
16597,0.00000000
16598,0.00000000
16599,0.00000000
16600,0.00000000
16601,0.00000000
16602,0.00000000
16603,0.00000000
16604,0.00000000
16605,0.00000000
16606,0.00000000
16607,0.00000000
16608,0.00000000
16609,0.00000000
16610,0.00000000
16611,0.00000000
16612,0.00000000
16613,0.00000000
16614,0.00000000
16615,0.00000000
16616,0.00000000
16617,0.00000000
16618,0.00000000
16619,0.00000000
16620,0.00000000
16621,0.00000000
16622,0.00000000
16623,0.00000000
16624,0.00000000
16625,0.00000000
16626,0.00000000
16627,0.00000000
16628,0.00000000
16629,0.00000000
16630,0.00000000
16631,0.00000000
16632,0.00000000
16633,0.00000000
16634,0.00000000
16635,0.00000000
16636,0.00000000
16637,0.00000000
16638,0.00000000
16639,0.00000000
16640,0.00000000
16641,0.00000000
16642,0.00000000
16643,0.00000000
16644,0.00000000
16645,0.00000000
16646,0.00000000
16647,0.00000000
16648,0.00000000
16649,0.00000000
16650,0.00000000
16651,0.00000000
16652,0.00000000
16653,0.00000000
16654,0.00000000
16655,0.00000000
16656,0.00000000
16657,0.00000000
16658,0.00000000
16659,0.00000000
16660,0.00000000
16661,0.00000000
16662,0.00000000
16663,0.00000000
16664,0.00000000
16665,0.00000000
16666,0.00000000
16667,0.00000000
16668,0.00000000
16669,0.00000000
16670,0.00000000
16671,0.00000000
16672,0.00000000
16673,0.00000000
16674,0.00000000
16675,0.00000000
16676,0.00000000
16677,0.00000000
16678,0.00000000
16679,0.00000000
16680,0.00000000
16681,0.00000000
16682,0.00000000
16683,0.00000000
16684,0.00000000
16685,0.00000000
16686,0.00000000
16687,0.00000000
16688,0.00000000
16689,0.00000000
16690,0.00000000
16691,0.00000000
16692,0.00000000
16693,0.00000000
16694,0.00000000
16695,0.00000000
16696,0.00000000
16697,0.00000000
16698,0.00000000
16699,0.00000000
16700,0.00000000
16701,0.00000000
16702,0.00000000
16703,0.00000000
16704,0.00000000
16705,0.00000000
16706,0.00000000
16707,0.00000000
16708,0.00000000
16709,0.00000000
16710,0.00000000
16711,0.00000000
16712,0.00000000
16713,0.00000000
16714,0.00000000
16715,0.00000000
16716,0.00000000
16717,0.00000000
16718,0.00000000
16719,0.00000000
16720,0.00000000
16721,0.00000000
16722,0.00000000
16723,0.00000000
16724,0.00000000
16725,0.00000000
16726,0.00000000
16727,0.00000000
16728,0.00000000
16729,0.00000000
16730,0.00000000
16731,0.00000000
16732,0.00000000
16733,0.00000000
16734,0.00000000
16735,0.00000000
16736,0.00000000
16737,0.00000000
16738,0.00000000
16739,0.00000000
16740,0.00000000
16741,0.00000000
16742,0.00000000
16743,0.00000000
16744,0.00000000
16745,0.00000000
16746,0.00000000
16747,0.00000000
16748,0.00000000
16749,0.00000000
16750,0.00000000
16751,0.00000000
16752,0.00000000
16753,0.00000000
16754,0.00000000
16755,0.00000000
16756,0.00000000
16757,0.00000000
16758,0.00000000
16759,0.00000000
16760,0.00000000
16761,0.00000000
16762,0.00000000
16763,0.00000000
16764,0.00000000
16765,0.00000000
16766,0.00000000
16767,0.00000000
16768,0.00000000
16769,0.00000000
16770,0.00000000
16771,0.00000000
16772,0.00000000
16773,0.00000000
16774,0.00000000
16775,0.00000000
16776,0.00000000
16777,0.00000000
16778,0.00000000
16779,0.00000000
16780,0.00000000
16781,0.00000000
16782,0.00000000
16783,0.00000000
16784,0.00000000
16785,0.00000000
16786,0.00000000
16787,0.00000000
16788,0.00000000
16789,0.00000000
16790,0.00000000
16791,0.00000000
16792,0.00000000
16793,0.00000000
16794,0.00000000
16795,0.00000000
16796,0.00000000
16797,0.00000000
16798,0.00000000
16799,0.00000000
16800,0.00000000
16801,0.00000000
16802,0.00000000
16803,0.00000000
16804,0.00000000
16805,0.00000000
16806,0.00000000
16807,0.00000000
16808,0.00000000
16809,0.00000000
16810,0.00000000
16811,0.00000000
16812,0.00000000
16813,0.00000000
16814,0.00000000
16815,0.00000000
16816,0.00000000
16817,0.00000000
16818,0.00000000
16819,0.00000000
16820,0.00000000
16821,0.00000000
16822,0.00000000
16823,0.00000000
16824,0.00000000
16825,0.00000000
16826,0.00000000
16827,0.00000000
16828,0.00000000
16829,0.00000000
16830,0.00000000
16831,0.00000000
16832,0.00000000
16833,0.00000000
16834,0.00000000
16835,0.00000000
16836,0.00000000
16837,0.00000000
16838,0.00000000
16839,0.00000000
16840,0.00000000
16841,0.00000000
16842,0.00000000
16843,0.00000000
16844,0.00000000
16845,0.00000000
16846,0.00000000
16847,0.00000000
16848,0.00000000
16849,0.00000000
16850,0.00000000
16851,0.00000000
16852,0.00000000
16853,0.00000000
16854,0.00000000
16855,0.00000000
16856,0.00000000
16857,0.00000000
16858,0.00000000
16859,0.00000000
16860,0.00000000
16861,0.00000000
16862,0.00000000
16863,0.00000000
16864,0.00000000
16865,0.00000000
16866,0.00000000
16867,0.00000000
16868,0.00000000
16869,0.00000000
16870,0.00000000
16871,0.00000000
16872,0.00000000
16873,0.00000000
16874,0.00000000
16875,0.00000000
16876,0.00000000
16877,0.00000000
16878,0.00000000
16879,0.00000000
16880,0.00000000
16881,0.00000000
16882,0.00000000
16883,0.00000000
16884,0.00000000
16885,0.00000000
16886,0.00000000
16887,0.00000000
16888,0.00000000
16889,0.00000000
16890,0.00000000
16891,0.00000000
16892,0.00000000
16893,0.00000000
16894,0.00000000
16895,0.00000000
16896,0.00000000
16897,0.00000000
16898,0.00000000
16899,0.00000000
16900,0.00000000
16901,0.00000000
16902,0.00000000
16903,0.00000000
16904,0.00000000
16905,0.00000000
16906,0.00000000
16907,0.00000000
16908,0.00000000
16909,0.00000000
16910,0.00000000
16911,0.00000000
16912,0.00000000
16913,0.00000000
16914,0.00000000
16915,0.00000000
16916,0.00000000
16917,0.00000000
16918,0.00000000
16919,0.00000000
16920,0.00000000
16921,0.00000000
16922,0.00000000
16923,0.00000000
16924,0.00000000
16925,0.00000000
16926,0.00000000
16927,0.00000000
16928,0.00000000
16929,0.00000000
16930,0.00000000
16931,0.00000000
16932,0.00000000
16933,0.00000000
16934,0.00000000
16935,0.00000000
16936,0.00000000
16937,0.00000000
16938,0.00000000
16939,0.00000000
16940,0.00000000
16941,0.00000000
16942,0.00000000
16943,0.00000000
16944,0.00000000
16945,0.00000000
16946,0.00000000
16947,0.00000000
16948,0.00000000
16949,0.00000000
16950,0.00000000
16951,0.00000000
16952,0.00000000
16953,0.00000000
16954,0.00000000
16955,0.00000000
16956,0.00000000
16957,0.00000000
16958,0.00000000
16959,0.00000000
16960,0.00000000
16961,0.00000000
16962,0.00000000
16963,0.00000000
16964,0.00000000
16965,0.00000000
16966,0.00000000
16967,0.00000000
16968,0.00000000
16969,0.00000000
16970,0.00000000
16971,0.00000000
16972,0.00000000
16973,0.00000000
16974,0.00000000
16975,0.00000000
16976,0.00000000
16977,0.00000000
16978,0.00000000
16979,0.00000000
16980,0.00000000
16981,0.00000000
16982,0.00000000
16983,0.00000000
16984,0.00000000
16985,0.00000000
16986,0.00000000
16987,0.00000000
16988,0.00000000
16989,0.00000000
16990,0.00000000
16991,0.00000000
16992,0.00000000
16993,0.00000000
16994,0.00000000
16995,0.00000000
16996,0.00000000
16997,0.00000000
16998,0.00000000
16999,0.00000000
17000,0.00000000
17001,0.00000000
17002,0.00000000
17003,0.00000000
17004,0.00000000
17005,0.00000000
17006,0.00000000
17007,0.00000000
17008,0.00000000
17009,0.00000000
17010,0.00000000
17011,0.00000000
17012,0.00000000
17013,0.00000000
17014,0.00000000
17015,0.00000000
17016,0.00000000
17017,0.00000000
17018,0.00000000
17019,0.00000000
17020,0.00000000
17021,0.00000000
17022,0.00000000
17023,0.00000000
17024,0.00000000
17025,0.00000000
17026,0.00000000
17027,0.00000000
17028,0.00000000
17029,0.00000000
17030,0.00000000
17031,0.00000000
17032,0.00000000
17033,0.00000000
17034,0.00000000
17035,0.00000000
17036,0.00000000
17037,0.00000000
17038,0.00000000
17039,0.00000000
17040,0.00000000
17041,0.00000000
17042,0.00000000
17043,0.00000000
17044,0.00000000
17045,0.00000000
17046,0.00000000
17047,0.00000000
17048,0.00000000
17049,0.00000000
17050,0.00000000
17051,0.00000000
17052,0.00000000
17053,0.00000000
17054,0.00000000
17055,0.00000000
17056,0.00000000
17057,0.00000000
17058,0.00000000
17059,0.00000000
17060,0.00000000
17061,0.00000000
17062,0.00000000
17063,0.00000000
17064,0.00000000
17065,0.00000000
17066,0.00000000
17067,0.00000000
17068,0.00000000
17069,0.00000000
17070,0.00000000
17071,0.00000000
17072,0.00000000
17073,0.00000000
17074,0.00000000
17075,0.00000000
17076,0.00000000
17077,0.00000000
17078,0.00000000
17079,0.00000000
17080,0.00000000
17081,0.00000000
17082,0.00000000
17083,0.00000000
17084,0.00000000
17085,0.00000000
17086,0.00000000
17087,0.00000000
17088,0.00000000
17089,0.00000000
17090,0.00000000
17091,0.00000000
17092,0.00000000
17093,0.00000000
17094,0.00000000
17095,0.00000000
17096,0.00000000
17097,0.00000000
17098,0.00000000
17099,0.00000000
17100,0.00000000
17101,0.00000000
17102,0.00000000
17103,0.00000000
17104,0.00000000
17105,0.00000000
17106,0.00000000
17107,0.00000000
17108,0.00000000
17109,0.00000000
17110,0.00000000
17111,0.00000000
17112,0.00000000
17113,0.00000000
17114,0.00000000
17115,0.00000000
17116,0.00000000
17117,0.00000000
17118,0.00000000
17119,0.00000000
17120,0.00000000
17121,0.00000000
17122,0.00000000
17123,0.00000000
17124,0.00000000
17125,0.00000000
17126,0.00000000
17127,0.00000000
17128,0.00000000
17129,0.00000000
17130,0.00000000
17131,0.00000000
17132,0.00000000
17133,0.00000000
17134,0.00000000
17135,0.00000000
17136,0.00000000
17137,0.00000000
17138,0.00000000
17139,0.00000000
17140,0.00000000
17141,0.00000000
17142,0.00000000
17143,0.00000000
17144,0.00000000
17145,0.00000000
17146,0.00000000
17147,0.00000000
17148,0.00000000
17149,0.00000000
17150,0.00000000
17151,0.00000000
17152,0.00000000
17153,0.00000000
17154,0.00000000
17155,0.00000000
17156,0.00000000
17157,0.00000000
17158,0.00000000
17159,0.00000000
17160,0.00000000
17161,0.00000000
17162,0.00000000
17163,0.00000000
17164,0.00000000
17165,0.00000000
17166,0.00000000
17167,0.00000000
17168,0.00000000
17169,0.00000000
17170,0.00000000
17171,0.00000000
17172,0.00000000
17173,0.00000000
17174,0.00000000
17175,0.00000000
17176,0.00000000
17177,0.00000000
17178,0.00000000
17179,0.00000000
17180,0.00000000
17181,0.00000000
17182,0.00000000
17183,0.00000000
17184,0.00000000
17185,0.00000000
17186,0.00000000
17187,0.00000000
17188,0.00000000
17189,0.00000000
17190,0.00000000
17191,0.00000000
17192,0.00000000
17193,0.00000000
17194,0.00000000
17195,0.00000000
17196,0.00000000
17197,0.00000000
17198,0.00000000
17199,0.00000000
17200,0.00000000
17201,0.00000000
17202,0.00000000
17203,0.00000000
17204,0.00000000
17205,0.00000000
17206,0.00000000
17207,0.00000000
17208,0.00000000
17209,0.00000000
17210,0.00000000
17211,0.00000000
17212,0.00000000
17213,0.00000000
17214,0.00000000
17215,0.00000000
17216,0.00000000
17217,0.00000000
17218,0.00000000
17219,0.00000000
17220,0.00000000
17221,0.00000000
17222,0.00000000
17223,0.00000000
17224,0.00000000
17225,0.00000000
17226,0.00000000
17227,0.00000000
17228,0.00000000
17229,0.00000000
17230,0.00000000
17231,0.00000000
17232,0.00000000
17233,0.00000000
17234,0.00000000
17235,0.00000000
17236,0.00000000
17237,0.00000000
17238,0.00000000
17239,0.00000000
17240,0.00000000
17241,0.00000000
17242,0.00000000
17243,0.00000000
17244,0.00000000
17245,0.00000000
17246,0.00000000
17247,0.00000000
17248,0.00000000
17249,0.00000000
17250,0.00000000
17251,0.00000000
17252,0.00000000
17253,0.00000000
17254,0.00000000
17255,0.00000000
17256,0.00000000
17257,0.00000000
17258,0.00000000
17259,0.00000000
17260,0.00000000
17261,0.00000000
17262,0.00000000
17263,0.00000000
17264,0.00000000
17265,0.00000000
17266,0.00000000
17267,0.00000000
17268,0.00000000
17269,0.00000000
17270,0.00000000
17271,0.00000000
17272,0.00000000
17273,0.00000000
17274,0.00000000
17275,0.00000000
17276,0.00000000
17277,0.00000000
17278,0.00000000
17279,0.00000000
17280,0.00000000
17281,0.00000000
17282,0.00000000
17283,0.00000000
17284,0.00000000
17285,0.00000000
17286,0.00000000
17287,0.00000000
17288,0.00000000
17289,0.00000000
17290,0.00000000
17291,0.00000000
17292,0.00000000
17293,0.00000000
17294,0.00000000
17295,0.00000000
17296,0.00000000
17297,0.00000000
17298,0.00000000
17299,0.00000000
17300,0.00000000
17301,0.00000000
17302,0.00000000
17303,0.00000000
17304,0.00000000
17305,0.00000000
17306,0.00000000
17307,0.00000000
17308,0.00000000
17309,0.00000000
17310,0.00000000
17311,0.00000000
17312,0.00000000
17313,0.00000000
17314,0.00000000
17315,0.00000000
17316,0.00000000
17317,0.00000000
17318,0.00000000
17319,0.00000000
17320,0.00000000
17321,0.00000000
17322,0.00000000
17323,0.00000000
17324,0.00000000
17325,0.00000000
17326,0.00000000
17327,0.00000000
17328,0.00000000
17329,0.00000000
17330,0.00000000
17331,0.00000000
17332,0.00000000
17333,0.00000000
17334,0.00000000
17335,0.00000000
17336,0.00000000
17337,0.00000000
17338,0.00000000
17339,0.00000000
17340,0.00000000
17341,0.00000000
17342,0.00000000
17343,0.00000000
17344,0.00000000
17345,0.00000000
17346,0.00000000
17347,0.00000000
17348,0.00000000
17349,0.00000000
17350,0.00000000
17351,0.00000000
17352,0.00000000
17353,0.00000000
17354,0.00000000
17355,0.00000000
17356,0.00000000
17357,0.00000000
17358,0.00000000
17359,0.00000000
17360,0.00000000
17361,0.00000000
17362,0.00000000
17363,0.00000000
17364,0.00000000
17365,0.00000000
17366,0.00000000
17367,0.00000000
17368,0.00000000
17369,0.00000000
17370,0.00000000
17371,0.00000000
17372,0.00000000
17373,0.00000000
17374,0.00000000
17375,0.00000000
17376,0.00000000
17377,0.00000000
17378,0.00000000
17379,0.00000000
17380,0.00000000
17381,0.00000000
17382,0.00000000
17383,0.00000000
17384,0.00000000
17385,0.00000000
17386,0.00000000
17387,0.00000000
17388,0.00000000
17389,0.00000000
17390,0.00000000
17391,0.00000000
17392,0.00000000
17393,0.00000000
17394,0.00000000
17395,0.00000000
17396,0.00000000
17397,0.00000000
17398,0.00000000
17399,0.00000000
17400,0.00000000
17401,0.00000000
17402,0.00000000
17403,0.00000000
17404,0.00000000
17405,0.00000000
17406,0.00000000
17407,0.00000000
17408,0.00000000
17409,0.00000000
17410,0.00000000
17411,0.00000000
17412,0.00000000
17413,0.00000000
17414,0.00000000
17415,0.00000000
17416,0.00000000
17417,0.00000000
17418,0.00000000
17419,0.00000000
17420,0.00000000
17421,0.00000000
17422,0.00000000
17423,0.00000000
17424,0.00000000
17425,0.00000000
17426,0.00000000
17427,0.00000000
17428,0.00000000
17429,0.00000000
17430,0.00000000
17431,0.00000000
17432,0.00000000
17433,0.00000000
17434,0.00000000
17435,0.00000000
17436,0.00000000
17437,0.00000000
17438,0.00000000
17439,0.00000000
17440,0.00000000
17441,0.00000000
17442,0.00000000
17443,0.00000000
17444,0.00000000
17445,0.00000000
17446,0.00000000
17447,0.00000000
17448,0.00000000
17449,0.00000000
17450,0.00000000
17451,0.00000000
17452,0.00000000
17453,0.00000000
17454,0.00000000
17455,0.00000000
17456,0.00000000
17457,0.00000000
17458,0.00000000
17459,0.00000000
17460,0.00000000
17461,0.00000000
17462,0.00000000
17463,0.00000000
17464,0.00000000
17465,0.00000000
17466,0.00000000
17467,0.00000000
17468,0.00000000
17469,0.00000000
17470,0.00000000
17471,0.00000000
17472,0.00000000
17473,0.00000000
17474,0.00000000
17475,0.00000000
17476,0.00000000
17477,0.00000000
17478,0.00000000
17479,0.00000000
17480,0.00000000
17481,0.00000000
17482,0.00000000
17483,0.00000000
17484,0.00000000
17485,0.00000000
17486,0.00000000
17487,0.00000000
17488,0.00000000
17489,0.00000000
17490,0.00000000
17491,0.00000000
17492,0.00000000
17493,0.00000000
17494,0.00000000
17495,0.00000000
17496,0.00000000
17497,0.00000000
17498,0.00000000
17499,0.00000000
17500,0.00000000
17501,0.00000000
17502,0.00000000
17503,0.00000000
17504,0.00000000
17505,0.00000000
17506,0.00000000
17507,0.00000000
17508,0.00000000
17509,0.00000000
17510,0.00000000
17511,0.00000000
17512,0.00000000
17513,0.00000000
17514,0.00000000
17515,0.00000000
17516,0.00000000
17517,0.00000000
17518,0.00000000
17519,0.00000000
17520,0.00000000
17521,0.00000000
17522,0.00000000
17523,0.00000000
17524,0.00000000
17525,0.00000000
17526,0.00000000
17527,0.00000000
17528,0.00000000
17529,0.00000000
17530,0.00000000
17531,0.00000000
17532,0.00000000
17533,0.00000000
17534,0.00000000
17535,0.00000000
17536,0.00000000
17537,0.00000000
17538,0.00000000
17539,0.00000000
17540,0.00000000
17541,0.00000000
17542,0.00000000
17543,0.00000000
17544,0.00000000
17545,0.00000000
17546,0.00000000
17547,0.00000000
17548,0.00000000
17549,0.00000000
17550,0.00000000
17551,0.00000000
17552,0.00000000
17553,0.00000000
17554,0.00000000
17555,0.00000000
17556,0.00000000
17557,0.00000000
17558,0.00000000
17559,0.00000000
17560,0.00000000
17561,0.00000000
17562,0.00000000
17563,0.00000000
17564,0.00000000
17565,0.00000000
17566,0.00000000
17567,0.00000000
17568,0.00000000
17569,0.00000000
17570,0.00000000
17571,0.00000000
17572,0.00000000
17573,0.00000000
17574,0.00000000
17575,0.00000000
17576,0.00000000
17577,0.00000000
17578,0.00000000
17579,0.00000000
17580,0.00000000
17581,0.00000000
17582,0.00000000
17583,0.00000000
17584,0.00000000
17585,0.00000000
17586,0.00000000
17587,0.00000000
17588,0.00000000
17589,0.00000000
17590,0.00000000
17591,0.00000000
17592,0.00000000
17593,0.00000000
17594,0.00000000
17595,0.00000000
17596,0.00000000
17597,0.00000000
17598,0.00000000
17599,0.00000000
17600,0.00000000
17601,0.00000000
17602,0.00000000
17603,0.00000000
17604,0.00000000
17605,0.00000000
17606,0.00000000
17607,0.00000000
17608,0.00000000
17609,0.00000000
17610,0.00000000
17611,0.00000000
17612,0.00000000
17613,0.00000000
17614,0.00000000
17615,0.00000000
17616,0.00000000
17617,0.00000000
17618,0.00000000
17619,0.00000000
17620,0.00000000
17621,0.00000000
17622,0.00000000
17623,0.00000000
17624,0.00000000
17625,0.00000000
17626,0.00000000
17627,0.00000000
17628,0.00000000
17629,0.00000000
17630,0.00000000
17631,0.00000000
17632,0.00000000
17633,0.00000000
17634,0.00000000
17635,0.00000000
17636,0.00000000
17637,0.00000000
17638,0.00000000
17639,0.00000000
17640,0.00000000
17641,0.00000000
17642,0.00000000
17643,0.00000000
17644,0.00000000
17645,0.00000000
17646,0.00000000
17647,0.00000000
17648,0.00000000
17649,0.00000000
17650,0.00000000
17651,0.00000000
17652,0.00000000
17653,0.00000000
17654,0.00000000
17655,0.00000000
17656,0.00000000
17657,0.00000000
17658,0.00000000
17659,0.00000000
17660,0.00000000
17661,0.00000000
17662,0.00000000
17663,0.00000000
17664,0.00000000
17665,0.00000000
17666,0.00000000
17667,0.00000000
17668,0.00000000
17669,0.00000000
17670,0.00000000
17671,0.00000000
17672,0.00000000
17673,0.00000000
17674,0.00000000
17675,0.00000000
17676,0.00000000
17677,0.00000000
17678,0.00000000
17679,0.00000000
17680,0.00000000
17681,0.00000000
17682,0.00000000
17683,0.00000000
17684,0.00000000
17685,0.00000000
17686,0.00000000
17687,0.00000000
17688,0.00000000
17689,0.00000000
17690,0.00000000
17691,0.00000000
17692,0.00000000
17693,0.00000000
17694,0.00000000
17695,0.00000000
17696,0.00000000
17697,0.00000000
17698,0.00000000
17699,0.00000000
17700,0.00000000
17701,0.00000000
17702,0.00000000
17703,0.00000000
17704,0.00000000
17705,0.00000000
17706,0.00000000
17707,0.00000000
17708,0.00000000
17709,0.00000000
17710,0.00000000
17711,0.00000000
17712,0.00000000
17713,0.00000000
17714,0.00000000
17715,0.00000000
17716,0.00000000
17717,0.00000000
17718,0.00000000
17719,0.00000000
17720,0.00000000
17721,0.00000000
17722,0.00000000
17723,0.00000000
17724,0.00000000
17725,0.00000000
17726,0.00000000
17727,0.00000000
17728,0.00000000
17729,0.00000000
17730,0.00000000
17731,0.00000000
17732,0.00000000
17733,0.00000000
17734,0.00000000
17735,0.00000000
17736,0.00000000
17737,0.00000000
17738,0.00000000
17739,0.00000000
17740,0.00000000
17741,0.00000000
17742,0.00000000
17743,0.00000000
17744,0.00000000
17745,0.00000000
17746,0.00000000
17747,0.00000000
17748,0.00000000
17749,0.00000000
17750,0.00000000
17751,0.00000000
17752,0.00000000
17753,0.00000000
17754,0.00000000
17755,0.00000000
17756,0.00000000
17757,0.00000000
17758,0.00000000
17759,0.00000000
17760,0.00000000
17761,0.00000000
17762,0.00000000
17763,0.00000000
17764,0.00000000
17765,0.00000000
17766,0.00000000
17767,0.00000000
17768,0.00000000
17769,0.00000000
17770,0.00000000
17771,0.00000000
17772,0.00000000
17773,0.00000000
17774,0.00000000
17775,0.00000000
17776,0.00000000
17777,0.00000000
17778,0.00000000
17779,0.00000000
17780,0.00000000
17781,0.00000000
17782,0.00000000
17783,0.00000000
17784,0.00000000
17785,0.00000000
17786,0.00000000
17787,0.00000000
17788,0.00000000
17789,0.00000000
17790,0.00000000
17791,0.00000000
17792,0.00000000
17793,0.00000000
17794,0.00000000
17795,0.00000000
17796,0.00000000
17797,0.00000000
17798,0.00000000
17799,0.00000000
17800,0.00000000
17801,0.00000000
17802,0.00000000
17803,0.00000000
17804,0.00000000
17805,0.00000000
17806,0.00000000
17807,0.00000000
17808,0.00000000
17809,0.00000000
17810,0.00000000
17811,0.00000000
17812,0.00000000
17813,0.00000000
17814,0.00000000
17815,0.00000000
17816,0.00000000
17817,0.00000000
17818,0.00000000
17819,0.00000000
17820,0.00000000
17821,0.00000000
17822,0.00000000
17823,0.00000000
17824,0.00000000
17825,0.00000000
17826,0.00000000
17827,0.00000000
17828,0.00000000
17829,0.00000000
17830,0.00000000
17831,0.00000000
17832,0.00000000
17833,0.00000000
17834,0.00000000
17835,0.00000000
17836,0.00000000
17837,0.00000000
17838,0.00000000
17839,0.00000000
17840,0.00000000
17841,0.00000000
17842,0.00000000
17843,0.00000000
17844,0.00000000
17845,0.00000000
17846,0.00000000
17847,0.00000000
17848,0.00000000
17849,0.00000000
17850,0.00000000
17851,0.00000000
17852,0.00000000
17853,0.00000000
17854,0.00000000
17855,0.00000000
17856,0.00000000
17857,0.00000000
17858,0.00000000
17859,0.00000000
17860,0.00000000
17861,0.00000000
17862,0.00000000
17863,0.00000000
17864,0.00000000
17865,0.00000000
17866,0.00000000
17867,0.00000000
17868,0.00000000
17869,0.00000000
17870,0.00000000
17871,0.00000000
17872,0.00000000
17873,0.00000000
17874,0.00000000
17875,0.00000000
17876,0.00000000
17877,0.00000000
17878,0.00000000
17879,0.00000000
17880,0.00000000
17881,0.00000000
17882,0.00000000
17883,0.00000000
17884,0.00000000
17885,0.00000000
17886,0.00000000
17887,0.00000000
17888,0.00000000
17889,0.00000000
17890,0.00000000
17891,0.00000000
17892,0.00000000
17893,0.00000000
17894,0.00000000
17895,0.00000000
17896,0.00000000
17897,0.00000000
17898,0.00000000
17899,0.00000000
17900,0.00000000
17901,0.00000000
17902,0.00000000
17903,0.00000000
17904,0.00000000
17905,0.00000000
17906,0.00000000
17907,0.00000000
17908,0.00000000
17909,0.00000000
17910,0.00000000
17911,0.00000000
17912,0.00000000
17913,0.00000000
17914,0.00000000
17915,0.00000000
17916,0.00000000
17917,0.00000000
17918,0.00000000
17919,0.00000000
17920,0.00000000
17921,0.00000000
17922,0.00000000
17923,0.00000000
17924,0.00000000
17925,0.00000000
17926,0.00000000
17927,0.00000000
17928,0.00000000
17929,0.00000000
17930,0.00000000
17931,0.00000000
17932,0.00000000
17933,0.00000000
17934,0.00000000
17935,0.00000000
17936,0.00000000
17937,0.00000000
17938,0.00000000
17939,0.00000000
17940,0.00000000
17941,0.00000000
17942,0.00000000
17943,0.00000000
17944,0.00000000
17945,0.00000000
17946,0.00000000
17947,0.00000000
17948,0.00000000
17949,0.00000000
17950,0.00000000
17951,0.00000000
17952,0.00000000
17953,0.00000000
17954,0.00000000
17955,0.00000000
17956,0.00000000
17957,0.00000000
17958,0.00000000
17959,0.00000000
17960,0.00000000
17961,0.00000000
17962,0.00000000
17963,0.00000000
17964,0.00000000
17965,0.00000000
17966,0.00000000
17967,0.00000000
17968,0.00000000
17969,0.00000000
17970,0.00000000
17971,0.00000000
17972,0.00000000
17973,0.00000000
17974,0.00000000
17975,0.00000000
17976,0.00000000
17977,0.00000000
17978,0.00000000
17979,0.00000000
17980,0.00000000
17981,0.00000000
17982,0.00000000
17983,0.00000000
17984,0.00000000
17985,0.00000000
17986,0.00000000
17987,0.00000000
17988,0.00000000
17989,0.00000000
17990,0.00000000
17991,0.00000000
17992,0.00000000
17993,0.00000000
17994,0.00000000
17995,0.00000000
17996,0.00000000
17997,0.00000000
17998,0.00000000
17999,0.00000000
18000,0.00000000
18001,0.00000000
18002,0.00000000
18003,0.00000000
18004,0.00000000
18005,0.00000000
18006,0.00000000
18007,0.00000000
18008,0.00000000
18009,0.00000000
18010,0.00000000
18011,0.00000000
18012,0.00000000
18013,0.00000000
18014,0.00000000
18015,0.00000000
18016,0.00000000
18017,0.00000000
18018,0.00000000
18019,0.00000000
18020,0.00000000
18021,0.00000000
18022,0.00000000
18023,0.00000000
18024,0.00000000
18025,0.00000000
18026,0.00000000
18027,0.00000000
18028,0.00000000
18029,0.00000000
18030,0.00000000
18031,0.00000000
18032,0.00000000
18033,0.00000000
18034,0.00000000
18035,0.00000000
18036,0.00000000
18037,0.00000000
18038,0.00000000
18039,0.00000000
18040,0.00000000
18041,0.00000000
18042,0.00000000
18043,0.00000000
18044,0.00000000
18045,0.00000000
18046,0.00000000
18047,0.00000000
18048,0.00000000
18049,0.00000000
18050,0.00000000
18051,0.00000000
18052,0.00000000
18053,0.00000000
18054,0.00000000
18055,0.00000000
18056,0.00000000
18057,0.00000000
18058,0.00000000
18059,0.00000000
18060,0.00000000
18061,0.00000000
18062,0.00000000
18063,0.00000000
18064,0.00000000
18065,0.00000000
18066,0.00000000
18067,0.00000000
18068,0.00000000
18069,0.00000000
18070,0.00000000
18071,0.00000000
18072,0.00000000
18073,0.00000000
18074,0.00000000
18075,0.00000000
18076,0.00000000
18077,0.00000000
18078,0.00000000
18079,0.00000000
18080,0.00000000
18081,0.00000000
18082,0.00000000
18083,0.00000000
18084,0.00000000
18085,0.00000000
18086,0.00000000
18087,0.00000000
18088,0.00000000
18089,0.00000000
18090,0.00000000
18091,0.00000000
18092,0.00000000
18093,0.00000000
18094,0.00000000
18095,0.00000000
18096,0.00000000
18097,0.00000000
18098,0.00000000
18099,0.00000000
18100,0.00000000
18101,0.00000000
18102,0.00000000
18103,0.00000000
18104,0.00000000
18105,0.00000000
18106,0.00000000
18107,0.00000000
18108,0.00000000
18109,0.00000000
18110,0.00000000
18111,0.00000000
18112,0.00000000
18113,0.00000000
18114,0.00000000
18115,0.00000000
18116,0.00000000
18117,0.00000000
18118,0.00000000
18119,0.00000000
18120,0.00000000
18121,0.00000000
18122,0.00000000
18123,0.00000000
18124,0.00000000
18125,0.00000000
18126,0.00000000
18127,0.00000000
18128,0.00000000
18129,0.00000000
18130,0.00000000
18131,0.00000000
18132,0.00000000
18133,0.00000000
18134,0.00000000
18135,0.00000000
18136,0.00000000
18137,0.00000000
18138,0.00000000
18139,0.00000000
18140,0.00000000
18141,0.00000000
18142,0.00000000
18143,0.00000000
18144,0.00000000
18145,0.00000000
18146,0.00000000
18147,0.00000000
18148,0.00000000
18149,0.00000000
18150,0.00000000
18151,0.00000000
18152,0.00000000
18153,0.00000000
18154,0.00000000
18155,0.00000000
18156,0.00000000
18157,0.00000000
18158,0.00000000
18159,0.00000000
18160,0.00000000
18161,0.00000000
18162,0.00000000
18163,0.00000000
18164,0.00000000
18165,0.00000000
18166,0.00000000
18167,0.00000000
18168,0.00000000
18169,0.00000000
18170,0.00000000
18171,0.00000000
18172,0.00000000
18173,0.00000000
18174,0.00000000
18175,0.00000000
18176,0.00000000
18177,0.00000000
18178,0.00000000
18179,0.00000000
18180,0.00000000
18181,0.00000000
18182,0.00000000
18183,0.00000000
18184,0.00000000
18185,0.00000000
18186,0.00000000
18187,0.00000000
18188,0.00000000
18189,0.00000000
18190,0.00000000
18191,0.00000000
18192,0.00000000
18193,0.00000000
18194,0.00000000
18195,0.00000000
18196,0.00000000
18197,0.00000000
18198,0.00000000
18199,0.00000000
18200,0.00000000
18201,0.00000000
18202,0.00000000
18203,0.00000000
18204,0.00000000
18205,0.00000000
18206,0.00000000
18207,0.00000000
18208,0.00000000
18209,0.00000000
18210,0.00000000
18211,0.00000000
18212,0.00000000
18213,0.00000000
18214,0.00000000
18215,0.00000000
18216,0.00000000
18217,0.00000000
18218,0.00000000
18219,0.00000000
18220,0.00000000
18221,0.00000000
18222,0.00000000
18223,0.00000000
18224,0.00000000
18225,0.00000000
18226,0.00000000
18227,0.00000000
18228,0.00000000
18229,0.00000000
18230,0.00000000
18231,0.00000000
18232,0.00000000
18233,0.00000000
18234,0.00000000
18235,0.00000000
18236,0.00000000
18237,0.00000000
18238,0.00000000
18239,0.00000000
18240,0.00000000
18241,0.00000000
18242,0.00000000
18243,0.00000000
18244,0.00000000
18245,0.00000000
18246,0.00000000
18247,0.00000000
18248,0.00000000
18249,0.00000000
18250,0.00000000
18251,0.00000000
18252,0.00000000
18253,0.00000000
18254,0.00000000
18255,0.00000000
18256,0.00000000
18257,0.00000000
18258,0.00000000
18259,0.00000000
18260,0.00000000
18261,0.00000000
18262,0.00000000
18263,0.00000000
18264,0.00000000
18265,0.00000000
18266,0.00000000
18267,0.00000000
18268,0.00000000
18269,0.00000000
18270,0.00000000
18271,0.00000000
18272,0.00000000
18273,0.00000000
18274,0.00000000
18275,0.00000000
18276,0.00000000
18277,0.00000000
18278,0.00000000
18279,0.00000000
18280,0.00000000
18281,0.00000000
18282,0.00000000
18283,0.00000000
18284,0.00000000
18285,0.00000000
18286,0.00000000
18287,0.00000000
18288,0.00000000
18289,0.00000000
18290,0.00000000
18291,0.00000000
18292,0.00000000
18293,0.00000000
18294,0.00000000
18295,0.00000000
18296,0.00000000
18297,0.00000000
18298,0.00000000
18299,0.00000000
18300,0.00000000
18301,0.00000000
18302,0.00000000
18303,0.00000000
18304,0.00000000
18305,0.00000000
18306,0.00000000
18307,0.00000000
18308,0.00000000
18309,0.00000000
18310,0.00000000
18311,0.00000000
18312,0.00000000
18313,0.00000000
18314,0.00000000
18315,0.00000000
18316,0.00000000
18317,0.00000000
18318,0.00000000
18319,0.00000000
18320,0.00000000
18321,0.00000000
18322,0.00000000
18323,0.00000000
18324,0.00000000
18325,0.00000000
18326,0.00000000
18327,0.00000000
18328,0.00000000
18329,0.00000000
18330,0.00000000
18331,0.00000000
18332,0.00000000
18333,0.00000000
18334,0.00000000
18335,0.00000000
18336,0.00000000
18337,0.00000000
18338,0.00000000
18339,0.00000000
18340,0.00000000
18341,0.00000000
18342,0.00000000
18343,0.00000000
18344,0.00000000
18345,0.00000000
18346,0.00000000
18347,0.00000000
18348,0.00000000
18349,0.00000000
18350,0.00000000
18351,0.00000000
18352,0.00000000
18353,0.00000000
18354,0.00000000
18355,0.00000000
18356,0.00000000
18357,0.00000000
18358,0.00000000
18359,0.00000000
18360,0.00000000
18361,0.00000000
18362,0.00000000
18363,0.00000000
18364,0.00000000
18365,0.00000000
18366,0.00000000
18367,0.00000000
18368,0.00000000
18369,0.00000000
18370,0.00000000
18371,0.00000000
18372,0.00000000
18373,0.00000000
18374,0.00000000
18375,0.00000000
18376,0.00000000
18377,0.00000000
18378,0.00000000
18379,0.00000000
18380,0.00000000
18381,0.00000000
18382,0.00000000
18383,0.00000000
18384,0.00000000
18385,0.00000000
18386,0.00000000
18387,0.00000000
18388,0.00000000
18389,0.00000000
18390,0.00000000
18391,0.00000000
18392,0.00000000
18393,0.00000000
18394,0.00000000
18395,0.00000000
18396,0.00000000
18397,0.00000000
18398,0.00000000
18399,0.00000000
18400,0.00000000
18401,0.00000000
18402,0.00000000
18403,0.00000000
18404,0.00000000
18405,0.00000000
18406,0.00000000
18407,0.00000000
18408,0.00000000
18409,0.00000000
18410,0.00000000
18411,0.00000000
18412,0.00000000
18413,0.00000000
18414,0.00000000
18415,0.00000000
18416,0.00000000
18417,0.00000000
18418,0.00000000
18419,0.00000000
18420,0.00000000
18421,0.00000000
18422,0.00000000
18423,0.00000000
18424,0.00000000
18425,0.00000000
18426,0.00000000
18427,0.00000000
18428,0.00000000
18429,0.00000000
18430,0.00000000
18431,0.00000000
18432,0.00000000
18433,0.00000000
18434,0.00000000
18435,0.00000000
18436,0.00000000
18437,0.00000000
18438,0.00000000
18439,0.00000000
18440,0.00000000
18441,0.00000000
18442,0.00000000
18443,0.00000000
18444,0.00000000
18445,0.00000000
18446,0.00000000
18447,0.00000000
18448,0.00000000
18449,0.00000000
18450,0.00000000
18451,0.00000000
18452,0.00000000
18453,0.00000000
18454,0.00000000
18455,0.00000000
18456,0.00000000
18457,0.00000000
18458,0.00000000
18459,0.00000000
18460,0.00000000
18461,0.00000000
18462,0.00000000
18463,0.00000000
18464,0.00000000
18465,0.00000000
18466,0.00000000
18467,0.00000000
18468,0.00000000
18469,0.00000000
18470,0.00000000
18471,0.00000000
18472,0.00000000
18473,0.00000000
18474,0.00000000
18475,0.00000000
18476,0.00000000
18477,0.00000000
18478,0.00000000
18479,0.00000000
18480,0.00000000
18481,0.00000000
18482,0.00000000
18483,0.00000000
18484,0.00000000
18485,0.00000000
18486,0.00000000
18487,0.00000000
18488,0.00000000
18489,0.00000000
18490,0.00000000
18491,0.00000000
18492,0.00000000
18493,0.00000000
18494,0.00000000
18495,0.00000000
18496,0.00000000
18497,0.00000000
18498,0.00000000
18499,0.00000000
18500,0.00000000
18501,0.00000000
18502,0.00000000
18503,0.00000000
18504,0.00000000
18505,0.00000000
18506,0.00000000
18507,0.00000000
18508,0.00000000
18509,0.00000000
18510,0.00000000
18511,0.00000000
18512,0.00000000
18513,0.00000000
18514,0.00000000
18515,0.00000000
18516,0.00000000
18517,0.00000000
18518,0.00000000
18519,0.00000000
18520,0.00000000
18521,0.00000000
18522,0.00000000
18523,0.00000000
18524,0.00000000
18525,0.00000000
18526,0.00000000
18527,0.00000000
18528,0.00000000
18529,0.00000000
18530,0.00000000
18531,0.00000000
18532,0.00000000
18533,0.00000000
18534,0.00000000
18535,0.00000000
18536,0.00000000
18537,0.00000000
18538,0.00000000
18539,0.00000000
18540,0.00000000
18541,0.00000000
18542,0.00000000
18543,0.00000000
18544,0.00000000
18545,0.00000000
18546,0.00000000
18547,0.00000000
18548,0.00000000
18549,0.00000000
18550,0.00000000
18551,0.00000000
18552,0.00000000
18553,0.00000000
18554,0.00000000
18555,0.00000000
18556,0.00000000
18557,0.00000000
18558,0.00000000
18559,0.00000000
18560,0.00000000
18561,0.00000000
18562,0.00000000
18563,0.00000000
18564,0.00000000
18565,0.00000000
18566,0.00000000
18567,0.00000000
18568,0.00000000
18569,0.00000000
18570,0.00000000
18571,0.00000000
18572,0.00000000
18573,0.00000000
18574,0.00000000
18575,0.00000000
18576,0.00000000
18577,0.00000000
18578,0.00000000
18579,0.00000000
18580,0.00000000
18581,0.00000000
18582,0.00000000
18583,0.00000000
18584,0.00000000
18585,0.00000000
18586,0.00000000
18587,0.00000000
18588,0.00000000
18589,0.00000000
18590,0.00000000
18591,0.00000000
18592,0.00000000
18593,0.00000000
18594,0.00000000
18595,0.00000000
18596,0.00000000
18597,0.00000000
18598,0.00000000
18599,0.00000000
18600,0.00000000
18601,0.00000000
18602,0.00000000
18603,0.00000000
18604,0.00000000
18605,0.00000000
18606,0.00000000
18607,0.00000000
18608,0.00000000
18609,0.00000000
18610,0.00000000
18611,0.00000000
18612,0.00000000
18613,0.00000000
18614,0.00000000
18615,0.00000000
18616,0.00000000
18617,0.00000000
18618,0.00000000
18619,0.00000000
18620,0.00000000
18621,0.00000000
18622,0.00000000
18623,0.00000000
18624,0.00000000
18625,0.00000000
18626,0.00000000
18627,0.00000000
18628,0.00000000
18629,0.00000000
18630,0.00000000
18631,0.00000000
18632,0.00000000
18633,0.00000000
18634,0.00000000
18635,0.00000000
18636,0.00000000
18637,0.00000000
18638,0.00000000
18639,0.00000000
18640,0.00000000
18641,0.00000000
18642,0.00000000
18643,0.00000000
18644,0.00000000
18645,0.00000000
18646,0.00000000
18647,0.00000000
18648,0.00000000
18649,0.00000000
18650,0.00000000
18651,0.00000000
18652,0.00000000
18653,0.00000000
18654,0.00000000
18655,0.00000000
18656,0.00000000
18657,0.00000000
18658,0.00000000
18659,0.00000000
18660,0.00000000
18661,0.00000000
18662,0.00000000
18663,0.00000000
18664,0.00000000
18665,0.00000000
18666,0.00000000
18667,0.00000000
18668,0.00000000
18669,0.00000000
18670,0.00000000
18671,0.00000000
18672,0.00000000
18673,0.00000000
18674,0.00000000
18675,0.00000000
18676,0.00000000
18677,0.00000000
18678,0.00000000
18679,0.00000000
18680,0.00000000
18681,0.00000000
18682,0.00000000
18683,0.00000000
18684,0.00000000
18685,0.00000000
18686,0.00000000
18687,0.00000000
18688,0.00000000
18689,0.00000000
18690,0.00000000
18691,0.00000000
18692,0.00000000
18693,0.00000000
18694,0.00000000
18695,0.00000000
18696,0.00000000
18697,0.00000000
18698,0.00000000
18699,0.00000000
18700,0.00000000
18701,0.00000000
18702,0.00000000
18703,0.00000000
18704,0.00000000
18705,0.00000000
18706,0.00000000
18707,0.00000000
18708,0.00000000
18709,0.00000000
18710,0.00000000
18711,0.00000000
18712,0.00000000
18713,0.00000000
18714,0.00000000
18715,0.00000000
18716,0.00000000
18717,0.00000000
18718,0.00000000
18719,0.00000000
18720,0.00000000
18721,0.00000000
18722,0.00000000
18723,0.00000000
18724,0.00000000
18725,0.00000000
18726,0.00000000
18727,0.00000000
18728,0.00000000
18729,0.00000000
18730,0.00000000
18731,0.00000000
18732,0.00000000
18733,0.00000000
18734,0.00000000
18735,0.00000000
18736,0.00000000
18737,0.00000000
18738,0.00000000
18739,0.00000000
18740,0.00000000
18741,0.00000000
18742,0.00000000
18743,0.00000000
18744,0.00000000
18745,0.00000000
18746,0.00000000
18747,0.00000000
18748,0.00000000
18749,0.00000000
18750,0.00000000
18751,0.00000000
18752,0.00000000
18753,0.00000000
18754,0.00000000
18755,0.00000000
18756,0.00000000
18757,0.00000000
18758,0.00000000
18759,0.00000000
18760,0.00000000
18761,0.00000000
18762,0.00000000
18763,0.00000000
18764,0.00000000
18765,0.00000000
18766,0.00000000
18767,0.00000000
18768,0.00000000
18769,0.00000000
18770,0.00000000
18771,0.00000000
18772,0.00000000
18773,0.00000000
18774,0.00000000
18775,0.00000000
18776,0.00000000
18777,0.00000000
18778,0.00000000
18779,0.00000000
18780,0.00000000
18781,0.00000000
18782,0.00000000
18783,0.00000000
18784,0.00000000
18785,0.00000000
18786,0.00000000
18787,0.00000000
18788,0.00000000
18789,0.00000000
18790,0.00000000
18791,0.00000000
18792,0.00000000
18793,0.00000000
18794,0.00000000
18795,0.00000000
18796,0.00000000
18797,0.00000000
18798,0.00000000
18799,0.00000000
18800,0.00000000
18801,0.00000000
18802,0.00000000
18803,0.00000000
18804,0.00000000
18805,0.00000000
18806,0.00000000
18807,0.00000000
18808,0.00000000
18809,0.00000000
18810,0.00000000
18811,0.00000000
18812,0.00000000
18813,0.00000000
18814,0.00000000
18815,0.00000000
18816,0.00000000
18817,0.00000000
18818,0.00000000
18819,0.00000000
18820,0.00000000
18821,0.00000000
18822,0.00000000
18823,0.00000000
18824,0.00000000
18825,0.00000000
18826,0.00000000
18827,0.00000000
18828,0.00000000
18829,0.00000000
18830,0.00000000
18831,0.00000000
18832,0.00000000
18833,0.00000000
18834,0.00000000
18835,0.00000000
18836,0.00000000
18837,0.00000000
18838,0.00000000
18839,0.00000000
18840,0.00000000
18841,0.00000000
18842,0.00000000
18843,0.00000000
18844,0.00000000
18845,0.00000000
18846,0.00000000
18847,0.00000000
18848,0.00000000
18849,0.00000000
18850,0.00000000
18851,0.00000000
18852,0.00000000
18853,0.00000000
18854,0.00000000
18855,0.00000000
18856,0.00000000
18857,0.00000000
18858,0.00000000
18859,0.00000000
18860,0.00000000
18861,0.00000000
18862,0.00000000
18863,0.00000000
18864,0.00000000
18865,0.00000000
18866,0.00000000
18867,0.00000000
18868,0.00000000
18869,0.00000000
18870,0.00000000
18871,0.00000000
18872,0.00000000
18873,0.00000000
18874,0.00000000
18875,0.00000000
18876,0.00000000
18877,0.00000000
18878,0.00000000
18879,0.00000000
18880,0.00000000
18881,0.00000000
18882,0.00000000
18883,0.00000000
18884,0.00000000
18885,0.00000000
18886,0.00000000
18887,0.00000000
18888,0.00000000
18889,0.00000000
18890,0.00000000
18891,0.00000000
18892,0.00000000
18893,0.00000000
18894,0.00000000
18895,0.00000000
18896,0.00000000
18897,0.00000000
18898,0.00000000
18899,0.00000000
18900,0.00000000
18901,0.00000000
18902,0.00000000
18903,0.00000000
18904,0.00000000
18905,0.00000000
18906,0.00000000
18907,0.00000000
18908,0.00000000
18909,0.00000000
18910,0.00000000
18911,0.00000000
18912,0.00000000
18913,0.00000000
18914,0.00000000
18915,0.00000000
18916,0.00000000
18917,0.00000000
18918,0.00000000
18919,0.00000000
18920,0.00000000
18921,0.00000000
18922,0.00000000
18923,0.00000000
18924,0.00000000
18925,0.00000000
18926,0.00000000
18927,0.00000000
18928,0.00000000
18929,0.00000000
18930,0.00000000
18931,0.00000000
18932,0.00000000
18933,0.00000000
18934,0.00000000
18935,0.00000000
18936,0.00000000
18937,0.00000000
18938,0.00000000
18939,0.00000000
18940,0.00000000
18941,0.00000000
18942,0.00000000
18943,0.00000000
18944,0.00000000
18945,0.00000000
18946,0.00000000
18947,0.00000000
18948,0.00000000
18949,0.00000000
18950,0.00000000
18951,0.00000000
18952,0.00000000
18953,0.00000000
18954,0.00000000
18955,0.00000000
18956,0.00000000
18957,0.00000000
18958,0.00000000
18959,0.00000000
18960,0.00000000
18961,0.00000000
18962,0.00000000
18963,0.00000000
18964,0.00000000
18965,0.00000000
18966,0.00000000
18967,0.00000000
18968,0.00000000
18969,0.00000000
18970,0.00000000
18971,0.00000000
18972,0.00000000
18973,0.00000000
18974,0.00000000
18975,0.00000000
18976,0.00000000
18977,0.00000000
18978,0.00000000
18979,0.00000000
18980,0.00000000
18981,0.00000000
18982,0.00000000
18983,0.00000000
18984,0.00000000
18985,0.00000000
18986,0.00000000
18987,0.00000000
18988,0.00000000
18989,0.00000000
18990,0.00000000
18991,0.00000000
18992,0.00000000
18993,0.00000000
18994,0.00000000
18995,0.00000000
18996,0.00000000
18997,0.00000000
18998,0.00000000
18999,0.00000000
19000,0.00000000
19001,0.00000000
19002,0.00000000
19003,0.00000000
19004,0.00000000
19005,0.00000000
19006,0.00000000
19007,0.00000000
19008,0.00000000
19009,0.00000000
19010,0.00000000
19011,0.00000000
19012,0.00000000
19013,0.00000000
19014,0.00000000
19015,0.00000000
19016,0.00000000
19017,0.00000000
19018,0.00000000
19019,0.00000000
19020,0.00000000
19021,0.00000000
19022,0.00000000
19023,0.00000000
19024,0.00000000
19025,0.00000000
19026,0.00000000
19027,0.00000000
19028,0.00000000
19029,0.00000000
19030,0.00000000
19031,0.00000000
19032,0.00000000
19033,0.00000000
19034,0.00000000
19035,0.00000000
19036,0.00000000
19037,0.00000000
19038,0.00000000
19039,0.00000000
19040,0.00000000
19041,0.00000000
19042,0.00000000
19043,0.00000000
19044,0.00000000
19045,0.00000000
19046,0.00000000
19047,0.00000000
19048,0.00000000
19049,0.00000000
19050,0.00000000
19051,0.00000000
19052,0.00000000
19053,0.00000000
19054,0.00000000
19055,0.00000000
19056,0.00000000
19057,0.00000000
19058,0.00000000
19059,0.00000000
19060,0.00000000
19061,0.00000000
19062,0.00000000
19063,0.00000000
19064,0.00000000
19065,0.00000000
19066,0.00000000
19067,0.00000000
19068,0.00000000
19069,0.00000000
19070,0.00000000
19071,0.00000000
19072,0.00000000
19073,0.00000000
19074,0.00000000
19075,0.00000000
19076,0.00000000
19077,0.00000000
19078,0.00000000
19079,0.00000000
19080,0.00000000
19081,0.00000000
19082,0.00000000
19083,0.00000000
19084,0.00000000
19085,0.00000000
19086,0.00000000
19087,0.00000000
19088,0.00000000
19089,0.00000000
19090,0.00000000
19091,0.00000000
19092,0.00000000
19093,0.00000000
19094,0.00000000
19095,0.00000000
19096,0.00000000
19097,0.00000000
19098,0.00000000
19099,0.00000000
19100,0.00000000
19101,0.00000000
19102,0.00000000
19103,0.00000000
19104,0.00000000
19105,0.00000000
19106,0.00000000
19107,0.00000000
19108,0.00000000
19109,0.00000000
19110,0.00000000
19111,0.00000000
19112,0.00000000
19113,0.00000000
19114,0.00000000
19115,0.00000000
19116,0.00000000
19117,0.00000000
19118,0.00000000
19119,0.00000000
19120,0.00000000
19121,0.00000000
19122,0.00000000
19123,0.00000000
19124,0.00000000
19125,0.00000000
19126,0.00000000
19127,0.00000000
19128,0.00000000
19129,0.00000000
19130,0.00000000
19131,0.00000000
19132,0.00000000
19133,0.00000000
19134,0.00000000
19135,0.00000000
19136,0.00000000
19137,0.00000000
19138,0.00000000
19139,0.00000000
19140,0.00000000
19141,0.00000000
19142,0.00000000
19143,0.00000000
19144,0.00000000
19145,0.00000000
19146,0.00000000
19147,0.00000000
19148,0.00000000
19149,0.00000000
19150,0.00000000
19151,0.00000000
19152,0.00000000
19153,0.00000000
19154,0.00000000
19155,0.00000000
19156,0.00000000
19157,0.00000000
19158,0.00000000
19159,0.00000000
19160,0.00000000
19161,0.00000000
19162,0.00000000
19163,0.00000000
19164,0.00000000
19165,0.00000000
19166,0.00000000
19167,0.00000000
19168,0.00000000
19169,0.00000000
19170,0.00000000
19171,0.00000000
19172,0.00000000
19173,0.00000000
19174,0.00000000
19175,0.00000000
19176,0.00000000
19177,0.00000000
19178,0.00000000
19179,0.00000000
19180,0.00000000
19181,0.00000000
19182,0.00000000
19183,0.00000000
19184,0.00000000
19185,0.00000000
19186,0.00000000
19187,0.00000000
19188,0.00000000
19189,0.00000000
19190,0.00000000
19191,0.00000000
19192,0.00000000
19193,0.00000000
19194,0.00000000
19195,0.00000000
19196,0.00000000
19197,0.00000000
19198,0.00000000
19199,0.00000000
19200,0.00000000
19201,0.00000000
19202,0.00000000
19203,0.00000000
19204,0.00000000
19205,0.00000000
19206,0.00000000
19207,0.00000000
19208,0.00000000
19209,0.00000000
19210,0.00000000
19211,0.00000000
19212,0.00000000
19213,0.00000000
19214,0.00000000
19215,0.00000000
19216,0.00000000
19217,0.00000000
19218,0.00000000
19219,0.00000000
19220,0.00000000
19221,0.00000000
19222,0.00000000
19223,0.00000000
19224,0.00000000
19225,0.00000000
19226,0.00000000
19227,0.00000000
19228,0.00000000
19229,0.00000000
19230,0.00000000
19231,0.00000000
19232,0.00000000
19233,0.00000000
19234,0.00000000
19235,0.00000000
19236,0.00000000
19237,0.00000000
19238,0.00000000
19239,0.00000000
19240,0.00000000
19241,0.00000000
19242,0.00000000
19243,0.00000000
19244,0.00000000
19245,0.00000000
19246,0.00000000
19247,0.00000000
19248,0.00000000
19249,0.00000000
19250,0.00000000
19251,0.00000000
19252,0.00000000
19253,0.00000000
19254,0.00000000
19255,0.00000000
19256,0.00000000
19257,0.00000000
19258,0.00000000
19259,0.00000000
19260,0.00000000
19261,0.00000000
19262,0.00000000
19263,0.00000000
19264,0.00000000
19265,0.00000000
19266,0.00000000
19267,0.00000000
19268,0.00000000
19269,0.00000000
19270,0.00000000
19271,0.00000000
19272,0.00000000
19273,0.00000000
19274,0.00000000
19275,0.00000000
19276,0.00000000
19277,0.00000000
19278,0.00000000
19279,0.00000000
19280,0.00000000
19281,0.00000000
19282,0.00000000
19283,0.00000000
19284,0.00000000
19285,0.00000000
19286,0.00000000
19287,0.00000000
19288,0.00000000
19289,0.00000000
19290,0.00000000
19291,0.00000000
19292,0.00000000
19293,0.00000000
19294,0.00000000
19295,0.00000000
19296,0.00000000
19297,0.00000000
19298,0.00000000
19299,0.00000000
19300,0.00000000
19301,0.00000000
19302,0.00000000
19303,0.00000000
19304,0.00000000
19305,0.00000000
19306,0.00000000
19307,0.00000000
19308,0.00000000
19309,0.00000000
19310,0.00000000
19311,0.00000000
19312,0.00000000
19313,0.00000000
19314,0.00000000
19315,0.00000000
19316,0.00000000
19317,0.00000000
19318,0.00000000
19319,0.00000000
19320,0.00000000
19321,0.00000000
19322,0.00000000
19323,0.00000000
19324,0.00000000
19325,0.00000000
19326,0.00000000
19327,0.00000000
19328,0.00000000
19329,0.00000000
19330,0.00000000
19331,0.00000000
19332,0.00000000
19333,0.00000000
19334,0.00000000
19335,0.00000000
19336,0.00000000
19337,0.00000000
19338,0.00000000
19339,0.00000000
19340,0.00000000
19341,0.00000000
19342,0.00000000
19343,0.00000000
19344,0.00000000
19345,0.00000000
19346,0.00000000
19347,0.00000000
19348,0.00000000
19349,0.00000000
19350,0.00000000
19351,0.00000000
19352,0.00000000
19353,0.00000000
19354,0.00000000
19355,0.00000000
19356,0.00000000
19357,0.00000000
19358,0.00000000
19359,0.00000000
19360,0.00000000
19361,0.00000000
19362,0.00000000
19363,0.00000000
19364,0.00000000
19365,0.00000000
19366,0.00000000
19367,0.00000000
19368,0.00000000
19369,0.00000000
19370,0.00000000
19371,0.00000000
19372,0.00000000
19373,0.00000000
19374,0.00000000
19375,0.00000000
19376,0.00000000
19377,0.00000000
19378,0.00000000
19379,0.00000000
19380,0.00000000
19381,0.00000000
19382,0.00000000
19383,0.00000000
19384,0.00000000
19385,0.00000000
19386,0.00000000
19387,0.00000000
19388,0.00000000
19389,0.00000000
19390,0.00000000
19391,0.00000000
19392,0.00000000
19393,0.00000000
19394,0.00000000
19395,0.00000000
19396,0.00000000
19397,0.00000000
19398,0.00000000
19399,0.00000000
19400,0.00000000
19401,0.00000000
19402,0.00000000
19403,0.00000000
19404,0.00000000
19405,0.00000000
19406,0.00000000
19407,0.00000000
19408,0.00000000
19409,0.00000000
19410,0.00000000
19411,0.00000000
19412,0.00000000
19413,0.00000000
19414,0.00000000
19415,0.00000000
19416,0.00000000
19417,0.00000000
19418,0.00000000
19419,0.00000000
19420,0.00000000
19421,0.00000000
19422,0.00000000
19423,0.00000000
19424,0.00000000
19425,0.00000000
19426,0.00000000
19427,0.00000000
19428,0.00000000
19429,0.00000000
19430,0.00000000
19431,0.00000000
19432,0.00000000
19433,0.00000000
19434,0.00000000
19435,0.00000000
19436,0.00000000
19437,0.00000000
19438,0.00000000
19439,0.00000000
19440,0.00000000
19441,0.00000000
19442,0.00000000
19443,0.00000000
19444,0.00000000
19445,0.00000000
19446,0.00000000
19447,0.00000000
19448,0.00000000
19449,0.00000000
19450,0.00000000
19451,0.00000000
19452,0.00000000
19453,0.00000000
19454,0.00000000
19455,0.00000000
19456,0.00000000
19457,0.00000000
19458,0.00000000
19459,0.00000000
19460,0.00000000
19461,0.00000000
19462,0.00000000
19463,0.00000000
19464,0.00000000
19465,0.00000000
19466,0.00000000
19467,0.00000000
19468,0.00000000
19469,0.00000000
19470,0.00000000
19471,0.00000000
19472,0.00000000
19473,0.00000000
19474,0.00000000
19475,0.00000000
19476,0.00000000
19477,0.00000000
19478,0.00000000
19479,0.00000000
19480,0.00000000
19481,0.00000000
19482,0.00000000
19483,0.00000000
19484,0.00000000
19485,0.00000000
19486,0.00000000
19487,0.00000000
19488,0.00000000
19489,0.00000000
19490,0.00000000
19491,0.00000000
19492,0.00000000
19493,0.00000000
19494,0.00000000
19495,0.00000000
19496,0.00000000
19497,0.00000000
19498,0.00000000
19499,0.00000000
19500,0.00000000
19501,0.00000000
19502,0.00000000
19503,0.00000000
19504,0.00000000
19505,0.00000000
19506,0.00000000
19507,0.00000000
19508,0.00000000
19509,0.00000000
19510,0.00000000
19511,0.00000000
19512,0.00000000
19513,0.00000000
19514,0.00000000
19515,0.00000000
19516,0.00000000
19517,0.00000000
19518,0.00000000
19519,0.00000000
19520,0.00000000
19521,0.00000000
19522,0.00000000
19523,0.00000000
19524,0.00000000
19525,0.00000000
19526,0.00000000
19527,0.00000000
19528,0.00000000
19529,0.00000000
19530,0.00000000
19531,0.00000000
19532,0.00000000
19533,0.00000000
19534,0.00000000
19535,0.00000000
19536,0.00000000
19537,0.00000000
19538,0.00000000
19539,0.00000000
19540,0.00000000
19541,0.00000000
19542,0.00000000
19543,0.00000000
19544,0.00000000
19545,0.00000000
19546,0.00000000
19547,0.00000000
19548,0.00000000
19549,0.00000000
19550,0.00000000
19551,0.00000000
19552,0.00000000
19553,0.00000000
19554,0.00000000
19555,0.00000000
19556,0.00000000
19557,0.00000000
19558,0.00000000
19559,0.00000000
19560,0.00000000
19561,0.00000000
19562,0.00000000
19563,0.00000000
19564,0.00000000
19565,0.00000000
19566,0.00000000
19567,0.00000000
19568,0.00000000
19569,0.00000000
19570,0.00000000
19571,0.00000000
19572,0.00000000
19573,0.00000000
19574,0.00000000
19575,0.00000000
19576,0.00000000
19577,0.00000000
19578,0.00000000
19579,0.00000000
19580,0.00000000
19581,0.00000000
19582,0.00000000
19583,0.00000000
19584,0.00000000
19585,0.00000000
19586,0.00000000
19587,0.00000000
19588,0.00000000
19589,0.00000000
19590,0.00000000
19591,0.00000000
19592,0.00000000
19593,0.00000000
19594,0.00000000
19595,0.00000000
19596,0.00000000
19597,0.00000000
19598,0.00000000
19599,0.00000000
19600,0.00000000
19601,0.00000000
19602,0.00000000
19603,0.00000000
19604,0.00000000
19605,0.00000000
19606,0.00000000
19607,0.00000000
19608,0.00000000
19609,0.00000000
19610,0.00000000
19611,0.00000000
19612,0.00000000
19613,0.00000000
19614,0.00000000
19615,0.00000000
19616,0.00000000
19617,0.00000000
19618,0.00000000
19619,0.00000000
19620,0.00000000
19621,0.00000000
19622,0.00000000
19623,0.00000000
19624,0.00000000
19625,0.00000000
19626,0.00000000
19627,0.00000000
19628,0.00000000
19629,0.00000000
19630,0.00000000
19631,0.00000000
19632,0.00000000
19633,0.00000000
19634,0.00000000
19635,0.00000000
19636,0.00000000
19637,0.00000000
19638,0.00000000
19639,0.00000000
19640,0.00000000
19641,0.00000000
19642,0.00000000
19643,0.00000000
19644,0.00000000
19645,0.00000000
19646,0.00000000
19647,0.00000000
19648,0.00000000
19649,0.00000000
19650,0.00000000
19651,0.00000000
19652,0.00000000
19653,0.00000000
19654,0.00000000
19655,0.00000000
19656,0.00000000
19657,0.00000000
19658,0.00000000
19659,0.00000000
19660,0.00000000
19661,0.00000000
19662,0.00000000
19663,0.00000000
19664,0.00000000
19665,0.00000000
19666,0.00000000
19667,0.00000000
19668,0.00000000
19669,0.00000000
19670,0.00000000
19671,0.00000000
19672,0.00000000
19673,0.00000000
19674,0.00000000
19675,0.00000000
19676,0.00000000
19677,0.00000000
19678,0.00000000
19679,0.00000000
19680,0.00000000
19681,0.00000000
19682,0.00000000
19683,0.00000000
19684,0.00000000
19685,0.00000000
19686,0.00000000
19687,0.00000000
19688,0.00000000
19689,0.00000000
19690,0.00000000
19691,0.00000000
19692,0.00000000
19693,0.00000000
19694,0.00000000
19695,0.00000000
19696,0.00000000
19697,0.00000000
19698,0.00000000
19699,0.00000000
19700,0.00000000
19701,0.00000000
19702,0.00000000
19703,0.00000000
19704,0.00000000
19705,0.00000000
19706,0.00000000
19707,0.00000000
19708,0.00000000
19709,0.00000000
19710,0.00000000
19711,0.00000000
19712,0.00000000
19713,0.00000000
19714,0.00000000
19715,0.00000000
19716,0.00000000
19717,0.00000000
19718,0.00000000
19719,0.00000000
19720,0.00000000
19721,0.00000000
19722,0.00000000
19723,0.00000000
19724,0.00000000
19725,0.00000000
19726,0.00000000
19727,0.00000000
19728,0.00000000
19729,0.00000000
19730,0.00000000
19731,0.00000000
19732,0.00000000
19733,0.00000000
19734,0.00000000
19735,0.00000000
19736,0.00000000
19737,0.00000000
19738,0.00000000
19739,0.00000000
19740,0.00000000
19741,0.00000000
19742,0.00000000
19743,0.00000000
19744,0.00000000
19745,0.00000000
19746,0.00000000
19747,0.00000000
19748,0.00000000
19749,0.00000000
19750,0.00000000
19751,0.00000000
19752,0.00000000
19753,0.00000000
19754,0.00000000
19755,0.00000000
19756,0.00000000
19757,0.00000000
19758,0.00000000
19759,0.00000000
19760,0.00000000
19761,0.00000000
19762,0.00000000
19763,0.00000000
19764,0.00000000
19765,0.00000000
19766,0.00000000
19767,0.00000000
19768,0.00000000
19769,0.00000000
19770,0.00000000
19771,0.00000000
19772,0.00000000
19773,0.00000000
19774,0.00000000
19775,0.00000000
19776,0.00000000
19777,0.00000000
19778,0.00000000
19779,0.00000000
19780,0.00000000
19781,0.00000000
19782,0.00000000
19783,0.00000000
19784,0.00000000
19785,0.00000000
19786,0.00000000
19787,0.00000000
19788,0.00000000
19789,0.00000000
19790,0.00000000
19791,0.00000000
19792,0.00000000
19793,0.00000000
19794,0.00000000
19795,0.00000000
19796,0.00000000
19797,0.00000000
19798,0.00000000
19799,0.00000000
19800,0.00000000
19801,0.00000000
19802,0.00000000
19803,0.00000000
19804,0.00000000
19805,0.00000000
19806,0.00000000
19807,0.00000000
19808,0.00000000
19809,0.00000000
19810,0.00000000
19811,0.00000000
19812,0.00000000
19813,0.00000000
19814,0.00000000
19815,0.00000000
19816,0.00000000
19817,0.00000000
19818,0.00000000
19819,0.00000000
19820,0.00000000
19821,0.00000000
19822,0.00000000
19823,0.00000000
19824,0.00000000
19825,0.00000000
19826,0.00000000
19827,0.00000000
19828,0.00000000
19829,0.00000000
19830,0.00000000
19831,0.00000000
19832,0.00000000
19833,0.00000000
19834,0.00000000
19835,0.00000000
19836,0.00000000
19837,0.00000000
19838,0.00000000
19839,0.00000000
19840,0.00000000
19841,0.00000000
19842,0.00000000
19843,0.00000000
19844,0.00000000
19845,0.00000000
19846,0.00000000
19847,0.00000000
19848,0.00000000
19849,0.00000000
19850,0.00000000
19851,0.00000000
19852,0.00000000
19853,0.00000000
19854,0.00000000
19855,0.00000000
19856,0.00000000
19857,0.00000000
19858,0.00000000
19859,0.00000000
19860,0.00000000
19861,0.00000000
19862,0.00000000
19863,0.00000000
19864,0.00000000
19865,0.00000000
19866,0.00000000
19867,0.00000000
19868,0.00000000
19869,0.00000000
19870,0.00000000
19871,0.00000000
19872,0.00000000
19873,0.00000000
19874,0.00000000
19875,0.00000000
19876,0.00000000
19877,0.00000000
19878,0.00000000
19879,0.00000000
19880,0.00000000
19881,0.00000000
19882,0.00000000
19883,0.00000000
19884,0.00000000
19885,0.00000000
19886,0.00000000
19887,0.00000000
19888,0.00000000
19889,0.00000000
19890,0.00000000
19891,0.00000000
19892,0.00000000
19893,0.00000000
19894,0.00000000
19895,0.00000000
19896,0.00000000
19897,0.00000000
19898,0.00000000
19899,0.00000000
19900,0.00000000
19901,0.00000000
19902,0.00000000
19903,0.00000000
19904,0.00000000
19905,0.00000000
19906,0.00000000
19907,0.00000000
19908,0.00000000
19909,0.00000000
19910,0.00000000
19911,0.00000000
19912,0.00000000
19913,0.00000000
19914,0.00000000
19915,0.00000000
19916,0.00000000
19917,0.00000000
19918,0.00000000
19919,0.00000000
19920,0.00000000
19921,0.00000000
19922,0.00000000
19923,0.00000000
19924,0.00000000
19925,0.00000000
19926,0.00000000
19927,0.00000000
19928,0.00000000
19929,0.00000000
19930,0.00000000
19931,0.00000000
19932,0.00000000
19933,0.00000000
19934,0.00000000
19935,0.00000000
19936,0.00000000
19937,0.00000000
19938,0.00000000
19939,0.00000000
19940,0.00000000
19941,0.00000000
19942,0.00000000
19943,0.00000000
19944,0.00000000
19945,0.00000000
19946,0.00000000
19947,0.00000000
19948,0.00000000
19949,0.00000000
19950,0.00000000
19951,0.00000000
19952,0.00000000
19953,0.00000000
19954,0.00000000
19955,0.00000000
19956,0.00000000
19957,0.00000000
19958,0.00000000
19959,0.00000000
19960,0.00000000
19961,0.00000000
19962,0.00000000
19963,0.00000000
19964,0.00000000
19965,0.00000000
19966,0.00000000
19967,0.00000000
19968,0.00000000
19969,0.00000000
19970,0.00000000
19971,0.00000000
19972,0.00000000
19973,0.00000000
19974,0.00000000
19975,0.00000000
19976,0.00000000
19977,0.00000000
19978,0.00000000
19979,0.00000000
19980,0.00000000
19981,0.00000000
19982,0.00000000
19983,0.00000000
19984,0.00000000
19985,0.00000000
19986,0.00000000
19987,0.00000000
19988,0.00000000
19989,0.00000000
19990,0.00000000
19991,0.00000000
19992,0.00000000
19993,0.00000000
19994,0.00000000
19995,0.00000000
19996,0.00000000
19997,0.00000000
19998,0.00000000
19999,0.00000000
20000,0.00000000
20001,0.00000000
20002,0.00000000
20003,0.00000000
20004,0.00000000
20005,0.00000000
20006,0.00000000
20007,0.00000000
20008,0.00000000
20009,0.00000000
20010,0.00000000
20011,0.00000000
20012,0.00000000
20013,0.00000000
20014,0.00000000
20015,0.00000000
20016,0.00000000
20017,0.00000000
20018,0.00000000
20019,0.00000000
20020,0.00000000
20021,0.00000000
20022,0.00000000
20023,0.00000000
20024,0.00000000
20025,0.00000000
20026,0.00000000
20027,0.00000000
20028,0.00000000
20029,0.00000000
20030,0.00000000
20031,0.00000000
20032,0.00000000
20033,0.00000000
20034,0.00000000
20035,0.00000000
20036,0.00000000
20037,0.00000000
20038,0.00000000
20039,0.00000000
20040,0.00000000
20041,0.00000000
20042,0.00000000
20043,0.00000000
20044,0.00000000
20045,0.00000000
20046,0.00000000
20047,0.00000000
20048,0.00000000
20049,0.00000000
20050,0.00000000
20051,0.00000000
20052,0.00000000
20053,0.00000000
20054,0.00000000
20055,0.00000000
20056,0.00000000
20057,0.00000000
20058,0.00000000
20059,0.00000000
20060,0.00000000
20061,0.00000000
20062,0.00000000
20063,0.00000000
20064,0.00000000
20065,0.00000000
20066,0.00000000
20067,0.00000000
20068,0.00000000
20069,0.00000000
20070,0.00000000
20071,0.00000000
20072,0.00000000
20073,0.00000000
20074,0.00000000
20075,0.00000000
20076,0.00000000
20077,0.00000000
20078,0.00000000
20079,0.00000000
20080,0.00000000
20081,0.00000000
20082,0.00000000
20083,0.00000000
20084,0.00000000
20085,0.00000000
20086,0.00000000
20087,0.00000000
20088,0.00000000
20089,0.00000000
20090,0.00000000
20091,0.00000000
20092,0.00000000
20093,0.00000000
20094,0.00000000
20095,0.00000000
20096,0.00000000
20097,0.00000000
20098,0.00000000
20099,0.00000000
20100,0.00000000
20101,0.00000000
20102,0.00000000
20103,0.00000000
20104,0.00000000
20105,0.00000000
20106,0.00000000
20107,0.00000000
20108,0.00000000
20109,0.00000000
20110,0.00000000
20111,0.00000000
20112,0.00000000
20113,0.00000000
20114,0.00000000
20115,0.00000000
20116,0.00000000
20117,0.00000000
20118,0.00000000
20119,0.00000000
20120,0.00000000
20121,0.00000000
20122,0.00000000
20123,0.00000000
20124,0.00000000
20125,0.00000000
20126,0.00000000
20127,0.00000000
20128,0.00000000
20129,0.00000000
20130,0.00000000
20131,0.00000000
20132,0.00000000
20133,0.00000000
20134,0.00000000
20135,0.00000000
20136,0.00000000
20137,0.00000000
20138,0.00000000
20139,0.00000000
20140,0.00000000
20141,0.00000000
20142,0.00000000
20143,0.00000000
20144,0.00000000
20145,0.00000000
20146,0.00000000
20147,0.00000000
20148,0.00000000
20149,0.00000000
20150,0.00000000
20151,0.00000000
20152,0.00000000
20153,0.00000000
20154,0.00000000
20155,0.00000000
20156,0.00000000
20157,0.00000000
20158,0.00000000
20159,0.00000000
20160,0.00000000
20161,0.00000000
20162,0.00000000
20163,0.00000000
20164,0.00000000
20165,0.00000000
20166,0.00000000
20167,0.00000000
20168,0.00000000
20169,0.00000000
20170,0.00000000
20171,0.00000000
20172,0.00000000
20173,0.00000000
20174,0.00000000
20175,0.00000000
20176,0.00000000
20177,0.00000000
20178,0.00000000
20179,0.00000000
20180,0.00000000
20181,0.00000000
20182,0.00000000
20183,0.00000000
20184,0.00000000
20185,0.00000000
20186,0.00000000
20187,0.00000000
20188,0.00000000
20189,0.00000000
20190,0.00000000
20191,0.00000000
20192,0.00000000
20193,0.00000000
20194,0.00000000
20195,0.00000000
20196,0.00000000
20197,0.00000000
20198,0.00000000
20199,0.00000000
20200,0.00000000
20201,0.00000000
20202,0.00000000
20203,0.00000000
20204,0.00000000
20205,0.00000000
20206,0.00000000
20207,0.00000000
20208,0.00000000
20209,0.00000000
20210,0.00000000
20211,0.00000000
20212,0.00000000
20213,0.00000000
20214,0.00000000
20215,0.00000000
20216,0.00000000
20217,0.00000000
20218,0.00000000
20219,0.00000000
20220,0.00000000
20221,0.00000000
20222,0.00000000
20223,0.00000000
20224,0.00000000
20225,0.00000000
20226,0.00000000
20227,0.00000000
20228,0.00000000
20229,0.00000000
20230,0.00000000
20231,0.00000000
20232,0.00000000
20233,0.00000000
20234,0.00000000
20235,0.00000000
20236,0.00000000
20237,0.00000000
20238,0.00000000
20239,0.00000000
20240,0.00000000
20241,0.00000000
20242,0.00000000
20243,0.00000000
20244,0.00000000
20245,0.00000000
20246,0.00000000
20247,0.00000000
20248,0.00000000
20249,0.00000000
20250,0.00000000
20251,0.00000000
20252,0.00000000
20253,0.00000000
20254,0.00000000
20255,0.00000000
20256,0.00000000
20257,0.00000000
20258,0.00000000
20259,0.00000000
20260,0.00000000
20261,0.00000000
20262,0.00000000
20263,0.00000000
20264,0.00000000
20265,0.00000000
20266,0.00000000
20267,0.00000000
20268,0.00000000
20269,0.00000000
20270,0.00000000
20271,0.00000000
20272,0.00000000
20273,0.00000000
20274,0.00000000
20275,0.00000000
20276,0.00000000
20277,0.00000000
20278,0.00000000
20279,0.00000000
20280,0.00000000
20281,0.00000000
20282,0.00000000
20283,0.00000000
20284,0.00000000
20285,0.00000000
20286,0.00000000
20287,0.00000000
20288,0.00000000
20289,0.00000000
20290,0.00000000
20291,0.00000000
20292,0.00000000
20293,0.00000000
20294,0.00000000
20295,0.00000000
20296,0.00000000
20297,0.00000000
20298,0.00000000
20299,0.00000000
20300,0.00000000
20301,0.00000000
20302,0.00000000
20303,0.00000000
20304,0.00000000
20305,0.00000000
20306,0.00000000
20307,0.00000000
20308,0.00000000
20309,0.00000000
20310,0.00000000
20311,0.00000000
20312,0.00000000
20313,0.00000000
20314,0.00000000
20315,0.00000000
20316,0.00000000
20317,0.00000000
20318,0.00000000
20319,0.00000000
20320,0.00000000
20321,0.00000000
20322,0.00000000
20323,0.00000000
20324,0.00000000
20325,0.00000000
20326,0.00000000
20327,0.00000000
20328,0.00000000
20329,0.00000000
20330,0.00000000
20331,0.00000000
20332,0.00000000
20333,0.00000000
20334,0.00000000
20335,0.00000000
20336,0.00000000
20337,0.00000000
20338,0.00000000
20339,0.00000000
20340,0.00000000
20341,0.00000000
20342,0.00000000
20343,0.00000000
20344,0.00000000
20345,0.00000000
20346,0.00000000
20347,0.00000000
20348,0.00000000
20349,0.00000000
20350,0.00000000
20351,0.00000000
20352,0.00000000
20353,0.00000000
20354,0.00000000
20355,0.00000000
20356,0.00000000
20357,0.00000000
20358,0.00000000
20359,0.00000000
20360,0.00000000
20361,0.00000000
20362,0.00000000
20363,0.00000000
20364,0.00000000
20365,0.00000000
20366,0.00000000
20367,0.00000000
20368,0.00000000
20369,0.00000000
20370,0.00000000
20371,0.00000000
20372,0.00000000
20373,0.00000000
20374,0.00000000
20375,0.00000000
20376,0.00000000
20377,0.00000000
20378,0.00000000
20379,0.00000000
20380,0.00000000
20381,0.00000000
20382,0.00000000
20383,0.00000000
20384,0.00000000
20385,0.00000000
20386,0.00000000
20387,0.00000000
20388,0.00000000
20389,0.00000000
20390,0.00000000
20391,0.00000000
20392,0.00000000
20393,0.00000000
20394,0.00000000
20395,0.00000000
20396,0.00000000
20397,0.00000000
20398,0.00000000
20399,0.00000000
20400,0.00000000
20401,0.00000000
20402,0.00000000
20403,0.00000000
20404,0.00000000
20405,0.00000000
20406,0.00000000
20407,0.00000000
20408,0.00000000
20409,0.00000000
20410,0.00000000
20411,0.00000000
20412,0.00000000
20413,0.00000000
20414,0.00000000
20415,0.00000000
20416,0.00000000
20417,0.00000000
20418,0.00000000
20419,0.00000000
20420,0.00000000
20421,0.00000000
20422,0.00000000
20423,0.00000000
20424,0.00000000
20425,0.00000000
20426,0.00000000
20427,0.00000000
20428,0.00000000
20429,0.00000000
20430,0.00000000
20431,0.00000000
20432,0.00000000
20433,0.00000000
20434,0.00000000
20435,0.00000000
20436,0.00000000
20437,0.00000000
20438,0.00000000
20439,0.00000000
20440,0.00000000
20441,0.00000000
20442,0.00000000
20443,0.00000000
20444,0.00000000
20445,0.00000000
20446,0.00000000
20447,0.00000000
20448,0.00000000
20449,0.00000000
20450,0.00000000
20451,0.00000000
20452,0.00000000
20453,0.00000000
20454,0.00000000
20455,0.00000000
20456,0.00000000
20457,0.00000000
20458,0.00000000
20459,0.00000000
20460,0.00000000
20461,0.00000000
20462,0.00000000
20463,0.00000000
20464,0.00000000
20465,0.00000000
20466,0.00000000
20467,0.00000000
20468,0.00000000
20469,0.00000000
20470,0.00000000
20471,0.00000000
20472,0.00000000
20473,0.00000000
20474,0.00000000
20475,0.00000000
20476,0.00000000
20477,0.00000000
20478,0.00000000
20479,0.00000000
20480,0.00000000
20481,0.00000000
20482,0.00000000
20483,0.00000000
20484,0.00000000
20485,0.00000000
20486,0.00000000
20487,0.00000000
20488,0.00000000
20489,0.00000000
20490,0.00000000
20491,0.00000000
20492,0.00000000
20493,0.00000000
20494,0.00000000
20495,0.00000000
20496,0.00000000
20497,0.00000000
20498,0.00000000
20499,0.00000000
20500,0.00000000
20501,0.00000000
20502,0.00000000
20503,0.00000000
20504,0.00000000
20505,0.00000000
20506,0.00000000
20507,0.00000000
20508,0.00000000
20509,0.00000000
20510,0.00000000
20511,0.00000000
20512,0.00000000
20513,0.00000000
20514,0.00000000
20515,0.00000000
20516,0.00000000
20517,0.00000000
20518,0.00000000
20519,0.00000000
20520,0.00000000
20521,0.00000000
20522,0.00000000
20523,0.00000000
20524,0.00000000
20525,0.00000000
20526,0.00000000
20527,0.00000000
20528,0.00000000
20529,0.00000000
20530,0.00000000
20531,0.00000000
20532,0.00000000
20533,0.00000000
20534,0.00000000
20535,0.00000000
20536,0.00000000
20537,0.00000000
20538,0.00000000
20539,0.00000000
20540,0.00000000
20541,0.00000000
20542,0.00000000
20543,0.00000000
20544,0.00000000
20545,0.00000000
20546,0.00000000
20547,0.00000000
20548,0.00000000
20549,0.00000000
20550,0.00000000
20551,0.00000000
20552,0.00000000
20553,0.00000000
20554,0.00000000
20555,0.00000000
20556,0.00000000
20557,0.00000000
20558,0.00000000
20559,0.00000000
20560,0.00000000
20561,0.00000000
20562,0.00000000
20563,0.00000000
20564,0.00000000
20565,0.00000000
20566,0.00000000
20567,0.00000000
20568,0.00000000
20569,0.00000000
20570,0.00000000
20571,0.00000000
20572,0.00000000
20573,0.00000000
20574,0.00000000
20575,0.00000000
20576,0.00000000
20577,0.00000000
20578,0.00000000
20579,0.00000000
20580,0.00000000
20581,0.00000000
20582,0.00000000
20583,0.00000000
20584,0.00000000
20585,0.00000000
20586,0.00000000
20587,0.00000000
20588,0.00000000
20589,0.00000000
20590,0.00000000
20591,0.00000000
20592,0.00000000
20593,0.00000000
20594,0.00000000
20595,0.00000000
20596,0.00000000
20597,0.00000000
20598,0.00000000
20599,0.00000000
20600,0.00000000
20601,0.00000000
20602,0.00000000
20603,0.00000000
20604,0.00000000
20605,0.00000000
20606,0.00000000
20607,0.00000000
20608,0.00000000
20609,0.00000000
20610,0.00000000
20611,0.00000000
20612,0.00000000
20613,0.00000000
20614,0.00000000
20615,0.00000000
20616,0.00000000
20617,0.00000000
20618,0.00000000
20619,0.00000000
20620,0.00000000
20621,0.00000000
20622,0.00000000
20623,0.00000000
20624,0.00000000
20625,0.00000000
20626,0.00000000
20627,0.00000000
20628,0.00000000
20629,0.00000000
20630,0.00000000
20631,0.00000000
20632,0.00000000
20633,0.00000000
20634,0.00000000
20635,0.00000000
20636,0.00000000
20637,0.00000000
20638,0.00000000
20639,0.00000000
20640,0.00000000
20641,0.00000000
20642,0.00000000
20643,0.00000000
20644,0.00000000
20645,0.00000000
20646,0.00000000
20647,0.00000000
20648,0.00000000
20649,0.00000000
20650,0.00000000
20651,0.00000000
20652,0.00000000
20653,0.00000000
20654,0.00000000
20655,0.00000000
20656,0.00000000
20657,0.00000000
20658,0.00000000
20659,0.00000000
20660,0.00000000
20661,0.00000000
20662,0.00000000
20663,0.00000000
20664,0.00000000
20665,0.00000000
20666,0.00000000
20667,0.00000000
20668,0.00000000
20669,0.00000000
20670,0.00000000
20671,0.00000000
20672,0.00000000
20673,0.00000000
20674,0.00000000
20675,0.00000000
20676,0.00000000
20677,0.00000000
20678,0.00000000
20679,0.00000000
20680,0.00000000
20681,0.00000000
20682,0.00000000
20683,0.00000000
20684,0.00000000
20685,0.00000000
20686,0.00000000
20687,0.00000000
20688,0.00000000
20689,0.00000000
20690,0.00000000
20691,0.00000000
20692,0.00000000
20693,0.00000000
20694,0.00000000
20695,0.00000000
20696,0.00000000
20697,0.00000000
20698,0.00000000
20699,0.00000000
20700,0.00000000
20701,0.00000000
20702,0.00000000
20703,0.00000000
20704,0.00000000
20705,0.00000000
20706,0.00000000
20707,0.00000000
20708,0.00000000
20709,0.00000000
20710,0.00000000
20711,0.00000000
20712,0.00000000
20713,0.00000000
20714,0.00000000
20715,0.00000000
20716,0.00000000
20717,0.00000000
20718,0.00000000
20719,0.00000000
20720,0.00000000
20721,0.00000000
20722,0.00000000
20723,0.00000000
20724,0.00000000
20725,0.00000000
20726,0.00000000
20727,0.00000000
20728,0.00000000
20729,0.00000000
20730,0.00000000
20731,0.00000000
20732,0.00000000
20733,0.00000000
20734,0.00000000
20735,0.00000000
20736,0.00000000
20737,0.00000000
20738,0.00000000
20739,0.00000000
20740,0.00000000
20741,0.00000000
20742,0.00000000
20743,0.00000000
20744,0.00000000
20745,0.00000000
20746,0.00000000
20747,0.00000000
20748,0.00000000
20749,0.00000000
20750,0.00000000
20751,0.00000000
20752,0.00000000
20753,0.00000000
20754,0.00000000
20755,0.00000000
20756,0.00000000
20757,0.00000000
20758,0.00000000
20759,0.00000000
20760,0.00000000
20761,0.00000000
20762,0.00000000
20763,0.00000000
20764,0.00000000
20765,0.00000000
20766,0.00000000
20767,0.00000000
20768,0.00000000
20769,0.00000000
20770,0.00000000
20771,0.00000000
20772,0.00000000
20773,0.00000000
20774,0.00000000
20775,0.00000000
20776,0.00000000
20777,0.00000000
20778,0.00000000
20779,0.00000000
20780,0.00000000
20781,0.00000000
20782,0.00000000
20783,0.00000000
20784,0.00000000
20785,0.00000000
20786,0.00000000
20787,0.00000000
20788,0.00000000
20789,0.00000000
20790,0.00000000
20791,0.00000000
20792,0.00000000
20793,0.00000000
20794,0.00000000
20795,0.00000000
20796,0.00000000
20797,0.00000000
20798,0.00000000
20799,0.00000000
20800,0.00000000
20801,0.00000000
20802,0.00000000
20803,0.00000000
20804,0.00000000
20805,0.00000000
20806,0.00000000
20807,0.00000000
20808,0.00000000
20809,0.00000000
20810,0.00000000
20811,0.00000000
20812,0.00000000
20813,0.00000000
20814,0.00000000
20815,0.00000000
20816,0.00000000
20817,0.00000000
20818,0.00000000
20819,0.00000000
20820,0.00000000
20821,0.00000000
20822,0.00000000
20823,0.00000000
20824,0.00000000
20825,0.00000000
20826,0.00000000
20827,0.00000000
20828,0.00000000
20829,0.00000000
20830,0.00000000
20831,0.00000000
20832,0.00000000
20833,0.00000000
20834,0.00000000
20835,0.00000000
20836,0.00000000
20837,0.00000000
20838,0.00000000
20839,0.00000000
20840,0.00000000
20841,0.00000000
20842,0.00000000
20843,0.00000000
20844,0.00000000
20845,0.00000000
20846,0.00000000
20847,0.00000000
20848,0.00000000
20849,0.00000000
20850,0.00000000
20851,0.00000000
20852,0.00000000
20853,0.00000000
20854,0.00000000
20855,0.00000000
20856,0.00000000
20857,0.00000000
20858,0.00000000
20859,0.00000000
20860,0.00000000
20861,0.00000000
20862,0.00000000
20863,0.00000000
20864,0.00000000
20865,0.00000000
20866,0.00000000
20867,0.00000000
20868,0.00000000
20869,0.00000000
20870,0.00000000
20871,0.00000000
20872,0.00000000
20873,0.00000000
20874,0.00000000
20875,0.00000000
20876,0.00000000
20877,0.00000000
20878,0.00000000
20879,0.00000000
20880,0.00000000
20881,0.00000000
20882,0.00000000
20883,0.00000000
20884,0.00000000
20885,0.00000000
20886,0.00000000
20887,0.00000000
20888,0.00000000
20889,0.00000000
20890,0.00000000
20891,0.00000000
20892,0.00000000
20893,0.00000000
20894,0.00000000
20895,0.00000000
20896,0.00000000
20897,0.00000000
20898,0.00000000
20899,0.00000000
20900,0.00000000
20901,0.00000000
20902,0.00000000
20903,0.00000000
20904,0.00000000
20905,0.00000000
20906,0.00000000
20907,0.00000000
20908,0.00000000
20909,0.00000000
20910,0.00000000
20911,0.00000000
20912,0.00000000
20913,0.00000000
20914,0.00000000
20915,0.00000000
20916,0.00000000
20917,0.00000000
20918,0.00000000
20919,0.00000000
20920,0.00000000
20921,0.00000000
20922,0.00000000
20923,0.00000000
20924,0.00000000
20925,0.00000000
20926,0.00000000
20927,0.00000000
20928,0.00000000
20929,0.00000000
20930,0.00000000
20931,0.00000000
20932,0.00000000
20933,0.00000000
20934,0.00000000
20935,0.00000000
20936,0.00000000
20937,0.00000000
20938,0.00000000
20939,0.00000000
20940,0.00000000
20941,0.00000000
20942,0.00000000
20943,0.00000000
20944,0.00000000
20945,0.00000000
20946,0.00000000
20947,0.00000000
20948,0.00000000
20949,0.00000000
20950,0.00000000
20951,0.00000000
20952,0.00000000
20953,0.00000000
20954,0.00000000
20955,0.00000000
20956,0.00000000
20957,0.00000000
20958,0.00000000
20959,0.00000000
20960,0.00000000
20961,0.00000000
20962,0.00000000
20963,0.00000000
20964,0.00000000
20965,0.00000000
20966,0.00000000
20967,0.00000000
20968,0.00000000
20969,0.00000000
20970,0.00000000
20971,0.00000000
20972,0.00000000
20973,0.00000000
20974,0.00000000
20975,0.00000000
20976,0.00000000
20977,0.00000000
20978,0.00000000
20979,0.00000000
20980,0.00000000
20981,0.00000000
20982,0.00000000
20983,0.00000000
20984,0.00000000
20985,0.00000000
20986,0.00000000
20987,0.00000000
20988,0.00000000
20989,0.00000000
20990,0.00000000
20991,0.00000000
20992,0.00000000
20993,0.00000000
20994,0.00000000
20995,0.00000000
20996,0.00000000
20997,0.00000000
20998,0.00000000
20999,0.00000000
21000,0.00000000
