3000,0.00000000
3001,0.00000000
3002,0.00000000
3003,0.00000000
3004,0.00000000
3005,0.00000000
3006,0.00000000
3007,0.00000000
3008,0.00000000
3009,0.00000000
3010,0.00000000
3011,0.00000000
3012,0.00000000
3013,0.00000000
3014,0.00000000
3015,0.00000000
3016,0.00000000
3017,0.00000000
3018,0.00000000
3019,0.00000000
3020,0.00000000
3021,0.00000000
3022,0.00000000
3023,0.00000000
3024,0.00000000
3025,0.00000000
3026,0.00000000
3027,0.00000000
3028,0.00000000
3029,0.00000000
3030,0.00000000
3031,0.00000000
3032,0.00000000
3033,0.00000000
3034,0.00000000
3035,0.00000000
3036,0.00000000
3037,0.00000000
3038,0.00000000
3039,0.00000000
3040,0.00000000
3041,0.00000010
3042,0.00000010
3043,0.00000005
3044,0.00000005
3045,0.00000036
3046,0.00000041
3047,0.00000036
3048,0.00000041
3049,0.00000041
3050,0.00000041
3051,0.00000062
3052,0.00000077
3053,0.00000088
3054,0.00000098
3055,0.00000108
3056,0.00000119
3057,0.00000134
3058,0.00000139
3059,0.00000155
3060,0.00000181
3061,0.00000186
3062,0.00000186
3063,0.00000207
3064,0.00000207
3065,0.00000237
3066,0.00000248
3067,0.00000253
3068,0.00000268
3069,0.00000279
3070,0.00000284
3071,0.00000310
3072,0.00000325
3073,0.00000356
3074,0.00000372
3075,0.00000367
3076,0.00000346
3077,0.00000341
3078,0.00000361
3079,0.00000382
3080,0.00000382
3081,0.00000387
3082,0.00000413
3083,0.00000434
3084,0.00000413
3085,0.00000408
3086,0.00000403
3087,0.00000408
3088,0.00000444
3089,0.00000434
3090,0.00000428
3091,0.00000418
3092,0.00000428
3093,0.00000439
3094,0.00000439
3095,0.00000444
3096,0.00000454
3097,0.00000454
3098,0.00000459
3099,0.00000475
3100,0.00000465
3101,0.00000470
3102,0.00000465
3103,0.00000490
3104,0.00000506
3105,0.00000516
3106,0.00000537
3107,0.00000573
3108,0.00000563
3109,0.00000558
3110,0.00000558
3111,0.00000552
3112,0.00000563
3113,0.00000568
3114,0.00000583
3115,0.00000583
3116,0.00000594
3117,0.00000583
3118,0.00000583
3119,0.00000589
3120,0.00000604
3121,0.00000625
3122,0.00000630
3123,0.00000640
3124,0.00000645
3125,0.00000656
3126,0.00000671
3127,0.00000676
3128,0.00000676
3129,0.00000676
3130,0.00000687
3131,0.00000681
3132,0.00000687
3133,0.00000687
3134,0.00000702
3135,0.00000718
3136,0.00000743
3137,0.00000754
3138,0.00000759
3139,0.00000764
3140,0.00000795
3141,0.00000816
3142,0.00000811
3143,0.00000816
3144,0.00000821
3145,0.00000821
3146,0.00000852
3147,0.00000826
3148,0.00000831
3149,0.00000821
3150,0.00000836
3151,0.00000852
3152,0.00000852
3153,0.00000883
3154,0.00000898
3155,0.00000903
3156,0.00000903
3157,0.00000893
3158,0.00000898
3159,0.00000903
3160,0.00000903
3161,0.00000914
3162,0.00000934
3163,0.00000940
3164,0.00000929
3165,0.00000924
3166,0.00000960
3167,0.00000960
3168,0.00000955
3169,0.00000960
3170,0.00000960
3171,0.00000981
3172,0.00001017
3173,0.00001022
3174,0.00001048
3175,0.00001048
3176,0.00001053
3177,0.00001058
3178,0.00001079
3179,0.00001084
3180,0.00001094
3181,0.00001105
3182,0.00001105
3183,0.00001120
3184,0.00001120
3185,0.00001125
3186,0.00001172
3187,0.00001182
3188,0.00001198
3189,0.00001203
3190,0.00001198
3191,0.00001162
3192,0.00001167
3193,0.00001182
3194,0.00001198
3195,0.00001208
3196,0.00001213
3197,0.00001193
3198,0.00001213
3199,0.00001224
3200,0.00001249
3201,0.00001249
3202,0.00001244
3203,0.00001260
3204,0.00001260
3205,0.00001280
3206,0.00001306
3207,0.00001296
3208,0.00001296
3209,0.00001296
3210,0.00001306
3211,0.00001327
3212,0.00001327
3213,0.00001332
3214,0.00001353
3215,0.00001378
3216,0.00001378
3217,0.00001389
3218,0.00001425
3219,0.00001425
3220,0.00001415
3221,0.00001420
3222,0.00001420
3223,0.00001420
3224,0.00001415
3225,0.00001415
3226,0.00001415
3227,0.00001440
3228,0.00001451
3229,0.00001456
3230,0.00001466
3231,0.00001528
3232,0.00001523
3233,0.00001523
3234,0.00001523
3235,0.00001523
3236,0.00001523
3237,0.00001513
3238,0.00001538
3239,0.00001533
3240,0.00001554
3241,0.00001554
3242,0.00001559
3243,0.00001559
3244,0.00001533
3245,0.00001533
3246,0.00001533
3247,0.00001544
3248,0.00001554
3249,0.00001549
3250,0.00001554
3251,0.00001559
3252,0.00001564
3253,0.00001564
3254,0.00001564
3255,0.00001600
3256,0.00001600
3257,0.00001590
3258,0.00001590
3259,0.00001575
3260,0.00001575
3261,0.00001585
3262,0.00001590
3263,0.00001590
3264,0.00001585
3265,0.00001585
3266,0.00001631
3267,0.00001647
3268,0.00001652
3269,0.00001662
3270,0.00001683
3271,0.00001688
3272,0.00001688
3273,0.00001709
3274,0.00001704
3275,0.00001709
3276,0.00001709
3277,0.00001714
3278,0.00001714
3279,0.00001714
3280,0.00001750
3281,0.00001750
3282,0.00001745
3283,0.00001750
3284,0.00001750
3285,0.00001760
3286,0.00001766
3287,0.00001797
3288,0.00001797
3289,0.00001791
3290,0.00001797
3291,0.00001791
3292,0.00001802
3293,0.00001802
3294,0.00001812
3295,0.00001786
3296,0.00001786
3297,0.00001781
3298,0.00001817
3299,0.00001817
3300,0.00001838
3301,0.00001838
3302,0.00001843
3303,0.00001853
3304,0.00001853
3305,0.00001859
3306,0.00001874
3307,0.00001874
3308,0.00001879
3309,0.00001931
3310,0.00001936
3311,0.00001931
3312,0.00001941
3313,0.00001941
3314,0.00001946
3315,0.00001936
3316,0.00001951
3317,0.00001946
3318,0.00001946
3319,0.00001946
3320,0.00001951
3321,0.00001951
3322,0.00001951
3323,0.00001951
3324,0.00001951
3325,0.00001962
3326,0.00001962
3327,0.00001972
3328,0.00001977
3329,0.00001988
3330,0.00001988
3331,0.00001988
3332,0.00001988
3333,0.00001993
3334,0.00001993
3335,0.00002013
3336,0.00002008
3337,0.00002008
3338,0.00002008
3339,0.00002024
3340,0.00002029
3341,0.00002034
3342,0.00002013
3343,0.00002013
3344,0.00002019
3345,0.00002024
3346,0.00002024
3347,0.00002034
3348,0.00002034
3349,0.00002029
3350,0.00002034
3351,0.00002024
3352,0.00002029
3353,0.00002029
3354,0.00002075
3355,0.00002075
3356,0.00002075
3357,0.00002081
3358,0.00002096
3359,0.00002106
3360,0.00002106
3361,0.00002106
3362,0.00002101
3363,0.00002106
3364,0.00002112
3365,0.00002112
3366,0.00002112
3367,0.00002112
3368,0.00002132
3369,0.00002132
3370,0.00002132
3371,0.00002132
3372,0.00002142
3373,0.00002158
3374,0.00002168
3375,0.00002168
3376,0.00002184
3377,0.00002199
3378,0.00002199
3379,0.00002199
3380,0.00002204
3381,0.00002204
3382,0.00002251
3383,0.00002251
3384,0.00002251
3385,0.00002256
3386,0.00002266
3387,0.00002272
3388,0.00002272
3389,0.00002287
3390,0.00002287
3391,0.00002287
3392,0.00002292
3393,0.00002303
3394,0.00002292
3395,0.00002303
3396,0.00002303
3397,0.00002303
3398,0.00002303
3399,0.00002339
3400,0.00002339
3401,0.00002334
3402,0.00002344
3403,0.00002344
3404,0.00002349
3405,0.00002359
3406,0.00002359
3407,0.00002359
3408,0.00002370
3409,0.00002359
3410,0.00002364
3411,0.00002370
3412,0.00002375
3413,0.00002385
3414,0.00002380
3415,0.00002380
3416,0.00002406
3417,0.00002406
3418,0.00002406
3419,0.00002406
3420,0.00002401
3421,0.00002401
3422,0.00002416
3423,0.00002411
3424,0.00002411
3425,0.00002411
3426,0.00002406
3427,0.00002416
3428,0.00002447
3429,0.00002447
3430,0.00002447
3431,0.00002452
3432,0.00002468
3433,0.00002468
3434,0.00002499
3435,0.00002499
3436,0.00002499
3437,0.00002494
3438,0.00002509
3439,0.00002509
3440,0.00002509
3441,0.00002509
3442,0.00002525
3443,0.00002525
3444,0.00002519
3445,0.00002525
3446,0.00002530
3447,0.00002525
3448,0.00002525
3449,0.00002519
3450,0.00002535
3451,0.00002530
3452,0.00002586
3453,0.00002586
3454,0.00002586
3455,0.00002597
3456,0.00002617
3457,0.00002628
3458,0.00002648
3459,0.00002638
3460,0.00002638
3461,0.00002633
3462,0.00002633
3463,0.00002628
3464,0.00002633
3465,0.00002638
3466,0.00002643
3467,0.00002638
3468,0.00002638
3469,0.00002648
3470,0.00002643
3471,0.00002648
3472,0.00002648
3473,0.00002659
3474,0.00002669
3475,0.00002669
3476,0.00002679
3477,0.00002685
3478,0.00002716
3479,0.00002716
3480,0.00002747
3481,0.00002747
3482,0.00002747
3483,0.00002721
3484,0.00002726
3485,0.00002726
3486,0.00002710
3487,0.00002716
3488,0.00002705
3489,0.00002716
3490,0.00002716
3491,0.00002710
3492,0.00002700
3493,0.00002721
3494,0.00002736
3495,0.00002747
3496,0.00002757
3497,0.00002747
3498,0.00002747
3499,0.00002793
3500,0.00002793
3501,0.00002798
3502,0.00002803
3503,0.00002803
3504,0.00002829
3505,0.00002829
3506,0.00002834
3507,0.00002834
3508,0.00002834
3509,0.00002845
3510,0.00002850
3511,0.00002850
3512,0.00002860
3513,0.00002881
3514,0.00002881
3515,0.00002927
3516,0.00002927
3517,0.00002922
3518,0.00002932
3519,0.00002927
3520,0.00002917
3521,0.00002907
3522,0.00002907
3523,0.00002907
3524,0.00002901
3525,0.00002907
3526,0.00002943
3527,0.00002948
3528,0.00002953
3529,0.00002963
3530,0.00002953
3531,0.00002963
3532,0.00002963
3533,0.00002963
3534,0.00002999
3535,0.00002999
3536,0.00003005
3537,0.00003010
3538,0.00003010
3539,0.00003020
3540,0.00003025
3541,0.00003036
3542,0.00003036
3543,0.00003056
3544,0.00003056
3545,0.00003056
3546,0.00003067
3547,0.00003098
3548,0.00003098
3549,0.00003087
3550,0.00003098
3551,0.00003092
3552,0.00003103
3553,0.00003103
3554,0.00003108
3555,0.00003108
3556,0.00003170
3557,0.00003170
3558,0.00003170
3559,0.00003170
3560,0.00003180
3561,0.00003216
3562,0.00003216
3563,0.00003237
3564,0.00003227
3565,0.00003227
3566,0.00003232
3567,0.00003242
3568,0.00003242
3569,0.00003242
3570,0.00003252
3571,0.00003237
3572,0.00003242
3573,0.00003247
3574,0.00003268
3575,0.00003268
3576,0.00003283
3577,0.00003283
3578,0.00003299
3579,0.00003304
3580,0.00003304
3581,0.00003361
3582,0.00003361
3583,0.00003361
3584,0.00003371
3585,0.00003361
3586,0.00003351
3587,0.00003335
3588,0.00003335
3589,0.00003340
3590,0.00003366
3591,0.00003371
3592,0.00003382
3593,0.00003361
3594,0.00003361
3595,0.00003361
3596,0.00003351
3597,0.00003356
3598,0.00003356
3599,0.00003361
3600,0.00003356
3601,0.00003206
3602,0.00003113
3603,0.00003733
3604,0.00004481
3605,0.00004213
3606,0.00003924
3607,0.00003903
3608,0.00004135
3609,0.00004182
3610,0.00003856
3611,0.00004244
3612,0.00004471
3613,0.00005008
3614,0.00005555
3615,0.00005121
3616,0.00004579
3617,0.00004522
3618,0.00004502
3619,0.00004579
3620,0.00004698
3621,0.00004388
3622,0.00003841
3623,0.00004089
3624,0.00004450
3625,0.00004615
3626,0.00004781
3627,0.00004884
3628,0.00004982
3629,0.00005199
3630,0.00005292
3631,0.00004899
3632,0.00004512
3633,0.00004156
3634,0.00003975
3635,0.00004233
3636,0.00004548
3637,0.00003758
3638,0.00003036
3639,0.00004130
3640,0.00005457
3641,0.00005214
3642,0.00004894
3643,0.00004631
3644,0.00004399
3645,0.00004053
3646,0.00003567
3647,0.00004300
3648,0.00004982
3649,0.00004502
3650,0.00003975
3651,0.00004104
3652,0.00004295
3653,0.00004027
3654,0.00003810
3655,0.00004259
3656,0.00004894
3657,0.00004729
3658,0.00004641
3659,0.00004657
3660,0.00004517
3661,0.00005101
3662,0.00005653
3663,0.00005312
3664,0.00005013
3665,0.00005018
3666,0.00004935
3667,0.00004997
3668,0.00005271
3669,0.00004796
3670,0.00004414
3671,0.00004430
3672,0.00004502
3673,0.00004466
3674,0.00004574
3675,0.00004646
3676,0.00004801
3677,0.00004910
3678,0.00004832
3679,0.00004719
3680,0.00004713
3681,0.00004786
3682,0.00004806
3683,0.00005121
3684,0.00005178
3685,0.00004688
3686,0.00003996
3687,0.00004564
3688,0.00005307
3689,0.00005090
3690,0.00004724
3691,0.00004677
3692,0.00004579
3693,0.00005096
3694,0.00005607
3695,0.00005705
3696,0.00006020
3697,0.00005958
3698,0.00005860
3699,0.00004941
3700,0.00004331
3701,0.00005018
3702,0.00005627
3703,0.00005126
3704,0.00004507
3705,0.00004915
3706,0.00005457
3707,0.00005111
3708,0.00004750
3709,0.00004992
3710,0.00005297
3711,0.00005844
3712,0.00006438
3713,0.00005725
3714,0.00004992
3715,0.00005065
3716,0.00005065
3717,0.00005147
3718,0.00005359
3719,0.00005581
3720,0.00005720
3721,0.00004827
3722,0.00004135
3723,0.00004796
3724,0.00005581
3725,0.00005839
3726,0.00006051
3727,0.00005560
3728,0.00005276
3729,0.00005452
3730,0.00005509
3731,0.00005736
3732,0.00005968
3733,0.00005736
3734,0.00005333
3735,0.00005328
3736,0.00005441
3737,0.00005509
3738,0.00005818
3739,0.00006107
3740,0.00006655
3741,0.00005916
3742,0.00005287
3743,0.00005096
3744,0.00005168
3745,0.00005509
3746,0.00005834
3747,0.00005978
3748,0.00005989
3749,0.00005761
3750,0.00005736
3751,0.00006020
3752,0.00006180
3753,0.00006267
3754,0.00006304
3755,0.00006128
3756,0.00005896
3757,0.00006324
3758,0.00006588
3759,0.00006706
3760,0.00006629
3761,0.00006267
3762,0.00006180
3763,0.00006324
3764,0.00006412
3765,0.00006278
3766,0.00006071
3767,0.00006407
3768,0.00006510
3769,0.00007352
3770,0.00007987
3771,0.00007388
3772,0.00007011
3773,0.00007259
3774,0.00007450
3775,0.00007021
3776,0.00006691
3777,0.00007150
3778,0.00007666
3779,0.00007605
3780,0.00007718
3781,0.00007429
3782,0.00006990
3783,0.00007295
3784,0.00007682
3785,0.00007543
3786,0.00007687
3787,0.00007682
3788,0.00007651
3789,0.00007697
3790,0.00007697
3791,0.00007981
3792,0.00008338
3793,0.00008384
3794,0.00008678
3795,0.00008740
3796,0.00008833
3797,0.00009128
3798,0.00009391
3799,0.00009763
3800,0.00010031
3801,0.00010372
3802,0.00010521
3803,0.00011141
3804,0.00011497
3805,0.00012215
3806,0.00013113
3807,0.00013273
3808,0.00013748
3809,0.00014724
3810,0.00015808
3811,0.00017006
3812,0.00018307
3813,0.00019308
3814,0.00020248
3815,0.00022793
3816,0.00025457
3817,0.00027512
3818,0.00029799
3819,0.00033020
3820,0.00036551
3821,0.00039954
3822,0.00043634
3823,0.00049251
3824,0.00054925
3825,0.00061213
3826,0.00067661
3827,0.00076092
3828,0.00084450
3829,0.00095240
3830,0.00106087
3831,0.00120439
3832,0.00134920
3833,0.00152736
3834,0.00170537
3835,0.00191884
3836,0.00213289
3837,0.00240325
3838,0.00267445
3839,0.00302777
3840,0.00338260
3841,0.00378007
3842,0.00418172
3843,0.00469561
3844,0.00521007
3845,0.00587646
3846,0.00654383
3847,0.00734528
3848,0.00814827
3849,0.00920940
3850,0.01027135
3851,0.01149484
3852,0.01271848
3853,0.01422550
3854,0.01573407
3855,0.01753908
3856,0.01934972
3857,0.02151740
3858,0.02368735
3859,0.02636520
3860,0.02904399
3861,0.03184099
3862,0.03463640
3863,0.03806056
3864,0.04148193
3865,0.04535570
3866,0.04922974
3867,0.05331988
3868,0.05741172
3869,0.06224879
3870,0.06708637
3871,0.07143232
3872,0.07577780
3873,0.08117899
3874,0.08657997
3875,0.09126345
3876,0.09594590
3877,0.10054579
3878,0.10514393
3879,0.11003758
3880,0.11492716
3881,0.11859009
3882,0.12225230
3883,0.12665581
3884,0.13105798
3885,0.13541296
3886,0.13976655
3887,0.14289602
3888,0.14602364
3889,0.14978374
3890,0.15354476
3891,0.15656722
3892,0.15959014
3893,0.16256536
3894,0.16553975
3895,0.16853949
3896,0.17153913
3897,0.17415658
3898,0.17677434
3899,0.17926649
3900,0.18175782
3901,0.18361110
3902,0.18546314
3903,0.18831322
3904,0.19116113
3905,0.19244848
3906,0.19374331
3907,0.19612829
3908,0.19851213
3909,0.20054011
3910,0.20257006
3911,0.20419076
3912,0.20581053
3913,0.20684213
3914,0.20787305
3915,0.20938678
3916,0.21090258
3917,0.21351280
3918,0.21612318
3919,0.21787976
3920,0.21963665
3921,0.22085658
3922,0.22207821
3923,0.22369768
3924,0.22531533
3925,0.22667847
3926,0.22804254
3927,0.23030191
3928,0.23256071
3929,0.23270434
3930,0.23284837
3931,0.23509411
3932,0.23734120
3933,0.23789035
3934,0.23844135
3935,0.23959432
3936,0.24075834
3937,0.24272044
3938,0.24468291
3939,0.24461838
3940,0.24455318
3941,0.24567610
3942,0.24680031
3943,0.24816267
3944,0.24952514
3945,0.25080578
3946,0.25208611
3947,0.25264564
3948,0.25320661
3949,0.25452179
3950,0.25583820
3951,0.25534290
3952,0.25484440
3953,0.25617083
3954,0.25749902
3955,0.25880971
3956,0.26012106
3957,0.25939468
3958,0.25866784
3959,0.25951353
3960,0.26038704
3961,0.26121569
3962,0.26204481
3963,0.26408090
3964,0.26611523
3965,0.26660790
3966,0.26710119
3967,0.26773273
3968,0.26836665
3969,0.26890093
3970,0.26943629
3971,0.27073330
3972,0.27203015
3973,0.27245885
3974,0.27288689
3975,0.27372896
3976,0.27456820
3977,0.27560898
3978,0.27664956
3979,0.27722963
3980,0.27780996
3981,0.27891415
3982,0.28001817
3983,0.27999484
3984,0.27997093
3985,0.28100707
3986,0.28204202
3987,0.28235978
3988,0.28267858
3989,0.28284636
3990,0.28301513
3991,0.28497099
3992,0.28692716
3993,0.28719122
3994,0.28745622
3995,0.28736701
3996,0.28727883
3997,0.28832339
3998,0.28936515
3999,0.28973299
4000,0.29009979
4001,0.29020981
4002,0.29032148
4003,0.29135767
4004,0.29239133
4005,0.29307863
4006,0.29375168
4007,0.29338431
4008,0.29301590
4009,0.29376066
4010,0.29450573
4011,0.29511606
4012,0.29572282
4013,0.29679267
4014,0.29786319
4015,0.29864977
4016,0.29943547
4017,0.29972845
4018,0.30002246
4019,0.29959938
4020,0.29917801
4021,0.29986092
4022,0.30054404
4023,0.30017992
4024,0.29981291
4025,0.30067099
4026,0.30152876
4027,0.30215927
4028,0.30280010
4029,0.30279350
4030,0.30278983
4031,0.30302881
4032,0.30326892
4033,0.30359969
4034,0.30392989
4035,0.30449948
4036,0.30506897
4037,0.30434202
4038,0.30361507
4039,0.30503511
4040,0.30645632
4041,0.30667537
4042,0.30689680
4043,0.30807197
4044,0.30924868
4045,0.30848389
4046,0.30771920
4047,0.30892860
4048,0.31013800
4049,0.31044595
4050,0.31075126
4051,0.31138663
4052,0.31202313
4053,0.31249602
4054,0.31296980
4055,0.31307527
4056,0.31317377
4057,0.31313826
4058,0.31310480
4059,0.31462499
4060,0.31614497
4061,0.31591652
4062,0.31568606
4063,0.31640485
4064,0.31712390
4065,0.31787186
4066,0.31861957
4067,0.31793629
4068,0.31725018
4069,0.31749386
4070,0.31773774
4071,0.31936598
4072,0.32099695
4073,0.31987383
4074,0.31875157
4075,0.32007790
4076,0.32140475
4077,0.32161466
4078,0.32182468
4079,0.32203567
4080,0.32224574
4081,0.32280568
4082,0.32336464
4083,0.32435059
4084,0.32533573
4085,0.32428183
4086,0.32323061
4087,0.32416804
4088,0.32510625
4089,0.32594987
4090,0.32679479
4091,0.32692091
4092,0.32704760
4093,0.32792984
4094,0.32881229
4095,0.32745865
4096,0.32610583
4097,0.32650940
4098,0.32691456
4099,0.32822535
4100,0.32953588
4101,0.33079773
4102,0.33205958
4103,0.33094032
4104,0.32982003
4105,0.33068379
4106,0.33154424
4107,0.33160532
4108,0.33166866
4109,0.33164115
4110,0.33161435
4111,0.33242777
4112,0.33324213
4113,0.33306768
4114,0.33289876
4115,0.33296469
4116,0.33303134
4117,0.33351988
4118,0.33400790
4119,0.33490243
4120,0.33579411
4121,0.33560036
4122,0.33540666
4123,0.33574688
4124,0.33608575
4125,0.33706371
4126,0.33804378
4127,0.33818358
4128,0.33832163
4129,0.33896298
4130,0.33960537
4131,0.33972695
4132,0.33984843
4133,0.34019654
4134,0.34054579
4135,0.34061688
4136,0.34068467
4137,0.34097114
4138,0.34125483
4139,0.34117961
4140,0.34110480
4141,0.34189633
4142,0.34268844
4143,0.34344615
4144,0.34420310
4145,0.34449959
4146,0.34479566
4147,0.34544104
4148,0.34608518
4149,0.34625405
4150,0.34642225
4151,0.34788394
4152,0.34934528
4153,0.34863800
4154,0.34792953
4155,0.34819515
4156,0.34845860
4157,0.34933604
4158,0.35021265
4159,0.34997543
4160,0.34973831
4161,0.34941993
4162,0.34910026
4163,0.35008487
4164,0.35106706
4165,0.35081275
4166,0.35055731
4167,0.35106185
4168,0.35156722
4169,0.35175493
4170,0.35194254
4171,0.35238467
4172,0.35282943
4173,0.35267697
4174,0.35252395
4175,0.35384677
4176,0.35516861
4177,0.35451786
4178,0.35386639
4179,0.35443598
4180,0.35500258
4181,0.35554662
4182,0.35608931
4183,0.35598462
4184,0.35588240
4185,0.35612597
4186,0.35636830
4187,0.35615188
4188,0.35593516
4189,0.35653325
4190,0.35713216
4191,0.35722158
4192,0.35730749
4193,0.35744161
4194,0.35757666
4195,0.35965570
4196,0.36173500
4197,0.36027001
4198,0.35881074
4199,0.36021172
4200,0.36161415
4201,0.36165008
4202,0.36168312
4203,0.36156489
4204,0.36144605
4205,0.36176639
4206,0.36208301
4207,0.36250160
4208,0.36291957
4209,0.36270485
4210,0.36249081
4211,0.36374843
4212,0.36500594
4213,0.36501704
4214,0.36502679
4215,0.36491642
4216,0.36480470
4217,0.36521755
4218,0.36562927
4219,0.36673743
4220,0.36784584
4221,0.36804574
4222,0.36824744
4223,0.36803500
4224,0.36782607
4225,0.36918214
4226,0.37054001
4227,0.37080919
4228,0.37107930
4229,0.37045829
4230,0.36983547
4231,0.37097119
4232,0.37210924
4233,0.37234729
4234,0.37258503
4235,0.37361998
4236,0.37465787
4237,0.37458993
4238,0.37452287
4239,0.37371864
4240,0.37291600
4241,0.37407522
4242,0.37523722
4243,0.37496417
4244,0.37469184
4245,0.37545214
4246,0.37621048
4247,0.37703098
4248,0.37784837
4249,0.37796427
4250,0.37808307
4251,0.37831869
4252,0.37855612
4253,0.37930976
4254,0.38006288
4255,0.38095478
4256,0.38184688
4257,0.38114868
4258,0.38045096
4259,0.38103980
4260,0.38162741
4261,0.38220423
4262,0.38277966
4263,0.38152153
4264,0.38026427
4265,0.38093542
4266,0.38160996
4267,0.38332421
4268,0.38503676
4269,0.38487656
4270,0.38471621
4271,0.38495096
4272,0.38518415
4273,0.38557992
4274,0.38597501
4275,0.38590010
4276,0.38582354
4277,0.38631291
4278,0.38679917
4279,0.38733010
4280,0.38786123
4281,0.38803067
4282,0.38820207
4283,0.38944347
4284,0.39068720
4285,0.38939014
4286,0.38809432
4287,0.38916144
4288,0.39022777
4289,0.38920114
4290,0.38817517
4291,0.38970356
4292,0.39123320
4293,0.39114657
4294,0.39106061
4295,0.39138265
4296,0.39170712
4297,0.39218647
4298,0.39266613
4299,0.39274502
4300,0.39282478
4301,0.39346484
4302,0.39410527
4303,0.39355550
4304,0.39300831
4305,0.39337816
4306,0.39374693
4307,0.39373454
4308,0.39372313
4309,0.39449468
4310,0.39526727
4311,0.39554590
4312,0.39582246
4313,0.39614760
4314,0.39647243
4315,0.39635235
4316,0.39623438
4317,0.39769458
4318,0.39915447
4319,0.39897532
4320,0.39879530
4321,0.39982674
4322,0.40085555
4323,0.40029917
4324,0.39974094
4325,0.40175467
4326,0.40376701
4327,0.40339138
4328,0.40301544
4329,0.40308869
4330,0.40316082
4331,0.40399819
4332,0.40483805
4333,0.40510666
4334,0.40537661
4335,0.40492065
4336,0.40446706
4337,0.40596577
4338,0.40746784
4339,0.40681208
4340,0.40615359
4341,0.40661094
4342,0.40706949
4343,0.40708322
4344,0.40709468
4345,0.40777217
4346,0.40844822
4347,0.40865560
4348,0.40886324
4349,0.40951822
4350,0.41016939
4351,0.41038436
4352,0.41059773
4353,0.41028647
4354,0.40997202
4355,0.41106711
4356,0.41216236
4357,0.41245281
4358,0.41274342
4359,0.41298699
4360,0.41323160
4361,0.41386252
4362,0.41449189
4363,0.41568689
4364,0.41688121
4365,0.41603459
4366,0.41518849
4367,0.41507233
4368,0.41495607
4369,0.41481239
4370,0.41466970
4371,0.41619954
4372,0.41772932
4373,0.41825065
4374,0.41877532
4375,0.41763738
4376,0.41649819
4377,0.41822592
4378,0.41995524
4379,0.41957687
4380,0.41919923
4381,0.41887336
4382,0.41855044
4383,0.41836675
4384,0.41817858
4385,0.41926087
4386,0.42034481
4387,0.42104522
4388,0.42174435
4389,0.42119520
4390,0.42064688
4391,0.42202375
4392,0.42340134
4393,0.42300310
4394,0.42260207
4395,0.42250413
4396,0.42240361
4397,0.42271755
4398,0.42303051
4399,0.42354378
4400,0.42405684
4401,0.42374471
4402,0.42343345
4403,0.42445818
4404,0.42548157
4405,0.42614166
4406,0.42680594
4407,0.42576180
4408,0.42471874
4409,0.42609277
4410,0.42746634
4411,0.42633949
4412,0.42521224
4413,0.42724022
4414,0.42926809
4415,0.42893650
4416,0.42860563
4417,0.42874435
4418,0.42888203
4419,0.42895741
4420,0.42902999
4421,0.42962974
4422,0.43023030
4423,0.43051363
4424,0.43079726
4425,0.43063779
4426,0.43047827
4427,0.43064326
4428,0.43080852
4429,0.43160341
4430,0.43239974
4431,0.43277011
4432,0.43314130
4433,0.43383593
4434,0.43453118
4435,0.43466562
4436,0.43479768
4437,0.43543480
4438,0.43607290
4439,0.43575865
4440,0.43544440
4441,0.43504032
4442,0.43463201
4443,0.43601162
4444,0.43739050
4445,0.43776402
4446,0.43813769
4447,0.43918059
4448,0.44022359
4449,0.44048993
4450,0.44075545
4451,0.44115209
4452,0.44154910
4453,0.44137130
4454,0.44119205
4455,0.44176505
4456,0.44233598
4457,0.44183459
4458,0.44133402
4459,0.44303480
4460,0.44473696
4461,0.44471347
4462,0.44468900
4463,0.44461807
4464,0.44455028
4465,0.44589757
4466,0.44724337
4467,0.44698358
4468,0.44672550
4469,0.44760186
4470,0.44847883
4471,0.44900212
4472,0.44952447
4473,0.45001156
4474,0.45049680
4475,0.45058074
4476,0.45066495
4477,0.45082814
4478,0.45099128
4479,0.45015039
4480,0.44931270
4481,0.44951879
4482,0.44972535
4483,0.45051384
4484,0.45130268
4485,0.45113304
4486,0.45096133
4487,0.45123898
4488,0.45151688
4489,0.45137677
4490,0.45123691
4491,0.45150392
4492,0.45177068
4493,0.45156458
4494,0.45135927
4495,0.45263170
4496,0.45389319
4497,0.45333557
4498,0.45277790
4499,0.45239917
4500,0.45202065
4501,0.45349835
4502,0.45497414
4503,0.45319184
4504,0.45140625
4505,0.45336396
4506,0.45531647
4507,0.45525916
4508,0.45519871
4509,0.45483216
4510,0.45446639
4511,0.45507543
4512,0.45568467
4513,0.45538069
4514,0.45507827
4515,0.45559484
4516,0.45611100
4517,0.45612256
4518,0.45613573
4519,0.45716438
4520,0.45819313
4521,0.45797945
4522,0.45776809
4523,0.45819231
4524,0.45861781
4525,0.45875787
4526,0.45889763
4527,0.45892519
4528,0.45895509
4529,0.45834063
4530,0.45772938
4531,0.45922607
4532,0.46072411
4533,0.46043485
4534,0.46014868
4535,0.46022117
4536,0.46029241
4537,0.46116128
4538,0.46202984
4539,0.46233965
4540,0.46264801
4541,0.46313800
4542,0.46362716
4543,0.46452359
4544,0.46542112
4545,0.46413397
4546,0.46284739
4547,0.46378678
4548,0.46472891
4549,0.46575379
4550,0.46677940
4551,0.46728338
4552,0.46778616
4553,0.46731580
4554,0.46684259
4555,0.46838539
4556,0.46992349
4557,0.46983366
4558,0.46974610
4559,0.47002700
4560,0.47029902
4561,0.47064584
4562,0.47099179
4563,0.47065416
4564,0.47031461
4565,0.47209133
4566,0.47386748
4567,0.47321848
4568,0.47256902
4569,0.47345343
4570,0.47434006
4571,0.47389210
4572,0.47344316
4573,0.47389417
4574,0.47434657
4575,0.47482210
4576,0.47529737
4577,0.47599670
4578,0.47669597
4579,0.47647605
4580,0.47625803
4581,0.47624300
4582,0.47622829
4583,0.47699701
4584,0.47776665
4585,0.47740413
4586,0.47703924
4587,0.47716366
4588,0.47728921
4589,0.47775534
4590,0.47822163
4591,0.47770867
4592,0.47719551
4593,0.47698095
4594,0.47676453
4595,0.47793061
4596,0.47909587
4597,0.47850764
4598,0.47791941
4599,0.47822716
4600,0.47853402
4601,0.47846107
4602,0.47838849
4603,0.47809463
4604,0.47780036
4605,0.47762953
4606,0.47746056
4607,0.47759969
4608,0.47773738
4609,0.47800207
4610,0.47826479
4611,0.47719974
4612,0.47613335
4613,0.47745178
4614,0.47876846
4615,0.47967558
4616,0.48058105
4617,0.47938095
4618,0.47818245
4619,0.47870150
4620,0.47922112
4621,0.47958771
4622,0.47995338
4623,0.47982984
4624,0.47970444
4625,0.47978807
4626,0.47987248
4627,0.48022716
4628,0.48058116
4629,0.47997925
4630,0.47937883
4631,0.47877398
4632,0.47817186
4633,0.47921378
4634,0.48025725
4635,0.48062256
4636,0.48098880
4637,0.48153934
4638,0.48208890
4639,0.48237088
4640,0.48265395
4641,0.48217445
4642,0.48169566
4643,0.48281920
4644,0.48394409
4645,0.48434972
4646,0.48475462
4647,0.48397816
4648,0.48320165
4649,0.48435173
4650,0.48550108
4651,0.48628219
4652,0.48706484
4653,0.48652122
4654,0.48597904
4655,0.48615307
4656,0.48632318
4657,0.48779009
4658,0.48925741
4659,0.48937837
4660,0.48949943
4661,0.48980883
4662,0.49011993
4663,0.48995271
4664,0.48978575
4665,0.49182674
4666,0.49386706
4667,0.49418477
4668,0.49450444
4669,0.49465684
4670,0.49480811
4671,0.49486913
4672,0.49493082
4673,0.49546846
4674,0.49600620
4675,0.49637486
4676,0.49674171
4677,0.49743893
4678,0.49813691
4679,0.49806908
4680,0.49800232
4681,0.49895658
4682,0.49991074
4683,0.49989463
4684,0.49987863
4685,0.50054084
4686,0.50120021
4687,0.50036076
4688,0.49952230
4689,0.50084548
4690,0.50217011
4691,0.50205565
4692,0.50193831
4693,0.50300842
4694,0.50407728
4695,0.50269995
4696,0.50132003
4697,0.50209164
4698,0.50285994
4699,0.50382334
4700,0.50478658
4701,0.50403005
4702,0.50327290
4703,0.50343619
4704,0.50360201
4705,0.50272999
4706,0.50185426
4707,0.50285256
4708,0.50385524
4709,0.50345096
4710,0.50304466
4711,0.50364290
4712,0.50424125
4713,0.50459618
4714,0.50494941
4715,0.50385271
4716,0.50275199
4717,0.50338906
4718,0.50402953
4719,0.50300268
4720,0.50197630
4721,0.50307223
4722,0.50416820
4723,0.50354461
4724,0.50291874
4725,0.50295638
4726,0.50299272
4727,0.50323660
4728,0.50347765
4729,0.50351115
4730,0.50353123
4731,0.50194275
4732,0.50035509
4733,0.50088271
4734,0.50141167
4735,0.50124058
4736,0.50106913
4737,0.50213629
4738,0.50320274
4739,0.50265359
4740,0.50210382
4741,0.50145049
4742,0.50079711
4743,0.50222318
4744,0.50364667
4745,0.50318668
4746,0.50272421
4747,0.50301828
4748,0.50331306
4749,0.50266825
4750,0.50202426
4751,0.50257703
4752,0.50313087
4753,0.50315813
4754,0.50318735
4755,0.50319737
4756,0.50320764
4757,0.50442204
4758,0.50563588
4759,0.50512824
4760,0.50462075
4761,0.50550991
4762,0.50639886
4763,0.50707620
4764,0.50775106
4765,0.50708193
4766,0.50641296
4767,0.50806624
4768,0.50972189
4769,0.50904812
4770,0.50837568
4771,0.51003154
4772,0.51168797
4773,0.51147439
4774,0.51125968
4775,0.51305963
4776,0.51485823
4777,0.51344233
4778,0.51202457
4779,0.51221296
4780,0.51240186
4781,0.51201296
4782,0.51162303
4783,0.51315132
4784,0.51468064
4785,0.51538647
4786,0.51609319
4787,0.51645436
4788,0.51681631
4789,0.51752060
4790,0.51822550
4791,0.51826701
4792,0.51830769
4793,0.51953469
4794,0.52075772
4795,0.52051580
4796,0.52027217
4797,0.52138756
4798,0.52250552
4799,0.52210243
4800,0.52170119
4801,0.52155235
4802,0.52140568
4803,0.52193924
4804,0.52247104
4805,0.52272003
4806,0.52296825
4807,0.52287450
4808,0.52278059
4809,0.52236665
4810,0.52195152
4811,0.52311652
4812,0.52427930
4813,0.52364502
4814,0.52301033
4815,0.52337992
4816,0.52374946
4817,0.52374208
4818,0.52373480
4819,0.52355756
4820,0.52338126
4821,0.52298482
4822,0.52258616
4823,0.52344342
4824,0.52429886
4825,0.52435725
4826,0.52441280
4827,0.52407842
4828,0.52374393
4829,0.52292772
4830,0.52210934
4831,0.52227145
4832,0.52243547
4833,0.52184290
4834,0.52124972
4835,0.52190382
4836,0.52255736
4837,0.52229701
4838,0.52203593
4839,0.52272112
4840,0.52340857
4841,0.52282173
4842,0.52223418
4843,0.52156536
4844,0.52089541
4845,0.52142643
4846,0.52195622
4847,0.52188585
4848,0.52181492
4849,0.51989928
4850,0.51798384
4851,0.51817377
4852,0.51836242
4853,0.51937388
4854,0.52038709
4855,0.52046923
4856,0.52055374
4857,0.52046113
4858,0.52036995
4859,0.51988043
4860,0.51939081
4861,0.52057971
4862,0.52176825
4863,0.52113975
4864,0.52051224
4865,0.52018926
4866,0.51986598
4867,0.51990263
4868,0.51993702
4869,0.52051208
4870,0.52108456
4871,0.52122334
4872,0.52136030
4873,0.52158307
4874,0.52180599
4875,0.52249499
4876,0.52318400
4877,0.52407197
4878,0.52496061
4879,0.52446329
4880,0.52396732
4881,0.52418580
4882,0.52440062
4883,0.52390010
4884,0.52339804
4885,0.52499587
4886,0.52659334
4887,0.52620356
4888,0.52581415
4889,0.52763516
4890,0.52945436
4891,0.52935008
4892,0.52924605
4893,0.52893118
4894,0.52861812
4895,0.52812953
4896,0.52764239
4897,0.52904879
4898,0.53045550
4899,0.53133650
4900,0.53221864
4901,0.53228936
4902,0.53236169
4903,0.53216913
4904,0.53197863
4905,0.53342561
4906,0.53486954
4907,0.53501378
4908,0.53514290
4909,0.53530537
4910,0.53546469
4911,0.53558916
4912,0.53571363
4913,0.53616882
4914,0.53662261
4915,0.53699035
4916,0.53735581
4917,0.53855039
4918,0.53974306
4919,0.53924806
4920,0.53875178
4921,0.53909396
4922,0.53943567
4923,0.53839288
4924,0.53735178
4925,0.53799773
4926,0.53864135
4927,0.53953944
4928,0.54043511
4929,0.54066438
4930,0.54089272
4931,0.53962370
4932,0.53835581
4933,0.53794925
4934,0.53754280
4935,0.53820733
4936,0.53887243
4937,0.53872555
4938,0.53857713
4939,0.53899938
4940,0.53942184
4941,0.53878570
4942,0.53814874
4943,0.53728518
4944,0.53642457
4945,0.53651900
4946,0.53661533
4947,0.53643536
4948,0.53625307
4949,0.53605488
4950,0.53585576
4951,0.53659763
4952,0.53733975
4953,0.53609530
4954,0.53485323
4955,0.53506649
4956,0.53527832
4957,0.53566722
4958,0.53605622
4959,0.53488936
4960,0.53372272
4961,0.53402266
4962,0.53432359
4963,0.53296035
4964,0.53159721
4965,0.53225183
4966,0.53290738
4967,0.53161662
4968,0.53032850
4969,0.53083495
4970,0.53133955
4971,0.53160449
4972,0.53187037
4973,0.53176025
4974,0.53165178
4975,0.53142173
4976,0.53119205
4977,0.53131110
4978,0.53143175
4979,0.53183573
4980,0.53223934
4981,0.53174760
4982,0.53125674
4983,0.53114574
4984,0.53103418
4985,0.53052628
4986,0.53001724
4987,0.53016340
4988,0.53031208
4989,0.53043862
4990,0.53056366
4991,0.53083077
4992,0.53109680
4993,0.53153511
4994,0.53197274
4995,0.53233970
4996,0.53270356
4997,0.53232540
4998,0.53194812
4999,0.53148064
5000,0.53101487
5001,0.53075854
5002,0.53050263
5003,0.53086820
5004,0.53123660
5005,0.53286267
5006,0.53448766
5007,0.53469303
5008,0.53489979
5009,0.53516799
5010,0.53543604
5011,0.53566846
5012,0.53589948
5013,0.53675617
5014,0.53761027
5015,0.53767718
5016,0.53774223
5017,0.53846897
5018,0.53919680
5019,0.53919081
5020,0.53918415
5021,0.53847873
5022,0.53777104
5023,0.53892747
5024,0.54008503
5025,0.53992101
5026,0.53975632
5027,0.54023103
5028,0.54070614
5029,0.54134006
5030,0.54197223
5031,0.54215457
5032,0.54232901
5033,0.54270774
5034,0.54308482
5035,0.54264182
5036,0.54219819
5037,0.54255483
5038,0.54290929
5039,0.54367212
5040,0.54443227
5041,0.54379633
5042,0.54315891
5043,0.54419303
5044,0.54522437
5045,0.54502731
5046,0.54483242
5047,0.54557832
5048,0.54632581
5049,0.54599670
5050,0.54566603
5051,0.54476701
5052,0.54386691
5053,0.54462334
5054,0.54537914
5055,0.54521456
5056,0.54504548
5057,0.54510268
5058,0.54515973
5059,0.54513025
5060,0.54510165
5061,0.54499747
5062,0.54489411
5063,0.54402008
5064,0.54314688
5065,0.54409917
5066,0.54505023
5067,0.54456551
5068,0.54408214
5069,0.54374218
5070,0.54340098
5071,0.54317083
5072,0.54294047
5073,0.54284264
5074,0.54274548
5075,0.54355906
5076,0.54437253
5077,0.54200253
5078,0.53963098
5079,0.54084595
5080,0.54205798
5081,0.54116319
5082,0.54027078
5083,0.53999850
5084,0.53972994
5085,0.54001631
5086,0.54030367
5087,0.53859964
5088,0.53689592
5089,0.53737945
5090,0.53786164
5091,0.53848854
5092,0.53911420
5093,0.53832447
5094,0.53753273
5095,0.53788622
5096,0.53824140
5097,0.53730578
5098,0.53636789
5099,0.53574703
5100,0.53512432
5101,0.53518085
5102,0.53523645
5103,0.53597228
5104,0.53670712
5105,0.53632901
5106,0.53595302
5107,0.53670764
5108,0.53746247
5109,0.53663867
5110,0.53581766
5111,0.53563371
5112,0.53544770
5113,0.53539231
5114,0.53533784
5115,0.53591280
5116,0.53648591
5117,0.53596231
5118,0.53544047
5119,0.53651807
5120,0.53759675
5121,0.53737837
5122,0.53715891
5123,0.53634719
5124,0.53553433
5125,0.53636546
5126,0.53719572
5127,0.53746386
5128,0.53773227
5129,0.53718668
5130,0.53664171
5131,0.53696520
5132,0.53728906
5133,0.53759055
5134,0.53788301
5135,0.53761053
5136,0.53733862
5137,0.53809556
5138,0.53885080
5139,0.53827749
5140,0.53770072
5141,0.53888172
5142,0.54006495
5143,0.53937697
5144,0.53869066
5145,0.53961802
5146,0.54054306
5147,0.54026035
5148,0.53997858
5149,0.54013665
5150,0.54029251
5151,0.54012969
5152,0.53996541
5153,0.54090893
5154,0.54185261
5155,0.54208234
5156,0.54231378
5157,0.54269845
5158,0.54308271
5159,0.54285168
5160,0.54262173
5161,0.54246665
5162,0.54231105
5163,0.54283970
5164,0.54336763
5165,0.54354574
5166,0.54371982
5167,0.54394791
5168,0.54417976
5169,0.54305059
5170,0.54191859
5171,0.54102194
5172,0.54012442
5173,0.54209742
5174,0.54407104
5175,0.54191456
5176,0.53975849
5177,0.54063918
5178,0.54152380
5179,0.54216076
5180,0.54279814
5181,0.54266329
5182,0.54253067
5183,0.54057692
5184,0.53862432
5185,0.53966536
5186,0.54070516
5187,0.54045338
5188,0.54020294
5189,0.54024445
5190,0.54028684
5191,0.54059917
5192,0.54091239
5193,0.54005813
5194,0.53920490
5195,0.53945932
5196,0.53971477
5197,0.53938477
5198,0.53905514
5199,0.53772344
5200,0.53639344
5201,0.53682891
5202,0.53726717
5203,0.53754393
5204,0.53782215
5205,0.53757336
5206,0.53732845
5207,0.53578570
5208,0.53424233
5209,0.53521100
5210,0.53618049
5211,0.53649432
5212,0.53680645
5213,0.53711425
5214,0.53742251
5215,0.53657207
5216,0.53571988
5217,0.53568327
5218,0.53564553
5219,0.53616422
5220,0.53668379
5221,0.53615390
5222,0.53562390
5223,0.53616562
5224,0.53670361
5225,0.53583149
5226,0.53495798
5227,0.53523175
5228,0.53550490
5229,0.53434187
5230,0.53317692
5231,0.53351275
5232,0.53385008
5233,0.53475989
5234,0.53567031
5235,0.53565792
5236,0.53564615
5237,0.53514641
5238,0.53464579
5239,0.53456489
5240,0.53448260
5241,0.53496190
5242,0.53544053
5243,0.53578725
5244,0.53613294
5245,0.53459695
5246,0.53306200
5247,0.53368751
5248,0.53431497
5249,0.53535096
5250,0.53638875
5251,0.53613908
5252,0.53589019
5253,0.53562602
5254,0.53536391
5255,0.53584843
5256,0.53633696
5257,0.53627093
5258,0.53620929
5259,0.53620826
5260,0.53620981
5261,0.53553588
5262,0.53486422
5263,0.53363779
5264,0.53241229
5265,0.53398131
5266,0.53555090
5267,0.53551998
5268,0.53548962
5269,0.53553877
5270,0.53558833
5271,0.53554321
5272,0.53549442
5273,0.53532173
5274,0.53514677
5275,0.53508353
5276,0.53501735
5277,0.53426799
5278,0.53351926
5279,0.53412648
5280,0.53473397
5281,0.53454017
5282,0.53434667
5283,0.53455953
5284,0.53477052
5285,0.53513025
5286,0.53548993
5287,0.53491559
5288,0.53434393
5289,0.53464440
5290,0.53494264
5291,0.53479148
5292,0.53463867
5293,0.53488425
5294,0.53512881
5295,0.53396314
5296,0.53279670
5297,0.53282586
5298,0.53285405
5299,0.53361151
5300,0.53436902
5301,0.53400253
5302,0.53363593
5303,0.53332623
5304,0.53301822
5305,0.53280723
5306,0.53259597
5307,0.53263733
5308,0.53267713
5309,0.53370490
5310,0.53472974
5311,0.53364574
5312,0.53256273
5313,0.53313139
5314,0.53370150
5315,0.53413836
5316,0.53457429
5317,0.53340650
5318,0.53223841
5319,0.53335906
5320,0.53448121
5321,0.53361456
5322,0.53274982
5323,0.53308823
5324,0.53342705
5325,0.53407212
5326,0.53471595
5327,0.53473361
5328,0.53475431
5329,0.53480625
5330,0.53485880
5331,0.53517088
5332,0.53548203
5333,0.53543552
5334,0.53538591
5335,0.53458400
5336,0.53378183
5337,0.53352870
5338,0.53327703
5339,0.53419685
5340,0.53511673
5341,0.53530645
5342,0.53549479
5343,0.53508606
5344,0.53467852
5345,0.53500010
5346,0.53532354
5347,0.53454063
5348,0.53375643
5349,0.53407331
5350,0.53439112
5351,0.53454935
5352,0.53470965
5353,0.53389375
5354,0.53307796
5355,0.53383407
5356,0.53459024
5357,0.53433443
5358,0.53407806
5359,0.53370072
5360,0.53332081
5361,0.53338007
5362,0.53344042
5363,0.53290449
5364,0.53236686
5365,0.53307243
5366,0.53377842
5367,0.53283418
5368,0.53188885
5369,0.53078080
5370,0.52967377
5371,0.52930392
5372,0.52893175
5373,0.52901125
5374,0.52909226
5375,0.52861647
5376,0.52813872
5377,0.52759530
5378,0.52705008
5379,0.52746123
5380,0.52787336
5381,0.52714140
5382,0.52640872
5383,0.52629768
5384,0.52618684
5385,0.52549401
5386,0.52480067
5387,0.52445772
5388,0.52411358
5389,0.52501982
5390,0.52592137
5391,0.52451740
5392,0.52311368
5393,0.52212013
5394,0.52112788
5395,0.52167966
5396,0.52223165
5397,0.52201456
5398,0.52179644
5399,0.52128699
5400,0.52077806
5401,0.52095416
5402,0.52112932
5403,0.52112452
5404,0.52112158
5405,0.52084750
5406,0.52057186
5407,0.52004667
5408,0.51952142
5409,0.51951131
5410,0.51950114
5411,0.52054466
5412,0.52158890
5413,0.52178301
5414,0.52197785
5415,0.52125333
5416,0.52052917
5417,0.52116980
5418,0.52181172
5419,0.52072519
5420,0.51964032
5421,0.52018322
5422,0.52072390
5423,0.52057207
5424,0.52041554
5425,0.52128069
5426,0.52214450
5427,0.52190986
5428,0.52167217
5429,0.52137481
5430,0.52107589
5431,0.52164615
5432,0.52221859
5433,0.52062716
5434,0.51903480
5435,0.51975421
5436,0.52047310
5437,0.52044946
5438,0.52042519
5439,0.52066288
5440,0.52089886
5441,0.52111817
5442,0.52133856
5443,0.52041657
5444,0.51949572
5445,0.51859370
5446,0.51769055
5447,0.51749602
5448,0.51730186
5449,0.51785591
5450,0.51840986
5451,0.51764966
5452,0.51688720
5453,0.51598993
5454,0.51509339
5455,0.51463351
5456,0.51417796
5457,0.51411724
5458,0.51405731
5459,0.51138260
5460,0.50870795
5461,0.50787796
5462,0.50704610
5463,0.50595214
5464,0.50485901
5465,0.50148152
5466,0.49810222
5467,0.49675736
5468,0.49541064
5469,0.49107811
5470,0.48674708
5471,0.48141156
5472,0.47607878
5473,0.47218229
5474,0.46828668
5475,0.46203552
5476,0.45578467
5477,0.44994486
5478,0.44410723
5479,0.43638255
5480,0.42865829
5481,0.42018472
5482,0.41170800
5483,0.40313046
5484,0.39455194
5485,0.38460965
5486,0.37466840
5487,0.36368622
5488,0.35270372
5489,0.34136273
5490,0.33002168
5491,0.31911151
5492,0.30820423
5493,0.29480403
5494,0.28140341
5495,0.26998632
5496,0.25856856
5497,0.24603273
5498,0.23350067
5499,0.22106701
5500,0.20863480
5501,0.19726169
5502,0.18589350
5503,0.17419246
5504,0.16249541
5505,0.15264522
5506,0.14279592
5507,0.13340062
5508,0.12400754
5509,0.11533547
5510,0.10666288
5511,0.09894239
5512,0.09122256
5513,0.08421750
5514,0.07721218
5515,0.07163206
5516,0.06605539
5517,0.06099649
5518,0.05593655
5519,0.05167233
5520,0.04740924
5521,0.04364249
5522,0.03987398
5523,0.03680718
5524,0.03374084
5525,0.03127341
5526,0.02880805
5527,0.02649628
5528,0.02418178
5529,0.02237062
5530,0.02055772
5531,0.01897011
5532,0.01738301
5533,0.01608420
5534,0.01478678
5535,0.01367558
5536,0.01256174
5537,0.01161507
5538,0.01066954
5539,0.00987424
5540,0.00908018
5541,0.00838926
5542,0.00769670
5543,0.00716154
5544,0.00662602
5545,0.00616484
5546,0.00570258
5547,0.00528467
5548,0.00486809
5549,0.00455689
5550,0.00424507
5551,0.00396014
5552,0.00367455
5553,0.00344388
5554,0.00321048
5555,0.00300676
5556,0.00280067
5557,0.00262210
5558,0.00244125
5559,0.00229453
5560,0.00214657
5561,0.00200712
5562,0.00186964
5563,0.00175994
5564,0.00165152
5565,0.00154879
5566,0.00144311
5567,0.00135761
5568,0.00127352
5569,0.00120093
5570,0.00112648
5571,0.00105947
5572,0.00099267
5573,0.00094208
5574,0.00089195
5575,0.00084342
5576,0.00079494
5577,0.00075385
5578,0.00070950
5579,0.00067759
5580,0.00064393
5581,0.00061198
5582,0.00057754
5583,0.00055736
5584,0.00053268
5585,0.00050929
5586,0.00048172
5587,0.00046360
5588,0.00044202
5589,0.00042561
5590,0.00040842
5591,0.00039195
5592,0.00037290
5593,0.00036076
5594,0.00034347
5595,0.00033258
5596,0.00031833
5597,0.00031017
5598,0.00029933
5599,0.00028916
5600,0.00027589
5601,0.00026768
5602,0.00025829
5603,0.00025126
5604,0.00024078
5605,0.00023459
5606,0.00022679
5607,0.00022421
5608,0.00021766
5609,0.00021141
5610,0.00020253
5611,0.00020062
5612,0.00019633
5613,0.00019195
5614,0.00018585
5615,0.00018141
5616,0.00017574
5617,0.00017537
5618,0.00017037
5619,0.00017006
5620,0.00016613
5621,0.00016190
5622,0.00015581
5623,0.00015663
5624,0.00015256
5625,0.00015054
5626,0.00014812
5627,0.00014688
5628,0.00014476
5629,0.00014306
5630,0.00014156
5631,0.00013862
5632,0.00013655
5633,0.00013335
5634,0.00013170
5635,0.00013030
5636,0.00013139
5637,0.00012891
5638,0.00012834
5639,0.00012685
5640,0.00012323
5641,0.00012173
5642,0.00012158
5643,0.00011988
5644,0.00011822
5645,0.00011729
5646,0.00011791
5647,0.00011755
5648,0.00011595
5649,0.00011487
5650,0.00011301
5651,0.00011332
5652,0.00011347
5653,0.00011131
5654,0.00010914
5655,0.00011094
5656,0.00011038
5657,0.00011074
5658,0.00011053
5659,0.00010976
5660,0.00011064
5661,0.00010774
5662,0.00010589
5663,0.00010852
5664,0.00010888
5665,0.00010697
5666,0.00010578
5667,0.00010620
5668,0.00010681
5669,0.00010480
5670,0.00010294
5671,0.00010521
5672,0.00010640
5673,0.00010671
5674,0.00010428
5675,0.00010346
5676,0.00010299
5677,0.00010346
5678,0.00010274
5679,0.00010418
5680,0.00010542
5681,0.00010403
5682,0.00010403
5683,0.00010289
5684,0.00009948
5685,0.00010268
5686,0.00010408
5687,0.00010263
5688,0.00010077
5689,0.00010201
5690,0.00010351
5691,0.00010392
5692,0.00010470
5693,0.00010201
5694,0.00010010
5695,0.00010207
5696,0.00010000
5697,0.00010098
5698,0.00010052
5699,0.00010196
5700,0.00010139
5701,0.00010083
5702,0.00009928
5703,0.00010098
5704,0.00009866
5705,0.00010046
5706,0.00009990
5707,0.00010139
5708,0.00009959
5709,0.00010031
5710,0.00009948
5711,0.00010083
5712,0.00009897
5713,0.00010083
5714,0.00009954
5715,0.00009964
5716,0.00009892
5717,0.00010067
5718,0.00009969
5719,0.00010052
5720,0.00009943
5721,0.00010088
5722,0.00009907
5723,0.00009995
5724,0.00009923
5725,0.00009866
5726,0.00009747
5727,0.00009979
5728,0.00010005
5729,0.00010036
5730,0.00009912
5731,0.00010041
5732,0.00009954
5733,0.00009928
5734,0.00009706
5735,0.00009959
5736,0.00009768
5737,0.00010062
5738,0.00010031
5739,0.00010052
5740,0.00009881
5741,0.00010062
5742,0.00009866
5743,0.00010015
5744,0.00009912
5745,0.00010083
5746,0.00009969
5747,0.00010015
5748,0.00009974
5749,0.00010031
5750,0.00010005
5751,0.00010036
5752,0.00009742
5753,0.00010077
5754,0.00010021
5755,0.00010005
5756,0.00009742
5757,0.00009814
5758,0.00009664
5759,0.00009824
5760,0.00009835
5761,0.00010031
5762,0.00009881
5763,0.00009990
5764,0.00009778
5765,0.00009990
5766,0.00009871
5767,0.00009954
5768,0.00009840
5769,0.00009928
5770,0.00009628
5771,0.00009892
5772,0.00009788
5773,0.00009907
5774,0.00009814
5775,0.00009933
5776,0.00009628
5777,0.00009938
5778,0.00009933
5779,0.00009938
5780,0.00009969
5781,0.00010005
5782,0.00009886
5783,0.00010005
5784,0.00009917
5785,0.00010083
5786,0.00009907
5787,0.00009995
5788,0.00009726
5789,0.00009824
5790,0.00009773
5791,0.00009974
5792,0.00009933
5793,0.00009917
5794,0.00009876
5795,0.00010036
5796,0.00009845
5797,0.00010021
5798,0.00009917
5799,0.00009985
5800,0.00009763
5801,0.00009871
5802,0.00009793
5803,0.00010077
5804,0.00010232
5805,0.00010098
5806,0.00010129
5807,0.00010072
5808,0.00010196
5809,0.00010114
5810,0.00010336
5811,0.00010129
5812,0.00010114
5813,0.00009974
5814,0.00009943
5815,0.00010077
5816,0.00010222
5817,0.00010083
5818,0.00010088
5819,0.00010077
5820,0.00010341
5821,0.00010067
5822,0.00010041
5823,0.00010067
5824,0.00010093
5825,0.00009964
5826,0.00009907
5827,0.00009990
5828,0.00010119
5829,0.00009943
5830,0.00009840
5831,0.00010015
5832,0.00010114
5833,0.00009990
5834,0.00009907
5835,0.00010021
5836,0.00010207
5837,0.00010114
5838,0.00010176
5839,0.00010046
5840,0.00010207
5841,0.00010150
5842,0.00010336
5843,0.00010036
5844,0.00010098
5845,0.00010067
5846,0.00010181
5847,0.00010015
5848,0.00009959
5849,0.00010031
5850,0.00010248
5851,0.00010098
5852,0.00010036
5853,0.00010067
5854,0.00010041
5855,0.00010031
5856,0.00010010
5857,0.00009990
5858,0.00010072
5859,0.00010145
5860,0.00010005
5861,0.00009979
5862,0.00009943
5863,0.00010134
5864,0.00010114
5865,0.00010155
5866,0.00010098
5867,0.00010026
5868,0.00010083
5869,0.00010057
5870,0.00010227
5871,0.00010165
5872,0.00010237
5873,0.00010134
5874,0.00010279
5875,0.00010031
5876,0.00009995
5877,0.00010041
5878,0.00010067
5879,0.00010165
5880,0.00010181
5881,0.00010186
5882,0.00010005
5883,0.00010072
5884,0.00010284
5885,0.00010083
5886,0.00010232
5887,0.00010036
5888,0.00009897
5889,0.00009995
5890,0.00010088
5891,0.00010010
5892,0.00010077
5893,0.00010031
5894,0.00010021
5895,0.00010072
5896,0.00010088
5897,0.00010010
5898,0.00010124
5899,0.00010207
5900,0.00010449
5901,0.00010449
5902,0.00010449
5903,0.00010449
5904,0.00010449
5905,0.00010449
5906,0.00010449
5907,0.00010449
5908,0.00010449
5909,0.00010449
5910,0.00010449
5911,0.00010449
5912,0.00010449
5913,0.00010449
5914,0.00010449
5915,0.00010449
5916,0.00010449
5917,0.00010449
5918,0.00010449
5919,0.00010449
5920,0.00010449
5921,0.00010449
5922,0.00010449
5923,0.00010449
5924,0.00010449
5925,0.00010449
5926,0.00010449
5927,0.00010449
5928,0.00010449
5929,0.00010449
5930,0.00010449
5931,0.00010449
5932,0.00010449
5933,0.00010449
5934,0.00010449
5935,0.00010449
5936,0.00010449
5937,0.00010449
5938,0.00010449
5939,0.00010449
5940,0.00010449
5941,0.00010454
5942,0.00010454
5943,0.00010454
5944,0.00010454
5945,0.00010454
5946,0.00010454
5947,0.00010454
5948,0.00010454
5949,0.00010454
5950,0.00010454
5951,0.00010454
5952,0.00010454
5953,0.00010454
5954,0.00010454
5955,0.00010454
5956,0.00010454
5957,0.00010454
5958,0.00010454
5959,0.00010454
5960,0.00010454
5961,0.00010454
5962,0.00010454
5963,0.00010454
5964,0.00010454
5965,0.00010454
5966,0.00010454
5967,0.00010454
5968,0.00010454
5969,0.00010454
5970,0.00010454
5971,0.00010454
5972,0.00010454
5973,0.00010454
5974,0.00010454
5975,0.00010454
5976,0.00010454
5977,0.00010454
5978,0.00010454
5979,0.00010454
5980,0.00010454
5981,0.00010454
5982,0.00010454
5983,0.00010454
5984,0.00010454
5985,0.00010454
5986,0.00010454
5987,0.00010454
5988,0.00010454
5989,0.00010454
5990,0.00010454
5991,0.00010454
5992,0.00010454
5993,0.00010454
5994,0.00010454
5995,0.00010454
5996,0.00010454
5997,0.00010454
5998,0.00010454
5999,0.00010454
6000,0.00010454
6001,0.00010454
6002,0.00010454
6003,0.00010454
6004,0.00010454
6005,0.00010454
6006,0.00010454
6007,0.00010454
6008,0.00010454
6009,0.00010454
6010,0.00010454
6011,0.00010454
6012,0.00010454
6013,0.00010454
6014,0.00010454
6015,0.00010454
6016,0.00010454
6017,0.00010454
6018,0.00010454
6019,0.00010454
6020,0.00010454
6021,0.00010454
6022,0.00010454
6023,0.00010454
6024,0.00010454
6025,0.00010454
6026,0.00010454
6027,0.00010454
6028,0.00010454
6029,0.00010454
6030,0.00010454
6031,0.00010454
6032,0.00010454
6033,0.00010454
6034,0.00010454
6035,0.00010454
6036,0.00010454
6037,0.00010454
6038,0.00010454
6039,0.00010454
6040,0.00010454
6041,0.00010454
6042,0.00010454
6043,0.00010454
6044,0.00010454
6045,0.00010454
6046,0.00010454
6047,0.00010454
6048,0.00010454
6049,0.00010454
6050,0.00010454
6051,0.00010454
6052,0.00010454
6053,0.00010454
6054,0.00010454
6055,0.00010454
6056,0.00010454
6057,0.00010454
6058,0.00010454
6059,0.00010454
6060,0.00010454
6061,0.00010454
6062,0.00010454
6063,0.00010454
6064,0.00010454
6065,0.00010454
6066,0.00010454
6067,0.00010454
6068,0.00010454
6069,0.00010454
6070,0.00010454
6071,0.00010454
6072,0.00010454
6073,0.00010454
6074,0.00010454
6075,0.00010454
6076,0.00010454
6077,0.00010454
6078,0.00010454
6079,0.00010454
6080,0.00010454
6081,0.00010454
6082,0.00010454
6083,0.00010454
6084,0.00010454
6085,0.00010454
6086,0.00010454
6087,0.00010454
6088,0.00010454
6089,0.00010454
6090,0.00010454
6091,0.00010454
6092,0.00010454
6093,0.00010454
6094,0.00010454
6095,0.00010454
6096,0.00010454
6097,0.00010454
6098,0.00010454
6099,0.00010454
6100,0.00010454
6101,0.00010454
6102,0.00010454
6103,0.00010454
6104,0.00011115
6105,0.00011115
6106,0.00011115
6107,0.00011115
6108,0.00011115
6109,0.00011115
6110,0.00011115
6111,0.00011115
6112,0.00011115
6113,0.00011115
6114,0.00011115
6115,0.00011115
6116,0.00011115
6117,0.00011115
6118,0.00011115
6119,0.00011115
6120,0.00011115
6121,0.00011115
6122,0.00011115
6123,0.00011115
6124,0.00011115
6125,0.00011115
6126,0.00011115
6127,0.00011115
6128,0.00011115
6129,0.00011115
6130,0.00011115
6131,0.00011115
6132,0.00011115
6133,0.00011115
6134,0.00011115
6135,0.00011115
6136,0.00011115
6137,0.00011115
6138,0.00011115
6139,0.00011115
6140,0.00011115
6141,0.00011115
6142,0.00011115
6143,0.00011115
6144,0.00011115
6145,0.00011115
6146,0.00011115
6147,0.00011115
6148,0.00011115
6149,0.00011115
6150,0.00011115
6151,0.00011115
6152,0.00011115
6153,0.00011115
6154,0.00011115
6155,0.00011115
6156,0.00011115
6157,0.00011115
6158,0.00011115
6159,0.00011115
6160,0.00011115
6161,0.00011115
6162,0.00011115
6163,0.00011115
6164,0.00011115
6165,0.00011115
6166,0.00011115
6167,0.00011115
6168,0.00011115
6169,0.00011115
6170,0.00011115
6171,0.00011115
6172,0.00011115
6173,0.00011115
6174,0.00011115
6175,0.00011115
6176,0.00011115
6177,0.00011115
6178,0.00011115
6179,0.00011115
6180,0.00011115
6181,0.00011115
6182,0.00011115
6183,0.00011115
6184,0.00011115
6185,0.00011115
6186,0.00011115
6187,0.00011115
6188,0.00011115
6189,0.00011115
6190,0.00011115
6191,0.00011115
6192,0.00011115
6193,0.00011115
6194,0.00011115
6195,0.00011115
6196,0.00011115
6197,0.00011115
6198,0.00011115
6199,0.00011115
6200,0.00011115
6201,0.00011115
6202,0.00011115
6203,0.00011115
6204,0.00011115
6205,0.00011115
6206,0.00011115
6207,0.00011115
6208,0.00011115
6209,0.00011115
6210,0.00011115
6211,0.00011115
6212,0.00011115
6213,0.00011115
6214,0.00011115
6215,0.00011115
6216,0.00011115
6217,0.00011115
6218,0.00011115
6219,0.00011115
6220,0.00011115
6221,0.00011115
6222,0.00011115
6223,0.00011115
6224,0.00011115
6225,0.00011115
6226,0.00011115
6227,0.00011115
6228,0.00011115
6229,0.00011115
6230,0.00011115
6231,0.00011115
6232,0.00011115
6233,0.00011115
6234,0.00011115
6235,0.00011115
6236,0.00011115
6237,0.00011115
6238,0.00011115
6239,0.00011115
6240,0.00011115
6241,0.00011115
6242,0.00011115
6243,0.00011115
6244,0.00011115
6245,0.00011115
6246,0.00011115
6247,0.00011115
6248,0.00011115
6249,0.00011115
6250,0.00011115
6251,0.00011115
6252,0.00011115
6253,0.00011115
6254,0.00011115
6255,0.00011115
6256,0.00011115
6257,0.00011115
6258,0.00011115
6259,0.00011115
6260,0.00011115
6261,0.00011115
6262,0.00011115
6263,0.00011115
6264,0.00011115
6265,0.00011115
6266,0.00011115
6267,0.00011115
6268,0.00011115
6269,0.00011115
6270,0.00011115
6271,0.00011115
6272,0.00011115
6273,0.00011115
6274,0.00011115
6275,0.00011115
6276,0.00011115
6277,0.00011115
6278,0.00011115
6279,0.00011115
6280,0.00011115
6281,0.00011115
6282,0.00011115
6283,0.00011115
6284,0.00011115
6285,0.00011115
6286,0.00011115
6287,0.00011115
6288,0.00011115
6289,0.00011115
6290,0.00011115
6291,0.00011115
6292,0.00011115
6293,0.00011115
6294,0.00011115
6295,0.00011115
6296,0.00011115
6297,0.00011115
6298,0.00011115
6299,0.00011115
6300,0.00011115
6301,0.00011115
6302,0.00011115
6303,0.00011115
6304,0.00011115
6305,0.00011115
6306,0.00011115
6307,0.00011115
6308,0.00011115
6309,0.00011115
6310,0.00011115
6311,0.00011115
6312,0.00011115
6313,0.00011115
6314,0.00011115
6315,0.00011115
6316,0.00011115
6317,0.00011115
6318,0.00011115
6319,0.00011115
6320,0.00011115
6321,0.00011115
6322,0.00011115
6323,0.00011115
6324,0.00011115
6325,0.00011115
6326,0.00011115
6327,0.00011115
6328,0.00011115
6329,0.00011115
6330,0.00011115
6331,0.00011115
6332,0.00011115
6333,0.00011115
6334,0.00011115
6335,0.00011115
6336,0.00011115
6337,0.00011115
6338,0.00011115
6339,0.00011115
6340,0.00011115
6341,0.00011115
6342,0.00011115
6343,0.00011115
6344,0.00011115
6345,0.00011115
6346,0.00011115
6347,0.00011115
6348,0.00011115
6349,0.00011115
6350,0.00011115
6351,0.00011115
6352,0.00011115
6353,0.00011115
6354,0.00011115
6355,0.00011115
6356,0.00011115
6357,0.00011115
6358,0.00011115
6359,0.00011115
6360,0.00011115
6361,0.00011115
6362,0.00011115
6363,0.00011115
6364,0.00011115
6365,0.00011115
6366,0.00011115
6367,0.00011115
6368,0.00011115
6369,0.00011115
6370,0.00011115
6371,0.00011115
6372,0.00011115
6373,0.00011115
6374,0.00011115
6375,0.00011115
6376,0.00011115
6377,0.00011115
6378,0.00011115
6379,0.00011115
6380,0.00011115
6381,0.00011115
6382,0.00011115
6383,0.00011115
6384,0.00011115
6385,0.00011115
6386,0.00011115
6387,0.00011115
6388,0.00011115
6389,0.00011115
6390,0.00011115
6391,0.00011115
6392,0.00011115
6393,0.00011115
6394,0.00011115
6395,0.00011115
6396,0.00011115
6397,0.00011115
6398,0.00011115
6399,0.00011115
6400,0.00011115
6401,0.00011115
6402,0.00011115
6403,0.00011115
6404,0.00011115
6405,0.00011115
6406,0.00011115
6407,0.00011115
6408,0.00011115
6409,0.00011115
6410,0.00011115
6411,0.00011115
6412,0.00011115
6413,0.00011115
6414,0.00011115
6415,0.00011115
6416,0.00011115
6417,0.00011115
6418,0.00011115
6419,0.00011115
6420,0.00011115
6421,0.00011115
6422,0.00011115
6423,0.00011115
6424,0.00011115
6425,0.00011115
6426,0.00011115
6427,0.00011115
6428,0.00011115
6429,0.00011115
6430,0.00011115
6431,0.00011115
6432,0.00011115
6433,0.00011115
6434,0.00011115
6435,0.00011115
6436,0.00011115
6437,0.00011115
6438,0.00011115
6439,0.00011115
6440,0.00011115
6441,0.00011115
6442,0.00011115
6443,0.00011115
6444,0.00011115
6445,0.00011115
6446,0.00011115
6447,0.00011115
6448,0.00011115
6449,0.00011115
6450,0.00011115
6451,0.00011115
6452,0.00011115
6453,0.00011115
6454,0.00011115
6455,0.00011115
6456,0.00011115
6457,0.00011115
6458,0.00011115
6459,0.00011115
6460,0.00011115
6461,0.00011115
6462,0.00011115
6463,0.00011115
6464,0.00011115
6465,0.00011115
6466,0.00011115
6467,0.00011115
6468,0.00011115
6469,0.00011115
6470,0.00011115
6471,0.00011115
6472,0.00011115
6473,0.00011115
6474,0.00011115
6475,0.00011115
6476,0.00011115
6477,0.00011115
6478,0.00011115
6479,0.00011115
6480,0.00011115
6481,0.00011115
6482,0.00011115
6483,0.00011115
6484,0.00011115
6485,0.00011115
6486,0.00011115
6487,0.00011115
6488,0.00011115
6489,0.00011115
6490,0.00011115
6491,0.00011115
6492,0.00011115
6493,0.00011115
6494,0.00011115
6495,0.00011115
6496,0.00011115
6497,0.00011115
6498,0.00011115
6499,0.00011115
6500,0.00011115
6501,0.00011115
6502,0.00011115
6503,0.00011115
6504,0.00011115
6505,0.00011115
6506,0.00011115
6507,0.00011115
6508,0.00011115
6509,0.00011115
6510,0.00011115
6511,0.00011115
6512,0.00011115
6513,0.00011115
6514,0.00011115
6515,0.00011115
6516,0.00011115
6517,0.00011115
6518,0.00011115
6519,0.00011115
6520,0.00011115
6521,0.00011115
6522,0.00011115
6523,0.00011115
6524,0.00011115
6525,0.00011115
6526,0.00011115
6527,0.00011115
6528,0.00011115
6529,0.00011115
6530,0.00011115
6531,0.00011115
6532,0.00011115
6533,0.00011115
6534,0.00011115
6535,0.00011115
6536,0.00011115
6537,0.00011115
6538,0.00011115
6539,0.00011115
6540,0.00011115
6541,0.00011115
6542,0.00011115
6543,0.00011115
6544,0.00011115
6545,0.00011115
6546,0.00011115
6547,0.00011115
6548,0.00011115
6549,0.00011115
6550,0.00011115
6551,0.00011115
6552,0.00011115
6553,0.00011115
6554,0.00011115
6555,0.00011115
6556,0.00011115
6557,0.00011115
6558,0.00011115
6559,0.00011115
6560,0.00011115
6561,0.00011115
6562,0.00011115
6563,0.00011115
6564,0.00011115
6565,0.00011115
6566,0.00011115
6567,0.00011115
6568,0.00011115
6569,0.00011115
6570,0.00011115
6571,0.00011115
6572,0.00011115
6573,0.00011115
6574,0.00011115
6575,0.00011115
6576,0.00011115
6577,0.00011115
6578,0.00011115
6579,0.00011115
6580,0.00011115
6581,0.00011115
6582,0.00011115
6583,0.00011115
6584,0.00011115
6585,0.00011115
6586,0.00011115
6587,0.00011115
6588,0.00011115
6589,0.00011115
6590,0.00011115
6591,0.00011115
6592,0.00011115
6593,0.00011115
6594,0.00011115
6595,0.00011115
6596,0.00011115
6597,0.00011115
6598,0.00011115
6599,0.00011115
6600,0.00011115
6601,0.00011115
6602,0.00011115
6603,0.00011115
6604,0.00011115
6605,0.00011115
6606,0.00011115
6607,0.00011115
6608,0.00011115
6609,0.00011115
6610,0.00011115
6611,0.00011115
6612,0.00011115
6613,0.00011115
6614,0.00011115
6615,0.00011115
6616,0.00011115
6617,0.00011115
6618,0.00011115
6619,0.00011115
6620,0.00011115
6621,0.00011115
6622,0.00011115
6623,0.00011115
6624,0.00011115
6625,0.00011115
6626,0.00011115
6627,0.00011115
6628,0.00011115
6629,0.00011115
6630,0.00011115
6631,0.00011115
6632,0.00011115
6633,0.00011115
6634,0.00011115
6635,0.00011115
6636,0.00011115
6637,0.00011115
6638,0.00011115
6639,0.00011115
6640,0.00011115
6641,0.00011115
6642,0.00011115
6643,0.00011115
6644,0.00011115
6645,0.00011115
6646,0.00011115
6647,0.00011115
6648,0.00011115
6649,0.00011115
6650,0.00011115
6651,0.00011115
6652,0.00011115
6653,0.00011115
6654,0.00011115
6655,0.00011115
6656,0.00011115
6657,0.00011115
6658,0.00011115
6659,0.00011115
6660,0.00011115
6661,0.00011115
6662,0.00011115
6663,0.00011115
6664,0.00011115
6665,0.00011115
6666,0.00011115
6667,0.00011115
6668,0.00011115
6669,0.00011115
6670,0.00011115
6671,0.00011115
6672,0.00011115
6673,0.00011115
6674,0.00011115
6675,0.00011115
6676,0.00011115
6677,0.00011115
6678,0.00011115
6679,0.00011115
6680,0.00011115
6681,0.00011115
6682,0.00011115
6683,0.00011115
6684,0.00011115
6685,0.00011115
6686,0.00011115
6687,0.00011115
6688,0.00011115
6689,0.00011115
6690,0.00011115
6691,0.00011115
6692,0.00011115
6693,0.00011115
6694,0.00011115
6695,0.00011115
6696,0.00011115
6697,0.00011115
6698,0.00011115
6699,0.00011115
6700,0.00011115
6701,0.00011115
6702,0.00011115
6703,0.00011115
6704,0.00011115
6705,0.00011115
6706,0.00011115
6707,0.00011115
6708,0.00011115
6709,0.00011115
6710,0.00011115
6711,0.00011115
6712,0.00011115
6713,0.00011115
6714,0.00011115
6715,0.00011115
6716,0.00011115
6717,0.00011115
6718,0.00011115
6719,0.00011115
6720,0.00011115
6721,0.00011115
6722,0.00011115
6723,0.00011115
6724,0.00011115
6725,0.00011115
6726,0.00011115
6727,0.00011115
6728,0.00011115
6729,0.00011115
6730,0.00011115
6731,0.00011115
6732,0.00011115
6733,0.00011115
6734,0.00011115
6735,0.00011115
6736,0.00011115
6737,0.00011115
6738,0.00011115
6739,0.00011115
6740,0.00011115
6741,0.00011115
6742,0.00011115
6743,0.00011115
6744,0.00011115
6745,0.00011115
6746,0.00011115
6747,0.00011115
6748,0.00011115
6749,0.00011115
6750,0.00011115
6751,0.00011115
6752,0.00011115
6753,0.00011115
6754,0.00011115
6755,0.00011115
6756,0.00011115
6757,0.00011115
6758,0.00011115
6759,0.00011115
6760,0.00011115
6761,0.00011115
6762,0.00011115
6763,0.00011115
6764,0.00011115
6765,0.00011115
6766,0.00011115
6767,0.00011115
6768,0.00011115
6769,0.00011115
6770,0.00011115
6771,0.00011115
6772,0.00011115
6773,0.00011115
6774,0.00011115
6775,0.00011115
6776,0.00011115
6777,0.00011115
6778,0.00011115
6779,0.00011115
6780,0.00011115
6781,0.00011115
6782,0.00011115
6783,0.00011115
6784,0.00011115
6785,0.00011115
6786,0.00011115
6787,0.00011115
6788,0.00011115
6789,0.00011115
6790,0.00011115
6791,0.00011115
6792,0.00011115
6793,0.00011115
6794,0.00011115
6795,0.00011115
6796,0.00011115
6797,0.00011115
6798,0.00011115
6799,0.00011115
6800,0.00011115
6801,0.00011115
6802,0.00011115
6803,0.00011115
6804,0.00011115
6805,0.00011115
6806,0.00011115
6807,0.00011115
6808,0.00011115
6809,0.00011115
6810,0.00011115
6811,0.00011115
6812,0.00011115
6813,0.00011115
6814,0.00011115
6815,0.00011115
6816,0.00011115
6817,0.00011115
6818,0.00010454
6819,0.00010454
6820,0.00010454
6821,0.00010454
6822,0.00010454
6823,0.00010454
6824,0.00010454
6825,0.00010454
6826,0.00010454
6827,0.00010454
6828,0.00010454
6829,0.00010454
6830,0.00010454
6831,0.00010454
6832,0.00010454
6833,0.00010454
6834,0.00010454
6835,0.00010454
6836,0.00010454
6837,0.00010454
6838,0.00010454
6839,0.00010454
6840,0.00010454
6841,0.00010454
6842,0.00010449
6843,0.00010449
6844,0.00010449
6845,0.00010449
6846,0.00010449
6847,0.00010449
6848,0.00010449
6849,0.00010449
6850,0.00010449
6851,0.00010449
6852,0.00010449
6853,0.00010449
6854,0.00010098
6855,0.00010098
6856,0.00010098
6857,0.00010098
6858,0.00010098
6859,0.00010098
6860,0.00010098
6861,0.00010098
6862,0.00010098
6863,0.00010098
6864,0.00010098
6865,0.00010098
6866,0.00010098
6867,0.00010098
6868,0.00010098
6869,0.00010098
6870,0.00010098
6871,0.00010098
6872,0.00010098
6873,0.00010098
6874,0.00010098
6875,0.00010098
6876,0.00010098
6877,0.00010098
6878,0.00010098
6879,0.00010098
6880,0.00010098
6881,0.00010098
6882,0.00010098
6883,0.00010098
6884,0.00010098
6885,0.00010098
6886,0.00010098
6887,0.00010098
6888,0.00010098
6889,0.00010098
6890,0.00010098
6891,0.00010098
6892,0.00010098
6893,0.00010098
6894,0.00010098
6895,0.00010098
6896,0.00010098
6897,0.00010098
6898,0.00010098
6899,0.00010098
6900,0.00010098
6901,0.00010098
6902,0.00010098
6903,0.00010098
6904,0.00010098
6905,0.00010098
6906,0.00010098
6907,0.00010098
6908,0.00010098
6909,0.00010098
6910,0.00010098
6911,0.00010098
6912,0.00010098
6913,0.00010098
6914,0.00010098
6915,0.00010098
6916,0.00010098
6917,0.00010098
6918,0.00010098
6919,0.00010098
6920,0.00010098
6921,0.00010098
6922,0.00010098
6923,0.00010098
6924,0.00010098
6925,0.00010098
6926,0.00010098
6927,0.00010098
6928,0.00010098
6929,0.00010098
6930,0.00010098
6931,0.00010098
6932,0.00010098
6933,0.00010098
6934,0.00010098
6935,0.00010098
6936,0.00010098
6937,0.00010098
6938,0.00010098
6939,0.00010449
6940,0.00010449
6941,0.00010449
6942,0.00010449
6943,0.00010449
6944,0.00010449
6945,0.00010449
6946,0.00010449
6947,0.00010449
6948,0.00010449
6949,0.00010449
6950,0.00010449
6951,0.00010449
6952,0.00010449
6953,0.00010449
6954,0.00010449
6955,0.00010449
6956,0.00010449
6957,0.00010449
6958,0.00010449
6959,0.00010454
6960,0.00010454
6961,0.00010454
6962,0.00010454
6963,0.00010454
6964,0.00010454
6965,0.00010454
6966,0.00010454
6967,0.00010454
6968,0.00010454
6969,0.00010454
6970,0.00010454
6971,0.00010454
6972,0.00010454
6973,0.00010454
6974,0.00010454
6975,0.00010454
6976,0.00010454
6977,0.00010454
6978,0.00010454
6979,0.00010454
6980,0.00010454
6981,0.00010454
6982,0.00010454
6983,0.00010454
6984,0.00010454
6985,0.00010454
6986,0.00010454
6987,0.00010454
6988,0.00010454
6989,0.00010454
6990,0.00010454
6991,0.00010454
6992,0.00010454
6993,0.00010454
6994,0.00010454
6995,0.00010454
6996,0.00010454
6997,0.00010454
6998,0.00010454
6999,0.00010454
7000,0.00010454
7001,0.00010454
7002,0.00010454
7003,0.00010454
7004,0.00010454
7005,0.00010454
7006,0.00010454
7007,0.00010454
7008,0.00010454
7009,0.00010454
7010,0.00010454
7011,0.00010454
7012,0.00010454
7013,0.00010454
7014,0.00010454
7015,0.00010454
7016,0.00010454
7017,0.00010454
7018,0.00010454
7019,0.00010454
7020,0.00010454
7021,0.00010454
7022,0.00010454
7023,0.00010454
7024,0.00010454
7025,0.00010454
7026,0.00010454
7027,0.00010454
7028,0.00010454
7029,0.00010454
7030,0.00010454
7031,0.00010454
7032,0.00010454
7033,0.00010454
7034,0.00010454
7035,0.00010454
7036,0.00010454
7037,0.00010454
7038,0.00010454
7039,0.00010454
7040,0.00010454
7041,0.00010454
7042,0.00010454
7043,0.00010454
7044,0.00010454
7045,0.00010454
7046,0.00010454
7047,0.00010454
7048,0.00010454
7049,0.00011115
7050,0.00011115
7051,0.00011115
7052,0.00011115
7053,0.00011115
7054,0.00011115
7055,0.00011115
7056,0.00011115
7057,0.00011115
7058,0.00011115
7059,0.00011115
7060,0.00011115
7061,0.00011115
7062,0.00011115
7063,0.00011115
7064,0.00011115
7065,0.00011115
7066,0.00011115
7067,0.00011115
7068,0.00011115
7069,0.00011115
7070,0.00011115
7071,0.00011115
7072,0.00011115
7073,0.00011115
7074,0.00011115
7075,0.00011115
7076,0.00011115
7077,0.00011115
7078,0.00011115
7079,0.00011115
7080,0.00011115
7081,0.00011115
7082,0.00011115
7083,0.00011115
7084,0.00011115
7085,0.00011115
7086,0.00011115
7087,0.00011115
7088,0.00011115
7089,0.00010454
7090,0.00010454
7091,0.00010454
7092,0.00010454
7093,0.00010454
7094,0.00010454
7095,0.00010454
7096,0.00010454
7097,0.00010454
7098,0.00010454
7099,0.00010454
7100,0.00010454
7101,0.00010454
7102,0.00010454
7103,0.00010454
7104,0.00010454
7105,0.00010454
7106,0.00010454
7107,0.00010454
7108,0.00010454
7109,0.00010454
7110,0.00010454
7111,0.00010454
7112,0.00010454
7113,0.00010454
7114,0.00010454
7115,0.00010454
7116,0.00010454
7117,0.00010454
7118,0.00010454
7119,0.00010454
7120,0.00010454
7121,0.00010454
7122,0.00010454
7123,0.00010454
7124,0.00010454
7125,0.00010454
7126,0.00010454
7127,0.00010454
7128,0.00010454
7129,0.00010454
7130,0.00010454
7131,0.00010454
7132,0.00010454
7133,0.00010454
7134,0.00010454
7135,0.00010449
7136,0.00010449
7137,0.00010449
7138,0.00010449
7139,0.00010449
7140,0.00010449
7141,0.00010449
7142,0.00010449
7143,0.00010098
7144,0.00010098
7145,0.00010098
7146,0.00010098
7147,0.00010098
7148,0.00010098
7149,0.00010098
7150,0.00010098
7151,0.00010098
7152,0.00010098
7153,0.00010098
7154,0.00010098
7155,0.00010098
7156,0.00010098
7157,0.00010098
7158,0.00010098
7159,0.00010098
7160,0.00010098
7161,0.00010098
7162,0.00010098
7163,0.00010098
7164,0.00009855
7165,0.00009855
7166,0.00009855
7167,0.00009855
7168,0.00009855
7169,0.00009855
7170,0.00009855
7171,0.00009855
7172,0.00009855
7173,0.00009855
7174,0.00009855
7175,0.00009855
7176,0.00009855
7177,0.00009855
7178,0.00009855
7179,0.00009855
7180,0.00009855
7181,0.00009855
7182,0.00009855
7183,0.00009855
7184,0.00009855
7185,0.00009855
7186,0.00009855
7187,0.00009855
7188,0.00009855
7189,0.00009855
7190,0.00009855
7191,0.00009855
7192,0.00009855
7193,0.00009855
7194,0.00009855
7195,0.00009855
7196,0.00009855
7197,0.00009855
7198,0.00009855
7199,0.00009855
7200,0.00009855
7201,0.00009855
7202,0.00009855
7203,0.00009855
7204,0.00009855
7205,0.00009855
7206,0.00009855
7207,0.00009855
7208,0.00009855
7209,0.00009855
7210,0.00009855
7211,0.00009855
7212,0.00009855
7213,0.00009855
7214,0.00009855
7215,0.00009855
7216,0.00009855
7217,0.00009855
7218,0.00009855
7219,0.00009855
7220,0.00009855
7221,0.00009855
7222,0.00009855
7223,0.00009855
7224,0.00009855
7225,0.00009855
7226,0.00009855
7227,0.00010098
7228,0.00010098
7229,0.00010098
7230,0.00010098
7231,0.00010098
7232,0.00010098
7233,0.00010098
7234,0.00010098
7235,0.00010098
7236,0.00010098
7237,0.00010098
7238,0.00010098
7239,0.00010098
7240,0.00010098
7241,0.00010098
7242,0.00010098
7243,0.00010098
7244,0.00010098
7245,0.00010098
7246,0.00010098
7247,0.00010098
7248,0.00010098
7249,0.00010098
7250,0.00010098
7251,0.00010098
7252,0.00010098
7253,0.00010098
7254,0.00010098
7255,0.00010098
7256,0.00010098
7257,0.00010098
7258,0.00010098
7259,0.00010098
7260,0.00009855
7261,0.00009855
7262,0.00009855
7263,0.00009855
7264,0.00009855
7265,0.00009855
7266,0.00009855
7267,0.00009855
7268,0.00009855
7269,0.00009855
7270,0.00009855
7271,0.00009855
7272,0.00009855
7273,0.00009855
7274,0.00009855
7275,0.00009855
7276,0.00009855
7277,0.00009855
7278,0.00009855
7279,0.00009855
7280,0.00009855
7281,0.00009855
7282,0.00009855
7283,0.00009855
7284,0.00009855
7285,0.00009855
7286,0.00009855
7287,0.00009855
7288,0.00009855
7289,0.00009855
7290,0.00009855
7291,0.00009855
7292,0.00009855
7293,0.00009855
7294,0.00009855
7295,0.00009855
7296,0.00009855
7297,0.00009855
7298,0.00009855
7299,0.00009855
7300,0.00009855
7301,0.00009855
7302,0.00009855
7303,0.00009855
7304,0.00009855
7305,0.00009855
7306,0.00009855
7307,0.00009855
7308,0.00010098
7309,0.00010098
7310,0.00010098
7311,0.00010098
7312,0.00010098
7313,0.00010098
7314,0.00010098
7315,0.00010098
7316,0.00010098
7317,0.00010098
7318,0.00010098
7319,0.00010098
7320,0.00010098
7321,0.00010098
7322,0.00010098
7323,0.00010098
7324,0.00010098
7325,0.00010098
7326,0.00010098
7327,0.00010098
7328,0.00010098
7329,0.00010098
7330,0.00010098
7331,0.00010098
7332,0.00010098
7333,0.00010098
7334,0.00010098
7335,0.00010098
7336,0.00010098
7337,0.00010098
7338,0.00010098
7339,0.00010098
7340,0.00010098
7341,0.00010098
7342,0.00010098
7343,0.00010098
7344,0.00010098
7345,0.00010098
7346,0.00010098
7347,0.00010098
7348,0.00010098
7349,0.00010098
7350,0.00010098
7351,0.00010098
7352,0.00010098
7353,0.00010098
7354,0.00010098
7355,0.00010098
7356,0.00010098
7357,0.00010098
7358,0.00010098
7359,0.00010098
7360,0.00010098
7361,0.00010098
7362,0.00010098
7363,0.00010098
7364,0.00010098
7365,0.00010098
7366,0.00010098
7367,0.00010098
7368,0.00010098
7369,0.00010098
7370,0.00010098
7371,0.00010098
7372,0.00010098
7373,0.00010098
7374,0.00010098
7375,0.00010098
7376,0.00010098
7377,0.00010098
7378,0.00010098
7379,0.00010098
7380,0.00010098
7381,0.00010098
7382,0.00010098
7383,0.00010098
7384,0.00010098
7385,0.00010098
7386,0.00010098
7387,0.00010098
7388,0.00010098
7389,0.00010098
7390,0.00010098
7391,0.00010098
7392,0.00010098
7393,0.00010098
7394,0.00010098
7395,0.00010098
7396,0.00010098
7397,0.00010098
7398,0.00010098
7399,0.00010098
7400,0.00010098
7401,0.00010098
7402,0.00010098
7403,0.00010098
7404,0.00010098
7405,0.00010098
7406,0.00010098
7407,0.00010098
7408,0.00010098
7409,0.00010098
7410,0.00010098
7411,0.00010098
7412,0.00010098
7413,0.00010098
7414,0.00010098
7415,0.00010098
7416,0.00010098
7417,0.00010098
7418,0.00010098
7419,0.00010098
7420,0.00010098
7421,0.00010098
7422,0.00010098
7423,0.00010098
7424,0.00010098
7425,0.00010098
7426,0.00010098
7427,0.00010098
7428,0.00010098
7429,0.00010098
7430,0.00010098
7431,0.00010098
7432,0.00010098
7433,0.00010098
7434,0.00010098
7435,0.00010098
7436,0.00010098
7437,0.00010098
7438,0.00010098
7439,0.00010098
7440,0.00010098
7441,0.00010098
7442,0.00010098
7443,0.00010098
7444,0.00010098
7445,0.00010098
7446,0.00010098
7447,0.00010098
7448,0.00010098
7449,0.00010098
7450,0.00010098
7451,0.00010098
7452,0.00010098
7453,0.00010098
7454,0.00010098
7455,0.00010098
7456,0.00010098
7457,0.00010098
7458,0.00010098
7459,0.00010098
7460,0.00010098
7461,0.00010098
7462,0.00010098
7463,0.00010098
7464,0.00010098
7465,0.00010098
7466,0.00010098
7467,0.00010098
7468,0.00010098
7469,0.00010098
7470,0.00010098
7471,0.00010098
7472,0.00010098
7473,0.00010098
7474,0.00010098
7475,0.00010098
7476,0.00010098
7477,0.00010098
7478,0.00009855
7479,0.00009855
7480,0.00009855
7481,0.00009855
7482,0.00009855
7483,0.00009855
7484,0.00009855
7485,0.00009855
7486,0.00009855
7487,0.00009855
7488,0.00009855
7489,0.00009855
7490,0.00009855
7491,0.00009855
7492,0.00009855
7493,0.00009855
7494,0.00009855
7495,0.00009855
7496,0.00009855
7497,0.00009855
7498,0.00009855
7499,0.00009855
7500,0.00009855
7501,0.00009855
7502,0.00009855
7503,0.00009855
7504,0.00009855
7505,0.00009855
7506,0.00009855
7507,0.00009855
7508,0.00009855
7509,0.00009855
7510,0.00009855
7511,0.00009855
7512,0.00009855
7513,0.00009855
7514,0.00009855
7515,0.00009855
7516,0.00009855
7517,0.00009855
7518,0.00009855
7519,0.00009855
7520,0.00009855
7521,0.00009855
7522,0.00009855
7523,0.00009855
7524,0.00009855
7525,0.00009855
7526,0.00009855
7527,0.00009855
7528,0.00009855
7529,0.00009855
7530,0.00009855
7531,0.00009855
7532,0.00009855
7533,0.00009855
7534,0.00009855
7535,0.00009855
7536,0.00009855
7537,0.00009855
7538,0.00009855
7539,0.00009855
7540,0.00009855
7541,0.00009855
7542,0.00009855
7543,0.00009855
7544,0.00009855
7545,0.00009855
7546,0.00009855
7547,0.00009855
7548,0.00009855
7549,0.00009855
7550,0.00009855
7551,0.00009855
7552,0.00009855
7553,0.00009855
7554,0.00009855
7555,0.00009855
7556,0.00009855
7557,0.00009855
7558,0.00009855
7559,0.00009855
7560,0.00009855
7561,0.00009855
7562,0.00009855
7563,0.00009855
7564,0.00009855
7565,0.00009855
7566,0.00009855
7567,0.00009855
7568,0.00009855
7569,0.00009855
7570,0.00009855
7571,0.00009855
7572,0.00009855
7573,0.00009855
7574,0.00009855
7575,0.00009855
7576,0.00009855
7577,0.00009855
7578,0.00009855
7579,0.00009855
7580,0.00009855
7581,0.00009406
7582,0.00009406
7583,0.00009236
7584,0.00009236
7585,0.00009133
7586,0.00008694
7587,0.00008694
7588,0.00008580
7589,0.00008508
7590,0.00008028
7591,0.00008028
7592,0.00007992
7593,0.00007966
7594,0.00007563
7595,0.00007558
7596,0.00007558
7597,0.00007124
7598,0.00007124
7599,0.00006618
7600,0.00006618
7601,0.00006618
7602,0.00006045
7603,0.00006045
7604,0.00005576
7605,0.00005008
7606,0.00005576
7607,0.00005576
7608,0.00005576
7609,0.00005576
7610,0.00005576
7611,0.00006045
7612,0.00006045
7613,0.00006045
7614,0.00006045
7615,0.00006045
7616,0.00006618
7617,0.00006618
7618,0.00006618
7619,0.00006618
7620,0.00006618
7621,0.00006618
7622,0.00006618
7623,0.00007119
7624,0.00007119
7625,0.00007124
7626,0.00007124
7627,0.00007124
7628,0.00007124
7629,0.00007124
7630,0.00007558
7631,0.00007558
7632,0.00007558
7633,0.00007558
7634,0.00007558
7635,0.00007558
7636,0.00007563
7637,0.00007563
7638,0.00007563
7639,0.00007563
7640,0.00007966
7641,0.00007966
7642,0.00007966
7643,0.00007966
7644,0.00007992
7645,0.00007992
7646,0.00007992
7647,0.00008028
7648,0.00008028
7649,0.00008028
7650,0.00008028
7651,0.00008028
7652,0.00008508
7653,0.00008508
7654,0.00008508
7655,0.00008508
7656,0.00008580
7657,0.00008580
7658,0.00008580
7659,0.00008580
7660,0.00008694
7661,0.00008694
7662,0.00008694
7663,0.00008694
7664,0.00008694
7665,0.00009133
7666,0.00009133
7667,0.00009133
7668,0.00009133
7669,0.00009236
7670,0.00009236
7671,0.00009236
7672,0.00009236
7673,0.00009236
7674,0.00009406
7675,0.00009406
7676,0.00009406
7677,0.00009406
7678,0.00009406
7679,0.00009406
7680,0.00009855
7681,0.00009855
7682,0.00009855
7683,0.00009855
7684,0.00009855
7685,0.00009855
7686,0.00009855
7687,0.00009855
7688,0.00009855
7689,0.00009855
7690,0.00009855
7691,0.00009855
7692,0.00009855
7693,0.00009855
7694,0.00009855
7695,0.00009855
7696,0.00009855
7697,0.00009855
7698,0.00009855
7699,0.00009855
7700,0.00009855
7701,0.00009855
7702,0.00009855
7703,0.00009855
7704,0.00009855
7705,0.00009855
7706,0.00009855
7707,0.00009855
7708,0.00009855
7709,0.00009855
7710,0.00009855
7711,0.00009855
7712,0.00009855
7713,0.00009855
7714,0.00009855
7715,0.00009855
7716,0.00009855
7717,0.00009855
7718,0.00009855
7719,0.00009855
7720,0.00009855
7721,0.00009855
7722,0.00009855
7723,0.00009855
7724,0.00009855
7725,0.00009855
7726,0.00009855
7727,0.00009855
7728,0.00009855
7729,0.00009855
7730,0.00009855
7731,0.00009855
7732,0.00009855
7733,0.00009855
7734,0.00009855
7735,0.00009855
7736,0.00009855
7737,0.00009855
7738,0.00009855
7739,0.00009855
7740,0.00009855
7741,0.00009855
7742,0.00009855
7743,0.00009855
7744,0.00009855
7745,0.00009406
7746,0.00009406
7747,0.00009406
7748,0.00009406
7749,0.00009406
7750,0.00009406
7751,0.00009406
7752,0.00009406
7753,0.00009406
7754,0.00009406
7755,0.00009406
7756,0.00009406
7757,0.00009406
7758,0.00009406
7759,0.00009406
7760,0.00009406
7761,0.00009406
7762,0.00009406
7763,0.00009406
7764,0.00009406
7765,0.00009406
7766,0.00009406
7767,0.00009406
7768,0.00009406
7769,0.00009406
7770,0.00009406
7771,0.00009406
7772,0.00009406
7773,0.00009406
7774,0.00009406
7775,0.00009406
7776,0.00009406
7777,0.00009406
7778,0.00009406
7779,0.00009406
7780,0.00009406
7781,0.00009406
7782,0.00009406
7783,0.00009406
7784,0.00009406
7785,0.00009406
7786,0.00009406
7787,0.00009406
7788,0.00009406
7789,0.00009406
7790,0.00009406
7791,0.00009406
7792,0.00009406
7793,0.00009406
7794,0.00009406
7795,0.00009406
7796,0.00009406
7797,0.00009406
7798,0.00009406
7799,0.00009406
7800,0.00009406
7801,0.00009406
7802,0.00009406
7803,0.00009406
7804,0.00009406
7805,0.00009406
7806,0.00009406
7807,0.00009406
7808,0.00009406
7809,0.00009406
7810,0.00009406
7811,0.00009406
7812,0.00009406
7813,0.00009406
7814,0.00009406
7815,0.00009406
7816,0.00009406
7817,0.00009406
7818,0.00009406
7819,0.00009406
7820,0.00009406
7821,0.00009406
7822,0.00009406
7823,0.00009406
7824,0.00009406
7825,0.00009406
7826,0.00009406
7827,0.00009406
7828,0.00009406
7829,0.00009406
7830,0.00009406
7831,0.00009406
7832,0.00009406
7833,0.00009406
7834,0.00009406
7835,0.00009406
7836,0.00009406
7837,0.00009406
7838,0.00009406
7839,0.00009406
7840,0.00009406
7841,0.00009406
7842,0.00009406
7843,0.00009406
7844,0.00009406
7845,0.00009406
7846,0.00009406
7847,0.00009406
7848,0.00009406
7849,0.00009406
7850,0.00009406
7851,0.00009406
7852,0.00009406
7853,0.00009406
7854,0.00009406
7855,0.00009406
7856,0.00009406
7857,0.00009406
7858,0.00009406
7859,0.00009406
7860,0.00009406
7861,0.00009406
7862,0.00009406
7863,0.00009406
7864,0.00009406
7865,0.00009406
7866,0.00009406
7867,0.00009406
7868,0.00009406
7869,0.00009406
7870,0.00009406
7871,0.00009406
7872,0.00009406
7873,0.00009406
7874,0.00009406
7875,0.00009406
7876,0.00009406
7877,0.00009406
7878,0.00009406
7879,0.00009406
7880,0.00009406
7881,0.00009406
7882,0.00009406
7883,0.00009406
7884,0.00009406
7885,0.00009406
7886,0.00009406
7887,0.00009406
7888,0.00009406
7889,0.00009406
7890,0.00009406
7891,0.00009406
7892,0.00009406
7893,0.00009406
7894,0.00009406
7895,0.00009406
7896,0.00009236
7897,0.00009236
7898,0.00009236
7899,0.00009236
7900,0.00009236
7901,0.00009236
7902,0.00009236
7903,0.00009236
7904,0.00009236
7905,0.00009236
7906,0.00009236
7907,0.00009236
7908,0.00009236
7909,0.00009236
7910,0.00009236
7911,0.00009236
7912,0.00009236
7913,0.00009236
7914,0.00009236
7915,0.00009236
7916,0.00009236
7917,0.00009236
7918,0.00009236
7919,0.00009236
7920,0.00009236
7921,0.00009236
7922,0.00009236
7923,0.00009236
7924,0.00009236
7925,0.00009236
7926,0.00009236
7927,0.00009236
7928,0.00009236
7929,0.00009236
7930,0.00009236
7931,0.00009236
7932,0.00009236
7933,0.00009236
7934,0.00009236
7935,0.00009236
7936,0.00009236
7937,0.00009236
7938,0.00009236
7939,0.00009236
7940,0.00009236
7941,0.00009236
7942,0.00009236
7943,0.00009236
7944,0.00009236
7945,0.00009236
7946,0.00009236
7947,0.00009236
7948,0.00009406
7949,0.00009406
7950,0.00009406
7951,0.00009406
7952,0.00009406
7953,0.00009406
7954,0.00009406
7955,0.00009406
7956,0.00009406
7957,0.00009406
7958,0.00009406
7959,0.00009236
7960,0.00009236
7961,0.00009236
7962,0.00009236
7963,0.00009236
7964,0.00009236
7965,0.00009236
7966,0.00009236
7967,0.00009236
7968,0.00009236
7969,0.00009236
7970,0.00009236
7971,0.00009236
7972,0.00009236
7973,0.00009236
7974,0.00009236
7975,0.00009236
7976,0.00009236
7977,0.00009236
7978,0.00009236
7979,0.00009236
7980,0.00009236
7981,0.00009236
7982,0.00009236
7983,0.00009236
7984,0.00009236
7985,0.00009236
7986,0.00009236
7987,0.00009236
7988,0.00009236
7989,0.00009236
7990,0.00009236
7991,0.00009236
7992,0.00009236
7993,0.00009236
7994,0.00009236
7995,0.00009236
7996,0.00009236
7997,0.00009236
7998,0.00009236
7999,0.00009236
8000,0.00009236
8001,0.00009236
8002,0.00009236
8003,0.00009236
8004,0.00009236
8005,0.00009236
8006,0.00009236
8007,0.00009236
8008,0.00009236
8009,0.00009236
8010,0.00009236
8011,0.00009236
8012,0.00009236
8013,0.00009236
8014,0.00009236
8015,0.00009236
8016,0.00009236
8017,0.00009236
8018,0.00009236
8019,0.00009236
8020,0.00009236
8021,0.00009236
8022,0.00009236
8023,0.00009236
8024,0.00009236
8025,0.00009236
8026,0.00009236
8027,0.00009236
8028,0.00009236
8029,0.00009236
8030,0.00009236
8031,0.00009236
8032,0.00009236
8033,0.00009236
8034,0.00009236
8035,0.00009236
8036,0.00009236
8037,0.00009236
8038,0.00009236
8039,0.00009236
8040,0.00009236
8041,0.00009236
8042,0.00009236
8043,0.00009236
8044,0.00009236
8045,0.00009236
8046,0.00009236
8047,0.00009236
8048,0.00009236
8049,0.00009236
8050,0.00009236
8051,0.00009236
8052,0.00009236
8053,0.00009236
8054,0.00009236
8055,0.00009236
8056,0.00009236
8057,0.00009236
8058,0.00009236
8059,0.00009236
8060,0.00009236
8061,0.00009236
8062,0.00009236
8063,0.00009236
8064,0.00009236
8065,0.00009236
8066,0.00009236
8067,0.00009236
8068,0.00009236
8069,0.00009236
8070,0.00009236
8071,0.00009236
8072,0.00009236
8073,0.00009236
8074,0.00009236
8075,0.00009236
8076,0.00009236
8077,0.00009236
8078,0.00009236
8079,0.00009236
8080,0.00009236
8081,0.00009236
8082,0.00009236
8083,0.00009236
8084,0.00009236
8085,0.00009236
8086,0.00009236
8087,0.00009133
8088,0.00009133
8089,0.00009133
8090,0.00009133
8091,0.00009133
8092,0.00009133
8093,0.00009133
8094,0.00009133
8095,0.00009133
8096,0.00009133
8097,0.00009133
8098,0.00009133
8099,0.00009133
8100,0.00009133
8101,0.00009133
8102,0.00009133
8103,0.00009133
8104,0.00009133
8105,0.00009133
8106,0.00009133
8107,0.00009133
8108,0.00009133
8109,0.00009133
8110,0.00009133
8111,0.00009133
8112,0.00009133
8113,0.00009133
8114,0.00009133
8115,0.00009133
8116,0.00009133
8117,0.00009133
8118,0.00008694
8119,0.00008694
8120,0.00008694
8121,0.00008694
8122,0.00008694
8123,0.00008694
8124,0.00008694
8125,0.00008694
8126,0.00008694
8127,0.00008694
8128,0.00008694
8129,0.00008694
8130,0.00008694
8131,0.00008694
8132,0.00008694
8133,0.00008694
8134,0.00008694
8135,0.00008694
8136,0.00008694
8137,0.00008694
8138,0.00008694
8139,0.00008694
8140,0.00008694
8141,0.00008694
8142,0.00008694
8143,0.00008694
8144,0.00008694
8145,0.00008580
8146,0.00008580
8147,0.00008580
8148,0.00008580
8149,0.00008580
8150,0.00008580
8151,0.00008580
8152,0.00008580
8153,0.00008580
8154,0.00008580
8155,0.00008580
8156,0.00008580
8157,0.00008580
8158,0.00008580
8159,0.00008580
8160,0.00008580
8161,0.00008580
8162,0.00008580
8163,0.00008580
8164,0.00008580
8165,0.00008580
8166,0.00008580
8167,0.00008580
8168,0.00008580
8169,0.00008580
8170,0.00008580
8171,0.00008580
8172,0.00008580
8173,0.00008580
8174,0.00008580
8175,0.00008580
8176,0.00008580
8177,0.00008508
8178,0.00008508
8179,0.00008508
8180,0.00008508
8181,0.00008508
8182,0.00008508
8183,0.00008508
8184,0.00008508
8185,0.00008508
8186,0.00008508
8187,0.00008508
8188,0.00008508
8189,0.00008508
8190,0.00008508
8191,0.00008508
8192,0.00008508
8193,0.00008508
8194,0.00008508
8195,0.00008508
8196,0.00008508
8197,0.00008508
8198,0.00008508
8199,0.00008508
8200,0.00008508
8201,0.00008508
8202,0.00008508
8203,0.00008508
8204,0.00008508
8205,0.00008508
8206,0.00008508
8207,0.00008508
8208,0.00008508
8209,0.00008508
8210,0.00008508
8211,0.00008508
8212,0.00008508
8213,0.00008508
8214,0.00008508
8215,0.00008508
8216,0.00008508
8217,0.00008508
8218,0.00008508
8219,0.00008508
8220,0.00008508
8221,0.00008508
8222,0.00008508
8223,0.00008508
8224,0.00008508
8225,0.00008508
8226,0.00008508
8227,0.00008508
8228,0.00008508
8229,0.00008508
8230,0.00008508
8231,0.00008508
8232,0.00008508
8233,0.00008508
8234,0.00008508
8235,0.00008508
8236,0.00008508
8237,0.00008508
8238,0.00008508
8239,0.00008508
8240,0.00008508
8241,0.00008508
8242,0.00008508
8243,0.00008508
8244,0.00008508
8245,0.00008508
8246,0.00008508
8247,0.00008508
8248,0.00008508
8249,0.00008508
8250,0.00008508
8251,0.00008508
8252,0.00008508
8253,0.00008508
8254,0.00008508
8255,0.00008508
8256,0.00008508
8257,0.00008508
8258,0.00008508
8259,0.00008508
8260,0.00008508
8261,0.00008508
8262,0.00008508
8263,0.00008508
8264,0.00008508
8265,0.00008508
8266,0.00008508
8267,0.00008508
8268,0.00008508
8269,0.00008508
8270,0.00008508
8271,0.00008508
8272,0.00008508
8273,0.00008508
8274,0.00008508
8275,0.00008508
8276,0.00008508
8277,0.00008508
8278,0.00008508
8279,0.00008508
8280,0.00008508
8281,0.00008508
8282,0.00008508
8283,0.00008508
8284,0.00008508
8285,0.00008508
8286,0.00008508
8287,0.00008508
8288,0.00008508
8289,0.00008508
8290,0.00008508
8291,0.00008508
8292,0.00008508
8293,0.00008508
8294,0.00008508
8295,0.00008508
8296,0.00008508
8297,0.00008508
8298,0.00008508
8299,0.00008508
8300,0.00008508
8301,0.00008508
8302,0.00008508
8303,0.00008508
8304,0.00008508
8305,0.00008508
8306,0.00008580
8307,0.00008580
8308,0.00008580
8309,0.00008580
8310,0.00008580
8311,0.00008580
8312,0.00008580
8313,0.00008580
8314,0.00008580
8315,0.00008580
8316,0.00008580
8317,0.00008580
8318,0.00008580
8319,0.00008580
8320,0.00008580
8321,0.00008580
8322,0.00008580
8323,0.00008580
8324,0.00008580
8325,0.00008580
8326,0.00008580
8327,0.00008580
8328,0.00008580
8329,0.00008580
8330,0.00008580
8331,0.00008580
8332,0.00008580
8333,0.00008580
8334,0.00008580
8335,0.00008580
8336,0.00008580
8337,0.00008580
8338,0.00008580
8339,0.00008580
8340,0.00008580
8341,0.00008580
8342,0.00008580
8343,0.00008580
8344,0.00008580
8345,0.00008580
8346,0.00008580
8347,0.00008580
8348,0.00008580
8349,0.00008580
8350,0.00008580
8351,0.00008580
8352,0.00008580
8353,0.00008580
8354,0.00008580
8355,0.00008580
8356,0.00008580
8357,0.00008580
8358,0.00008580
8359,0.00008580
8360,0.00008580
8361,0.00008580
8362,0.00008580
8363,0.00008580
8364,0.00008580
8365,0.00008580
8366,0.00008580
8367,0.00008580
8368,0.00008580
8369,0.00008580
8370,0.00008580
8371,0.00008580
8372,0.00008580
8373,0.00008580
8374,0.00008580
8375,0.00008580
8376,0.00008580
8377,0.00008580
8378,0.00008580
8379,0.00008580
8380,0.00008580
8381,0.00008580
8382,0.00008580
8383,0.00008580
8384,0.00008580
8385,0.00008580
8386,0.00008580
8387,0.00008580
8388,0.00008580
8389,0.00008580
8390,0.00008580
8391,0.00008580
8392,0.00008580
8393,0.00008580
8394,0.00008580
8395,0.00008580
8396,0.00008580
8397,0.00008580
8398,0.00008580
8399,0.00008580
8400,0.00008580
8401,0.00008580
8402,0.00008580
8403,0.00008580
8404,0.00008580
8405,0.00008580
8406,0.00008580
8407,0.00008580
8408,0.00008580
8409,0.00008580
8410,0.00008580
8411,0.00008580
8412,0.00008580
8413,0.00008580
8414,0.00008580
8415,0.00008580
8416,0.00008580
8417,0.00008580
8418,0.00008580
8419,0.00008580
8420,0.00008580
8421,0.00008580
8422,0.00008580
8423,0.00008580
8424,0.00008580
8425,0.00008580
8426,0.00008580
8427,0.00008580
8428,0.00008580
8429,0.00008580
8430,0.00008580
8431,0.00008580
8432,0.00008580
8433,0.00008580
8434,0.00008508
8435,0.00008508
8436,0.00008508
8437,0.00008508
8438,0.00008508
8439,0.00008508
8440,0.00008508
8441,0.00008508
8442,0.00008508
8443,0.00008508
8444,0.00008508
8445,0.00008508
8446,0.00008508
8447,0.00008508
8448,0.00008508
8449,0.00008508
8450,0.00008508
8451,0.00008508
8452,0.00008508
8453,0.00008508
8454,0.00008508
8455,0.00008508
8456,0.00008508
8457,0.00008508
8458,0.00008508
8459,0.00008508
8460,0.00008508
8461,0.00008508
8462,0.00008508
8463,0.00008508
8464,0.00008508
8465,0.00008508
8466,0.00008508
8467,0.00008508
8468,0.00008508
8469,0.00008508
8470,0.00008508
8471,0.00008508
8472,0.00008508
8473,0.00008508
8474,0.00008508
8475,0.00008508
8476,0.00008508
8477,0.00008508
8478,0.00008508
8479,0.00008508
8480,0.00008508
8481,0.00008508
8482,0.00008508
8483,0.00008508
8484,0.00008508
8485,0.00008508
8486,0.00008508
8487,0.00008508
8488,0.00008508
8489,0.00008508
8490,0.00008508
8491,0.00008508
8492,0.00008508
8493,0.00008508
8494,0.00008508
8495,0.00008508
8496,0.00008508
8497,0.00008508
8498,0.00008508
8499,0.00008508
8500,0.00008508
8501,0.00008508
8502,0.00008508
8503,0.00008508
8504,0.00008508
8505,0.00008508
8506,0.00008508
8507,0.00008508
8508,0.00008508
8509,0.00008508
8510,0.00008508
8511,0.00008508
8512,0.00008508
8513,0.00008508
8514,0.00008508
8515,0.00008508
8516,0.00008508
8517,0.00008508
8518,0.00008508
8519,0.00008508
8520,0.00008508
8521,0.00008508
8522,0.00008508
8523,0.00008508
8524,0.00008508
8525,0.00008508
8526,0.00008508
8527,0.00008508
8528,0.00008508
8529,0.00008508
8530,0.00008508
8531,0.00008508
8532,0.00008508
8533,0.00008508
8534,0.00008508
8535,0.00008508
8536,0.00008508
8537,0.00008508
8538,0.00008508
8539,0.00008508
8540,0.00008508
8541,0.00008508
8542,0.00008508
8543,0.00008508
8544,0.00008508
8545,0.00008508
8546,0.00008508
8547,0.00008508
8548,0.00008508
8549,0.00008508
8550,0.00008508
8551,0.00008508
8552,0.00008508
8553,0.00008508
8554,0.00008508
8555,0.00008508
8556,0.00008508
8557,0.00008508
8558,0.00008028
8559,0.00008028
8560,0.00008028
8561,0.00008028
8562,0.00008028
8563,0.00008028
8564,0.00008028
8565,0.00008028
8566,0.00008028
8567,0.00008028
8568,0.00008028
8569,0.00008028
8570,0.00008028
8571,0.00008028
8572,0.00008028
8573,0.00008028
8574,0.00008028
8575,0.00008028
8576,0.00008028
8577,0.00008028
8578,0.00008028
8579,0.00008028
8580,0.00008028
8581,0.00008028
8582,0.00008028
8583,0.00008028
8584,0.00008028
8585,0.00008028
8586,0.00008028
8587,0.00008028
8588,0.00008028
8589,0.00008028
8590,0.00008028
8591,0.00008028
8592,0.00008028
8593,0.00008028
8594,0.00008028
8595,0.00008028
8596,0.00008028
8597,0.00008028
8598,0.00008028
8599,0.00008028
8600,0.00008028
8601,0.00008028
8602,0.00008028
8603,0.00008028
8604,0.00008028
8605,0.00008028
8606,0.00008028
8607,0.00008028
8608,0.00008028
8609,0.00008028
8610,0.00008028
8611,0.00008028
8612,0.00008028
8613,0.00008028
8614,0.00008028
8615,0.00008028
8616,0.00008028
8617,0.00008028
8618,0.00008028
8619,0.00008028
8620,0.00008028
8621,0.00008028
8622,0.00008028
8623,0.00008028
8624,0.00008028
8625,0.00008028
8626,0.00008028
8627,0.00008028
8628,0.00008028
8629,0.00008028
8630,0.00008028
8631,0.00008028
8632,0.00008028
8633,0.00008028
8634,0.00008028
8635,0.00008028
8636,0.00008028
8637,0.00008028
8638,0.00008028
8639,0.00008028
8640,0.00008028
8641,0.00008028
8642,0.00008028
8643,0.00008028
8644,0.00008028
8645,0.00008028
8646,0.00008028
8647,0.00008028
8648,0.00008028
8649,0.00008028
8650,0.00008028
8651,0.00008028
8652,0.00008028
8653,0.00008028
8654,0.00008028
8655,0.00008028
8656,0.00008028
8657,0.00008028
8658,0.00008028
8659,0.00008028
8660,0.00008028
8661,0.00008028
8662,0.00008028
8663,0.00008028
8664,0.00008028
8665,0.00008028
8666,0.00008028
8667,0.00008028
8668,0.00008028
8669,0.00008028
8670,0.00008028
8671,0.00008028
8672,0.00008028
8673,0.00008028
8674,0.00008028
8675,0.00008028
8676,0.00008028
8677,0.00008028
8678,0.00008028
8679,0.00008028
8680,0.00008028
8681,0.00008028
8682,0.00008028
8683,0.00008028
8684,0.00008028
8685,0.00008028
8686,0.00008028
8687,0.00008028
8688,0.00008028
8689,0.00008028
8690,0.00008028
8691,0.00008028
8692,0.00008028
8693,0.00008028
8694,0.00008028
8695,0.00008028
8696,0.00008028
8697,0.00008028
8698,0.00008028
8699,0.00008028
8700,0.00008028
8701,0.00007992
8702,0.00007992
8703,0.00007992
8704,0.00007992
8705,0.00007992
8706,0.00007992
8707,0.00007992
8708,0.00007992
8709,0.00007992
8710,0.00007992
8711,0.00007992
8712,0.00007992
8713,0.00007992
8714,0.00007992
8715,0.00007992
8716,0.00007992
8717,0.00007992
8718,0.00007992
8719,0.00007992
8720,0.00007992
8721,0.00007992
8722,0.00007992
8723,0.00007992
8724,0.00007992
8725,0.00007992
8726,0.00007992
8727,0.00007992
8728,0.00007992
8729,0.00007992
8730,0.00007992
8731,0.00007992
8732,0.00007992
8733,0.00007992
8734,0.00007992
8735,0.00007992
8736,0.00007992
8737,0.00007992
8738,0.00007992
8739,0.00007992
8740,0.00007992
8741,0.00007992
8742,0.00007992
8743,0.00007992
8744,0.00007992
8745,0.00007992
8746,0.00007992
8747,0.00007992
8748,0.00007992
8749,0.00007992
8750,0.00007992
8751,0.00007992
8752,0.00007992
8753,0.00007992
8754,0.00007992
8755,0.00007992
8756,0.00007992
8757,0.00007992
8758,0.00007992
8759,0.00007992
8760,0.00007992
8761,0.00007992
8762,0.00007992
8763,0.00007992
8764,0.00007992
8765,0.00007992
8766,0.00007992
8767,0.00007992
8768,0.00007992
8769,0.00007992
8770,0.00007992
8771,0.00007992
8772,0.00007992
8773,0.00007992
8774,0.00007992
8775,0.00007992
8776,0.00007992
8777,0.00007966
8778,0.00007966
8779,0.00007966
8780,0.00007966
8781,0.00007966
8782,0.00007966
8783,0.00007966
8784,0.00007966
8785,0.00007966
8786,0.00007966
8787,0.00007966
8788,0.00007966
8789,0.00007966
8790,0.00007966
8791,0.00007966
8792,0.00007966
8793,0.00007966
8794,0.00007966
8795,0.00007966
8796,0.00007966
8797,0.00007966
8798,0.00007966
8799,0.00007966
8800,0.00007966
8801,0.00007966
8802,0.00007966
8803,0.00007966
8804,0.00007966
8805,0.00007966
8806,0.00007966
8807,0.00007966
8808,0.00007966
8809,0.00007966
8810,0.00007966
8811,0.00007966
8812,0.00007966
8813,0.00007966
8814,0.00007966
8815,0.00007966
8816,0.00007966
8817,0.00007966
8818,0.00007966
8819,0.00007966
8820,0.00007966
8821,0.00007966
8822,0.00007966
8823,0.00007966
8824,0.00007966
8825,0.00007966
8826,0.00007966
8827,0.00007966
8828,0.00007966
8829,0.00007966
8830,0.00007966
8831,0.00007966
8832,0.00007966
8833,0.00007966
8834,0.00007966
8835,0.00007966
8836,0.00007966
8837,0.00007966
8838,0.00007966
8839,0.00007966
8840,0.00007966
8841,0.00007966
8842,0.00007966
8843,0.00007966
8844,0.00007966
8845,0.00007966
8846,0.00007966
8847,0.00007966
8848,0.00007966
8849,0.00007966
8850,0.00007966
8851,0.00007966
8852,0.00007966
8853,0.00007563
8854,0.00007563
8855,0.00007563
8856,0.00007563
8857,0.00007563
8858,0.00007563
8859,0.00007563
8860,0.00007563
8861,0.00007563
8862,0.00007563
8863,0.00007563
8864,0.00007563
8865,0.00007563
8866,0.00007563
8867,0.00007563
8868,0.00007563
8869,0.00007563
8870,0.00007563
8871,0.00007563
8872,0.00007563
8873,0.00007563
8874,0.00007563
8875,0.00007563
8876,0.00007563
8877,0.00007563
8878,0.00007563
8879,0.00007563
8880,0.00007563
8881,0.00007563
8882,0.00007563
8883,0.00007563
8884,0.00007563
8885,0.00007563
8886,0.00007563
8887,0.00007563
8888,0.00007563
8889,0.00007563
8890,0.00007563
8891,0.00007563
8892,0.00007563
8893,0.00007563
8894,0.00007563
8895,0.00007563
8896,0.00007563
8897,0.00007563
8898,0.00007563
8899,0.00007563
8900,0.00007563
8901,0.00007563
8902,0.00007563
8903,0.00007563
8904,0.00007563
8905,0.00007563
8906,0.00007563
8907,0.00007563
8908,0.00007563
8909,0.00007563
8910,0.00007558
8911,0.00007558
8912,0.00007558
8913,0.00007558
8914,0.00007558
8915,0.00007558
8916,0.00007558
8917,0.00007558
8918,0.00007558
8919,0.00007558
8920,0.00007558
8921,0.00007558
8922,0.00007558
8923,0.00007558
8924,0.00007558
8925,0.00007558
8926,0.00007558
8927,0.00007558
8928,0.00007558
8929,0.00007558
8930,0.00007558
8931,0.00007558
8932,0.00007558
8933,0.00007558
8934,0.00007558
8935,0.00007558
8936,0.00007558
8937,0.00007558
8938,0.00007124
8939,0.00007124
8940,0.00007124
8941,0.00007124
8942,0.00007124
8943,0.00007124
8944,0.00007124
8945,0.00007124
8946,0.00007124
8947,0.00007124
8948,0.00007124
8949,0.00007124
8950,0.00007124
8951,0.00007124
8952,0.00007124
8953,0.00007124
8954,0.00007124
8955,0.00007124
8956,0.00007124
8957,0.00007124
8958,0.00007124
8959,0.00007124
8960,0.00007124
8961,0.00007124
8962,0.00007119
8963,0.00007119
8964,0.00007119
8965,0.00007119
8966,0.00007119
8967,0.00007119
8968,0.00007119
8969,0.00007119
8970,0.00007119
8971,0.00007119
8972,0.00007119
8973,0.00007119
8974,0.00007119
8975,0.00007119
8976,0.00006618
8977,0.00006618
8978,0.00006618
8979,0.00006618
8980,0.00006618
8981,0.00006618
8982,0.00006618
8983,0.00006618
8984,0.00006618
8985,0.00006618
8986,0.00006618
8987,0.00006618
8988,0.00006618
8989,0.00006618
8990,0.00006618
8991,0.00006618
8992,0.00006618
8993,0.00006618
8994,0.00006618
8995,0.00006618
8996,0.00006618
8997,0.00006618
8998,0.00006618
8999,0.00006618
9000,0.00006618
9001,0.00006618
9002,0.00006618
9003,0.00006618
9004,0.00006618
9005,0.00006618
9006,0.00006618
9007,0.00006618
9008,0.00006618
9009,0.00006618
9010,0.00006618
9011,0.00006618
9012,0.00006618
9013,0.00006618
9014,0.00006618
9015,0.00006618
9016,0.00006618
9017,0.00006618
9018,0.00006618
9019,0.00006618
9020,0.00006618
9021,0.00006618
9022,0.00006618
9023,0.00006618
9024,0.00006618
9025,0.00006618
9026,0.00006618
9027,0.00006618
9028,0.00006618
9029,0.00006618
9030,0.00006618
9031,0.00006618
9032,0.00006618
9033,0.00006618
9034,0.00006618
9035,0.00006618
9036,0.00006618
9037,0.00006618
9038,0.00006618
9039,0.00006618
9040,0.00006618
9041,0.00006618
9042,0.00006618
9043,0.00006618
9044,0.00006618
9045,0.00006618
9046,0.00006618
9047,0.00006618
9048,0.00006618
9049,0.00006618
9050,0.00006618
9051,0.00006618
9052,0.00006618
9053,0.00006618
9054,0.00006618
9055,0.00006618
9056,0.00006618
9057,0.00006618
9058,0.00006618
9059,0.00006618
9060,0.00006618
9061,0.00006618
9062,0.00006618
9063,0.00006618
9064,0.00006618
9065,0.00006618
9066,0.00006618
9067,0.00006618
9068,0.00006618
9069,0.00006618
9070,0.00006618
9071,0.00006618
9072,0.00006618
9073,0.00006618
9074,0.00006618
9075,0.00006618
9076,0.00006618
9077,0.00006618
9078,0.00006618
9079,0.00006618
9080,0.00006618
9081,0.00006618
9082,0.00006618
9083,0.00006618
9084,0.00006618
9085,0.00006618
9086,0.00006618
9087,0.00006618
9088,0.00006618
9089,0.00006618
9090,0.00006618
9091,0.00006618
9092,0.00006618
9093,0.00006618
9094,0.00006618
9095,0.00006618
9096,0.00006618
9097,0.00006618
9098,0.00006618
9099,0.00006618
9100,0.00006618
9101,0.00006618
9102,0.00006618
9103,0.00006618
9104,0.00006618
9105,0.00006618
9106,0.00006618
9107,0.00006618
9108,0.00006618
9109,0.00006618
9110,0.00006618
9111,0.00006618
9112,0.00006618
9113,0.00006618
9114,0.00006618
9115,0.00006618
9116,0.00006618
9117,0.00006618
9118,0.00006618
9119,0.00006618
9120,0.00006618
9121,0.00006618
9122,0.00006045
9123,0.00006045
9124,0.00006045
9125,0.00006045
9126,0.00006045
9127,0.00006045
9128,0.00006045
9129,0.00006045
9130,0.00006045
9131,0.00006045
9132,0.00006045
9133,0.00006045
9134,0.00006045
9135,0.00006045
9136,0.00006045
9137,0.00006045
9138,0.00006045
9139,0.00006045
9140,0.00006045
9141,0.00006045
9142,0.00006045
9143,0.00006045
9144,0.00006045
9145,0.00006045
9146,0.00006045
9147,0.00006045
9148,0.00006045
9149,0.00006045
9150,0.00006045
9151,0.00006045
9152,0.00006045
9153,0.00006045
9154,0.00006045
9155,0.00006045
9156,0.00006045
9157,0.00006045
9158,0.00006045
9159,0.00006045
9160,0.00006045
9161,0.00006045
9162,0.00006045
9163,0.00006045
9164,0.00006045
9165,0.00006045
9166,0.00006045
9167,0.00006045
9168,0.00006045
9169,0.00006045
9170,0.00006045
9171,0.00006045
9172,0.00006045
9173,0.00006045
9174,0.00006045
9175,0.00006045
9176,0.00006045
9177,0.00006045
9178,0.00006045
9179,0.00006045
9180,0.00006045
9181,0.00006045
9182,0.00006045
9183,0.00006045
9184,0.00006045
9185,0.00006045
9186,0.00006045
9187,0.00006045
9188,0.00006045
9189,0.00006045
9190,0.00006045
9191,0.00006045
9192,0.00006045
9193,0.00006045
9194,0.00006045
9195,0.00006045
9196,0.00006045
9197,0.00006045
9198,0.00006045
9199,0.00006045
9200,0.00006045
9201,0.00006045
9202,0.00006045
9203,0.00006045
9204,0.00006045
9205,0.00006045
9206,0.00006045
9207,0.00006045
9208,0.00006045
9209,0.00006045
9210,0.00006045
9211,0.00006045
9212,0.00006045
9213,0.00006045
9214,0.00006045
9215,0.00006045
9216,0.00006045
9217,0.00006045
9218,0.00006045
9219,0.00006045
9220,0.00006045
9221,0.00006045
9222,0.00006045
9223,0.00006045
9224,0.00006045
9225,0.00006045
9226,0.00006045
9227,0.00006045
9228,0.00006045
9229,0.00006045
9230,0.00006045
9231,0.00006045
9232,0.00006045
9233,0.00006045
9234,0.00006045
9235,0.00005576
9236,0.00005576
9237,0.00005576
9238,0.00005576
9239,0.00005576
9240,0.00005576
9241,0.00005576
9242,0.00005576
9243,0.00005576
9244,0.00005576
9245,0.00005576
9246,0.00005576
9247,0.00005576
9248,0.00005576
9249,0.00005576
9250,0.00005576
9251,0.00005576
9252,0.00005576
9253,0.00005576
9254,0.00005576
9255,0.00005576
9256,0.00005576
9257,0.00005576
9258,0.00005008
9259,0.00005008
9260,0.00005008
9261,0.00005008
9262,0.00005008
9263,0.00005008
9264,0.00005008
9265,0.00005008
9266,0.00005008
9267,0.00005008
9268,0.00005008
9269,0.00005008
9270,0.00005008
9271,0.00004445
9272,0.00004445
9273,0.00004445
9274,0.00004445
9275,0.00004445
9276,0.00004445
9277,0.00004445
9278,0.00004445
9279,0.00004445
9280,0.00004445
9281,0.00004445
9282,0.00003970
9283,0.00003970
9284,0.00003970
9285,0.00003970
9286,0.00003970
9287,0.00003970
9288,0.00003970
9289,0.00003970
9290,0.00003970
9291,0.00003970
9292,0.00003366
9293,0.00003366
9294,0.00003366
9295,0.00003366
9296,0.00003366
9297,0.00003366
9298,0.00003366
9299,0.00003366
9300,0.00002829
9301,0.00002829
9302,0.00002829
9303,0.00002829
9304,0.00002829
9305,0.00002829
9306,0.00002829
9307,0.00002829
9308,0.00002375
9309,0.00002375
9310,0.00002375
9311,0.00002375
9312,0.00002375
9313,0.00002375
9314,0.00002375
9315,0.00002375
9316,0.00002375
9317,0.00002019
9318,0.00002019
9319,0.00002019
9320,0.00002019
9321,0.00002019
9322,0.00002019
9323,0.00002019
9324,0.00002019
9325,0.00002019
9326,0.00001564
9327,0.00001564
9328,0.00001564
9329,0.00001564
9330,0.00001564
9331,0.00001564
9332,0.00001564
9333,0.00001564
9334,0.00001564
9335,0.00001564
9336,0.00001213
9337,0.00001213
9338,0.00001213
9339,0.00001213
9340,0.00001213
9341,0.00001213
9342,0.00001213
9343,0.00001213
9344,0.00001213
9345,0.00001213
9346,0.00001213
9347,0.00001213
9348,0.00001213
9349,0.00001213
9350,0.00001213
9351,0.00000971
9352,0.00000971
9353,0.00000971
9354,0.00000971
9355,0.00000971
9356,0.00000971
9357,0.00000971
9358,0.00000971
9359,0.00000971
9360,0.00000971
9361,0.00000971
9362,0.00000971
9363,0.00000971
9364,0.00000971
9365,0.00000971
9366,0.00000971
9367,0.00000971
9368,0.00000971
9369,0.00000971
9370,0.00000971
9371,0.00000971
9372,0.00000971
9373,0.00000971
9374,0.00000971
9375,0.00000971
9376,0.00000971
9377,0.00000971
9378,0.00000971
9379,0.00000971
9380,0.00000971
9381,0.00000971
9382,0.00000971
9383,0.00001213
9384,0.00001213
9385,0.00001213
9386,0.00001213
9387,0.00001213
9388,0.00001213
9389,0.00001213
9390,0.00001213
9391,0.00001213
9392,0.00001213
9393,0.00001213
9394,0.00001213
9395,0.00001213
9396,0.00001213
9397,0.00001213
9398,0.00001213
9399,0.00001213
9400,0.00001213
9401,0.00001213
9402,0.00001213
9403,0.00001213
9404,0.00001213
9405,0.00001213
9406,0.00001213
9407,0.00001213
9408,0.00001213
9409,0.00001213
9410,0.00001213
9411,0.00001213
9412,0.00001213
9413,0.00001213
9414,0.00001213
9415,0.00001213
9416,0.00001213
9417,0.00001213
9418,0.00001213
9419,0.00001213
9420,0.00001213
9421,0.00001213
9422,0.00001213
9423,0.00001213
9424,0.00001213
9425,0.00001213
9426,0.00001213
9427,0.00001213
9428,0.00001213
9429,0.00000971
9430,0.00000971
9431,0.00000971
9432,0.00000971
9433,0.00000971
9434,0.00000971
9435,0.00000971
9436,0.00000971
9437,0.00000971
9438,0.00000971
9439,0.00000971
9440,0.00000971
9441,0.00000971
9442,0.00000971
9443,0.00000971
9444,0.00000971
9445,0.00000733
9446,0.00000733
9447,0.00000733
9448,0.00000733
9449,0.00000733
9450,0.00000733
9451,0.00000733
9452,0.00000733
9453,0.00000733
9454,0.00000733
9455,0.00000733
9456,0.00000733
9457,0.00000733
9458,0.00000733
9459,0.00000733
9460,0.00000733
9461,0.00000733
9462,0.00000733
9463,0.00000733
9464,0.00000733
9465,0.00000733
9466,0.00000733
9467,0.00000733
9468,0.00000733
9469,0.00000733
9470,0.00000733
9471,0.00000733
9472,0.00000733
9473,0.00000563
9474,0.00000563
9475,0.00000563
9476,0.00000563
9477,0.00000563
9478,0.00000563
9479,0.00000563
9480,0.00000563
9481,0.00000563
9482,0.00000563
9483,0.00000563
9484,0.00000563
9485,0.00000563
9486,0.00000563
9487,0.00000563
9488,0.00000563
9489,0.00000563
9490,0.00000563
9491,0.00000563
9492,0.00000563
9493,0.00000563
9494,0.00000563
9495,0.00000563
9496,0.00000563
9497,0.00000563
9498,0.00000563
9499,0.00000563
9500,0.00000563
9501,0.00000563
9502,0.00000563
9503,0.00000563
9504,0.00000563
9505,0.00000563
9506,0.00000563
9507,0.00000563
9508,0.00000563
9509,0.00000563
9510,0.00000563
9511,0.00000563
9512,0.00000563
9513,0.00000563
9514,0.00000563
9515,0.00000563
9516,0.00000563
9517,0.00000563
9518,0.00000563
9519,0.00000563
9520,0.00000563
9521,0.00000563
9522,0.00000563
9523,0.00000563
9524,0.00000563
9525,0.00000563
9526,0.00000563
9527,0.00000459
9528,0.00000459
9529,0.00000459
9530,0.00000459
9531,0.00000459
9532,0.00000459
9533,0.00000459
9534,0.00000459
9535,0.00000459
9536,0.00000459
9537,0.00000459
9538,0.00000459
9539,0.00000459
9540,0.00000459
9541,0.00000459
9542,0.00000459
9543,0.00000459
9544,0.00000459
9545,0.00000459
9546,0.00000459
9547,0.00000459
9548,0.00000459
9549,0.00000459
9550,0.00000459
9551,0.00000459
9552,0.00000459
9553,0.00000459
9554,0.00000459
9555,0.00000459
9556,0.00000459
9557,0.00000459
9558,0.00000459
9559,0.00000459
9560,0.00000459
9561,0.00000459
9562,0.00000459
9563,0.00000459
9564,0.00000459
9565,0.00000459
9566,0.00000459
9567,0.00000459
9568,0.00000459
9569,0.00000459
9570,0.00000459
9571,0.00000459
9572,0.00000459
9573,0.00000459
9574,0.00000459
9575,0.00000459
9576,0.00000459
9577,0.00000459
9578,0.00000459
9579,0.00000459
9580,0.00000459
9581,0.00000459
9582,0.00000459
9583,0.00000459
9584,0.00000459
9585,0.00000459
9586,0.00000459
9587,0.00000459
9588,0.00000459
9589,0.00000459
9590,0.00000459
9591,0.00000459
9592,0.00000459
9593,0.00000459
9594,0.00000459
9595,0.00000459
9596,0.00000459
9597,0.00000459
9598,0.00000459
9599,0.00000459
9600,0.00000459
9601,0.00000459
9602,0.00000459
9603,0.00000459
9604,0.00000459
9605,0.00000459
9606,0.00000459
9607,0.00000459
9608,0.00000459
9609,0.00000563
9610,0.00000563
9611,0.00000563
9612,0.00000563
9613,0.00000563
9614,0.00000563
9615,0.00000563
9616,0.00000563
9617,0.00000563
9618,0.00000563
9619,0.00000563
9620,0.00000563
9621,0.00000563
9622,0.00000563
9623,0.00000563
9624,0.00000563
9625,0.00000563
9626,0.00000563
9627,0.00000563
9628,0.00000563
9629,0.00000563
9630,0.00000563
9631,0.00000563
9632,0.00000563
9633,0.00000563
9634,0.00000563
9635,0.00000563
9636,0.00000563
9637,0.00000563
9638,0.00000563
9639,0.00000563
9640,0.00000563
9641,0.00000563
9642,0.00000563
9643,0.00000563
9644,0.00000563
9645,0.00000563
9646,0.00000563
9647,0.00000563
9648,0.00000563
9649,0.00000563
9650,0.00000563
9651,0.00000563
9652,0.00000563
9653,0.00000563
9654,0.00000563
9655,0.00000563
9656,0.00000563
9657,0.00000563
9658,0.00000563
9659,0.00000563
9660,0.00000563
9661,0.00000563
9662,0.00000563
9663,0.00000563
9664,0.00000563
9665,0.00000563
9666,0.00000563
9667,0.00000563
9668,0.00000563
9669,0.00000563
9670,0.00000563
9671,0.00000563
9672,0.00000563
9673,0.00000563
9674,0.00000563
9675,0.00000563
9676,0.00000563
9677,0.00000563
9678,0.00000563
9679,0.00000563
9680,0.00000563
9681,0.00000563
9682,0.00000563
9683,0.00000563
9684,0.00000563
9685,0.00000563
9686,0.00000563
9687,0.00000563
9688,0.00000563
9689,0.00000563
9690,0.00000563
9691,0.00000563
9692,0.00000563
9693,0.00000563
9694,0.00000563
9695,0.00000563
9696,0.00000563
9697,0.00000563
9698,0.00000563
9699,0.00000563
9700,0.00000563
9701,0.00000563
9702,0.00000563
9703,0.00000459
9704,0.00000459
9705,0.00000459
9706,0.00000459
9707,0.00000459
9708,0.00000459
9709,0.00000459
9710,0.00000459
9711,0.00000459
9712,0.00000459
9713,0.00000459
9714,0.00000459
9715,0.00000459
9716,0.00000459
9717,0.00000459
9718,0.00000356
9719,0.00000356
9720,0.00000356
9721,0.00000356
9722,0.00000356
9723,0.00000356
9724,0.00000356
9725,0.00000356
9726,0.00000356
9727,0.00000356
9728,0.00000356
9729,0.00000356
9730,0.00000356
9731,0.00000356
9732,0.00000243
9733,0.00000243
9734,0.00000243
9735,0.00000243
9736,0.00000243
9737,0.00000243
9738,0.00000243
9739,0.00000243
9740,0.00000243
9741,0.00000243
9742,0.00000243
9743,0.00000243
9744,0.00000243
9745,0.00000243
9746,0.00000170
9747,0.00000170
9748,0.00000170
9749,0.00000170
9750,0.00000170
9751,0.00000170
9752,0.00000170
9753,0.00000170
9754,0.00000170
9755,0.00000170
9756,0.00000170
9757,0.00000170
9758,0.00000170
9759,0.00000170
9760,0.00000170
9761,0.00000170
9762,0.00000114
9763,0.00000114
9764,0.00000114
9765,0.00000114
9766,0.00000114
9767,0.00000114
9768,0.00000114
9769,0.00000114
9770,0.00000114
9771,0.00000114
9772,0.00000114
9773,0.00000114
9774,0.00000114
9775,0.00000114
9776,0.00000114
9777,0.00000114
9778,0.00000114
9779,0.00000114
9780,0.00000114
9781,0.00000114
9782,0.00000114
9783,0.00000114
9784,0.00000077
9785,0.00000077
9786,0.00000077
9787,0.00000077
9788,0.00000077
9789,0.00000077
9790,0.00000077
9791,0.00000077
9792,0.00000077
9793,0.00000077
9794,0.00000077
9795,0.00000077
9796,0.00000077
9797,0.00000077
9798,0.00000077
9799,0.00000077
9800,0.00000077
9801,0.00000077
9802,0.00000077
9803,0.00000077
9804,0.00000077
9805,0.00000077
9806,0.00000077
9807,0.00000077
9808,0.00000077
9809,0.00000077
9810,0.00000077
9811,0.00000077
9812,0.00000077
9813,0.00000077
9814,0.00000052
9815,0.00000052
9816,0.00000052
9817,0.00000052
9818,0.00000052
9819,0.00000052
9820,0.00000052
9821,0.00000052
9822,0.00000052
9823,0.00000052
9824,0.00000052
9825,0.00000052
9826,0.00000052
9827,0.00000052
9828,0.00000052
9829,0.00000052
9830,0.00000052
9831,0.00000052
9832,0.00000052
9833,0.00000052
9834,0.00000052
9835,0.00000052
9836,0.00000052
9837,0.00000052
9838,0.00000052
9839,0.00000052
9840,0.00000052
9841,0.00000052
9842,0.00000021
9843,0.00000021
9844,0.00000021
9845,0.00000021
9846,0.00000021
9847,0.00000021
9848,0.00000021
9849,0.00000021
9850,0.00000021
9851,0.00000021
9852,0.00000021
9853,0.00000021
9854,0.00000021
9855,0.00000021
9856,0.00000021
9857,0.00000021
9858,0.00000021
9859,0.00000021
9860,0.00000015
9861,0.00000015
9862,0.00000015
9863,0.00000015
9864,0.00000015
9865,0.00000015
9866,0.00000015
9867,0.00000015
9868,0.00000015
9869,0.00000015
9870,0.00000015
9871,0.00000015
9872,0.00000015
9873,0.00000015
9874,0.00000015
9875,0.00000015
9876,0.00000015
9877,0.00000015
9878,0.00000015
9879,0.00000015
9880,0.00000015
9881,0.00000015
9882,0.00000015
9883,0.00000015
9884,0.00000015
9885,0.00000005
9886,0.00000005
9887,0.00000005
9888,0.00000005
9889,0.00000005
9890,0.00000005
9891,0.00000005
9892,0.00000005
9893,0.00000005
9894,0.00000005
9895,0.00000005
9896,0.00000005
9897,0.00000005
9898,0.00000005
9899,0.00000005
9900,0.00000005
9901,0.00000005
9902,0.00000005
9903,0.00000005
9904,0.00000005
9905,0.00000005
9906,0.00000005
9907,0.00000000
9908,0.00000000
9909,0.00000000
9910,0.00000000
9911,0.00000000
9912,0.00000000
9913,0.00000000
9914,0.00000000
9915,0.00000000
9916,0.00000000
9917,0.00000000
9918,0.00000000
9919,0.00000000
9920,0.00000000
9921,0.00000000
9922,0.00000000
9923,0.00000000
9924,0.00000000
9925,0.00000000
9926,0.00000000
9927,0.00000000
9928,0.00000000
9929,0.00000000
9930,0.00000000
9931,0.00000000
9932,0.00000000
9933,0.00000000
9934,0.00000000
9935,0.00000000
9936,0.00000000
9937,0.00000000
9938,0.00000000
9939,0.00000000
9940,0.00000000
9941,0.00000000
9942,0.00000000
9943,0.00000000
9944,0.00000000
9945,0.00000000
9946,0.00000000
9947,0.00000000
9948,0.00000000
9949,0.00000000
9950,0.00000000
9951,0.00000000
9952,0.00000000
9953,0.00000000
9954,0.00000000
9955,0.00000000
9956,0.00000000
9957,0.00000000
9958,0.00000000
9959,0.00000000
9960,0.00000000
9961,0.00000000
9962,0.00000000
9963,0.00000000
9964,0.00000000
9965,0.00000000
9966,0.00000000
9967,0.00000000
9968,0.00000000
9969,0.00000000
9970,0.00000000
9971,0.00000000
9972,0.00000000
9973,0.00000000
9974,0.00000000
9975,0.00000000
9976,0.00000000
9977,0.00000000
9978,0.00000000
9979,0.00000000
9980,0.00000000
9981,0.00000000
9982,0.00000000
9983,0.00000000
9984,0.00000000
9985,0.00000000
9986,0.00000000
9987,0.00000000
9988,0.00000000
9989,0.00000000
9990,0.00000000
9991,0.00000000
9992,0.00000000
9993,0.00000000
9994,0.00000000
9995,0.00000000
9996,0.00000000
9997,0.00000000
9998,0.00000000
9999,0.00000000
10000,0.00000000
10001,0.00000000
10002,0.00000000
10003,0.00000000
10004,0.00000000
10005,0.00000000
10006,0.00000000
10007,0.00000000
10008,0.00000000
10009,0.00000000
10010,0.00000000
10011,0.00000000
10012,0.00000000
10013,0.00000000
10014,0.00000000
10015,0.00000000
10016,0.00000000
10017,0.00000000
10018,0.00000000
10019,0.00000000
10020,0.00000000
10021,0.00000000
10022,0.00000000
10023,0.00000000
10024,0.00000000
10025,0.00000000
10026,0.00000000
10027,0.00000000
10028,0.00000000
10029,0.00000000
10030,0.00000000
10031,0.00000000
10032,0.00000000
10033,0.00000000
10034,0.00000000
10035,0.00000000
10036,0.00000000
10037,0.00000000
10038,0.00000000
10039,0.00000000
10040,0.00000000
10041,0.00000000
10042,0.00000000
10043,0.00000000
10044,0.00000000
10045,0.00000000
10046,0.00000000
10047,0.00000000
10048,0.00000000
10049,0.00000000
10050,0.00000000
10051,0.00000000
10052,0.00000000
10053,0.00000000
10054,0.00000000
10055,0.00000000
10056,0.00000000
10057,0.00000000
10058,0.00000000
10059,0.00000000
10060,0.00000000
10061,0.00000000
10062,0.00000000
10063,0.00000000
10064,0.00000000
10065,0.00000000
10066,0.00000000
10067,0.00000000
10068,0.00000000
10069,0.00000000
10070,0.00000000
10071,0.00000000
10072,0.00000000
10073,0.00000000
10074,0.00000000
10075,0.00000000
10076,0.00000000
10077,0.00000000
10078,0.00000000
10079,0.00000000
10080,0.00000000
10081,0.00000000
10082,0.00000000
10083,0.00000000
10084,0.00000000
10085,0.00000000
10086,0.00000000
10087,0.00000000
10088,0.00000000
10089,0.00000000
10090,0.00000000
10091,0.00000000
10092,0.00000000
10093,0.00000000
10094,0.00000000
10095,0.00000000
10096,0.00000000
10097,0.00000000
10098,0.00000000
10099,0.00000000
10100,0.00000000
10101,0.00000000
10102,0.00000000
10103,0.00000000
10104,0.00000000
10105,0.00000000
10106,0.00000000
10107,0.00000000
10108,0.00000000
10109,0.00000000
10110,0.00000000
10111,0.00000000
10112,0.00000000
10113,0.00000000
10114,0.00000000
10115,0.00000000
10116,0.00000000
10117,0.00000000
10118,0.00000000
10119,0.00000000
10120,0.00000000
10121,0.00000000
10122,0.00000000
10123,0.00000000
10124,0.00000000
10125,0.00000000
10126,0.00000000
10127,0.00000000
10128,0.00000000
10129,0.00000000
10130,0.00000000
10131,0.00000000
10132,0.00000000
10133,0.00000000
10134,0.00000000
10135,0.00000000
10136,0.00000000
10137,0.00000000
10138,0.00000000
10139,0.00000000
10140,0.00000000
10141,0.00000000
10142,0.00000000
10143,0.00000000
10144,0.00000000
10145,0.00000000
10146,0.00000000
10147,0.00000000
10148,0.00000000
10149,0.00000000
10150,0.00000000
10151,0.00000000
10152,0.00000000
10153,0.00000000
10154,0.00000000
10155,0.00000000
10156,0.00000000
10157,0.00000000
10158,0.00000000
10159,0.00000000
10160,0.00000000
10161,0.00000000
10162,0.00000000
10163,0.00000000
10164,0.00000000
10165,0.00000000
10166,0.00000000
10167,0.00000000
10168,0.00000000
10169,0.00000000
10170,0.00000000
10171,0.00000000
10172,0.00000000
10173,0.00000000
10174,0.00000000
10175,0.00000000
10176,0.00000000
10177,0.00000000
10178,0.00000000
10179,0.00000000
10180,0.00000000
10181,0.00000000
10182,0.00000000
10183,0.00000000
10184,0.00000000
10185,0.00000000
10186,0.00000000
10187,0.00000000
10188,0.00000000
10189,0.00000000
10190,0.00000000
10191,0.00000000
10192,0.00000000
10193,0.00000000
10194,0.00000000
10195,0.00000000
10196,0.00000000
10197,0.00000000
10198,0.00000000
10199,0.00000000
10200,0.00000000
10201,0.00000000
10202,0.00000000
10203,0.00000000
10204,0.00000000
10205,0.00000000
10206,0.00000000
10207,0.00000000
10208,0.00000000
10209,0.00000000
10210,0.00000000
10211,0.00000000
10212,0.00000000
10213,0.00000000
10214,0.00000000
10215,0.00000000
10216,0.00000000
10217,0.00000000
10218,0.00000000
10219,0.00000000
10220,0.00000000
10221,0.00000000
10222,0.00000000
10223,0.00000000
10224,0.00000000
10225,0.00000000
10226,0.00000000
10227,0.00000000
10228,0.00000000
10229,0.00000000
10230,0.00000000
10231,0.00000000
10232,0.00000000
10233,0.00000000
10234,0.00000000
10235,0.00000000
10236,0.00000000
10237,0.00000000
10238,0.00000000
10239,0.00000000
10240,0.00000000
10241,0.00000000
10242,0.00000000
10243,0.00000000
10244,0.00000000
10245,0.00000000
10246,0.00000000
10247,0.00000000
10248,0.00000000
10249,0.00000000
10250,0.00000000
10251,0.00000000
10252,0.00000000
10253,0.00000000
10254,0.00000000
10255,0.00000000
10256,0.00000000
10257,0.00000000
10258,0.00000000
10259,0.00000000
10260,0.00000000
10261,0.00000000
10262,0.00000000
10263,0.00000000
10264,0.00000000
10265,0.00000000
10266,0.00000000
10267,0.00000000
10268,0.00000000
10269,0.00000000
10270,0.00000000
10271,0.00000000
10272,0.00000000
10273,0.00000000
10274,0.00000000
10275,0.00000000
10276,0.00000000
10277,0.00000000
10278,0.00000000
10279,0.00000000
10280,0.00000000
10281,0.00000000
10282,0.00000000
10283,0.00000000
10284,0.00000000
10285,0.00000000
10286,0.00000000
10287,0.00000000
10288,0.00000000
10289,0.00000000
10290,0.00000000
10291,0.00000000
10292,0.00000000
10293,0.00000000
10294,0.00000000
10295,0.00000000
10296,0.00000000
10297,0.00000000
10298,0.00000000
10299,0.00000000
10300,0.00000000
10301,0.00000000
10302,0.00000000
10303,0.00000000
10304,0.00000000
10305,0.00000000
10306,0.00000000
10307,0.00000000
10308,0.00000000
10309,0.00000000
10310,0.00000000
10311,0.00000000
10312,0.00000000
10313,0.00000000
10314,0.00000000
10315,0.00000000
10316,0.00000000
10317,0.00000000
10318,0.00000000
10319,0.00000000
10320,0.00000000
10321,0.00000000
10322,0.00000000
10323,0.00000000
10324,0.00000000
10325,0.00000000
10326,0.00000000
10327,0.00000000
10328,0.00000000
10329,0.00000000
10330,0.00000000
10331,0.00000000
10332,0.00000000
10333,0.00000000
10334,0.00000000
10335,0.00000000
10336,0.00000000
10337,0.00000000
10338,0.00000000
10339,0.00000000
10340,0.00000000
10341,0.00000000
10342,0.00000000
10343,0.00000000
10344,0.00000000
10345,0.00000000
10346,0.00000000
10347,0.00000000
10348,0.00000000
10349,0.00000000
10350,0.00000000
10351,0.00000000
10352,0.00000000
10353,0.00000000
10354,0.00000000
10355,0.00000000
10356,0.00000000
10357,0.00000000
10358,0.00000000
10359,0.00000000
10360,0.00000000
10361,0.00000000
10362,0.00000000
10363,0.00000000
10364,0.00000000
10365,0.00000000
10366,0.00000000
10367,0.00000000
10368,0.00000000
10369,0.00000000
10370,0.00000000
10371,0.00000000
10372,0.00000000
10373,0.00000000
10374,0.00000000
10375,0.00000000
10376,0.00000000
10377,0.00000000
10378,0.00000000
10379,0.00000000
10380,0.00000000
10381,0.00000000
10382,0.00000000
10383,0.00000000
10384,0.00000000
10385,0.00000000
10386,0.00000000
10387,0.00000000
10388,0.00000000
10389,0.00000000
10390,0.00000000
10391,0.00000000
10392,0.00000000
10393,0.00000000
10394,0.00000000
10395,0.00000000
10396,0.00000000
10397,0.00000000
10398,0.00000000
10399,0.00000000
10400,0.00000000
10401,0.00000000
10402,0.00000000
10403,0.00000000
10404,0.00000000
10405,0.00000000
10406,0.00000000
10407,0.00000000
10408,0.00000000
10409,0.00000000
10410,0.00000000
10411,0.00000000
10412,0.00000000
10413,0.00000000
10414,0.00000000
10415,0.00000000
10416,0.00000000
10417,0.00000000
10418,0.00000000
10419,0.00000000
10420,0.00000000
10421,0.00000000
10422,0.00000000
10423,0.00000000
10424,0.00000000
10425,0.00000000
10426,0.00000000
10427,0.00000000
10428,0.00000000
10429,0.00000000
10430,0.00000000
10431,0.00000000
10432,0.00000000
10433,0.00000000
10434,0.00000000
10435,0.00000000
10436,0.00000000
10437,0.00000000
10438,0.00000000
10439,0.00000000
10440,0.00000000
10441,0.00000000
10442,0.00000000
10443,0.00000000
10444,0.00000000
10445,0.00000000
10446,0.00000000
10447,0.00000000
10448,0.00000000
10449,0.00000000
10450,0.00000000
10451,0.00000000
10452,0.00000000
10453,0.00000000
10454,0.00000000
10455,0.00000000
10456,0.00000000
10457,0.00000000
10458,0.00000000
10459,0.00000000
10460,0.00000000
10461,0.00000000
10462,0.00000000
10463,0.00000000
10464,0.00000000
10465,0.00000000
10466,0.00000000
10467,0.00000000
10468,0.00000000
10469,0.00000000
10470,0.00000000
10471,0.00000000
10472,0.00000000
10473,0.00000000
10474,0.00000000
10475,0.00000000
10476,0.00000000
10477,0.00000000
10478,0.00000000
10479,0.00000000
10480,0.00000000
10481,0.00000000
10482,0.00000000
10483,0.00000000
10484,0.00000000
10485,0.00000000
10486,0.00000000
10487,0.00000000
10488,0.00000000
10489,0.00000000
10490,0.00000000
10491,0.00000000
10492,0.00000000
10493,0.00000000
10494,0.00000000
10495,0.00000000
10496,0.00000000
10497,0.00000000
10498,0.00000000
10499,0.00000000
10500,0.00000000
10501,0.00000000
10502,0.00000000
10503,0.00000000
10504,0.00000000
10505,0.00000000
10506,0.00000000
10507,0.00000000
10508,0.00000000
10509,0.00000000
10510,0.00000000
10511,0.00000000
10512,0.00000000
10513,0.00000000
10514,0.00000000
10515,0.00000000
10516,0.00000000
10517,0.00000000
10518,0.00000000
10519,0.00000000
10520,0.00000000
10521,0.00000000
10522,0.00000000
10523,0.00000000
10524,0.00000000
10525,0.00000000
10526,0.00000000
10527,0.00000000
10528,0.00000000
10529,0.00000000
10530,0.00000000
10531,0.00000000
10532,0.00000000
10533,0.00000000
10534,0.00000000
10535,0.00000000
10536,0.00000000
10537,0.00000000
10538,0.00000000
10539,0.00000000
10540,0.00000000
10541,0.00000000
10542,0.00000000
10543,0.00000000
10544,0.00000000
10545,0.00000000
10546,0.00000000
10547,0.00000000
10548,0.00000000
10549,0.00000000
10550,0.00000000
10551,0.00000000
10552,0.00000000
10553,0.00000000
10554,0.00000000
10555,0.00000000
10556,0.00000000
10557,0.00000000
10558,0.00000000
10559,0.00000000
10560,0.00000000
10561,0.00000000
10562,0.00000000
10563,0.00000000
10564,0.00000000
10565,0.00000000
10566,0.00000000
10567,0.00000000
10568,0.00000000
10569,0.00000000
10570,0.00000000
10571,0.00000000
10572,0.00000000
10573,0.00000000
10574,0.00000000
10575,0.00000000
10576,0.00000000
10577,0.00000000
10578,0.00000000
10579,0.00000000
10580,0.00000000
10581,0.00000000
10582,0.00000000
10583,0.00000000
10584,0.00000000
10585,0.00000000
10586,0.00000000
10587,0.00000000
10588,0.00000000
10589,0.00000000
10590,0.00000000
10591,0.00000000
10592,0.00000000
10593,0.00000000
10594,0.00000000
10595,0.00000000
10596,0.00000000
10597,0.00000000
10598,0.00000000
10599,0.00000000
10600,0.00000000
10601,0.00000000
10602,0.00000000
10603,0.00000000
10604,0.00000000
10605,0.00000000
10606,0.00000000
10607,0.00000000
10608,0.00000000
10609,0.00000000
10610,0.00000000
10611,0.00000000
10612,0.00000000
10613,0.00000000
10614,0.00000000
10615,0.00000000
10616,0.00000000
10617,0.00000000
10618,0.00000000
10619,0.00000000
10620,0.00000000
10621,0.00000000
10622,0.00000000
10623,0.00000000
10624,0.00000000
10625,0.00000000
10626,0.00000000
10627,0.00000000
10628,0.00000000
10629,0.00000000
10630,0.00000000
10631,0.00000000
10632,0.00000000
10633,0.00000000
10634,0.00000000
10635,0.00000000
10636,0.00000000
10637,0.00000000
10638,0.00000000
10639,0.00000000
10640,0.00000000
10641,0.00000000
10642,0.00000000
10643,0.00000000
10644,0.00000000
10645,0.00000000
10646,0.00000000
10647,0.00000000
10648,0.00000000
10649,0.00000000
10650,0.00000000
10651,0.00000000
10652,0.00000000
10653,0.00000000
10654,0.00000000
10655,0.00000000
10656,0.00000000
10657,0.00000000
10658,0.00000000
10659,0.00000000
10660,0.00000000
10661,0.00000000
10662,0.00000000
10663,0.00000000
10664,0.00000000
10665,0.00000000
10666,0.00000000
10667,0.00000000
10668,0.00000000
10669,0.00000000
10670,0.00000000
10671,0.00000000
10672,0.00000000
10673,0.00000000
10674,0.00000000
10675,0.00000000
10676,0.00000000
10677,0.00000000
10678,0.00000000
10679,0.00000000
10680,0.00000000
10681,0.00000000
10682,0.00000000
10683,0.00000000
10684,0.00000000
10685,0.00000000
10686,0.00000000
10687,0.00000000
10688,0.00000000
10689,0.00000000
10690,0.00000000
10691,0.00000000
10692,0.00000000
10693,0.00000000
10694,0.00000000
10695,0.00000000
10696,0.00000000
10697,0.00000000
10698,0.00000000
10699,0.00000000
10700,0.00000000
10701,0.00000000
10702,0.00000000
10703,0.00000000
10704,0.00000000
10705,0.00000000
10706,0.00000000
10707,0.00000000
10708,0.00000000
10709,0.00000000
10710,0.00000000
10711,0.00000000
10712,0.00000000
10713,0.00000000
10714,0.00000000
10715,0.00000000
10716,0.00000000
10717,0.00000000
10718,0.00000000
10719,0.00000000
10720,0.00000000
10721,0.00000000
10722,0.00000000
10723,0.00000000
10724,0.00000000
10725,0.00000000
10726,0.00000000
10727,0.00000000
10728,0.00000000
10729,0.00000000
10730,0.00000000
10731,0.00000000
10732,0.00000000
10733,0.00000000
10734,0.00000000
10735,0.00000000
10736,0.00000000
10737,0.00000000
10738,0.00000000
10739,0.00000000
10740,0.00000000
10741,0.00000000
10742,0.00000000
10743,0.00000000
10744,0.00000000
10745,0.00000000
10746,0.00000000
10747,0.00000000
10748,0.00000000
10749,0.00000000
10750,0.00000000
10751,0.00000000
10752,0.00000000
10753,0.00000000
10754,0.00000000
10755,0.00000000
10756,0.00000000
10757,0.00000000
10758,0.00000000
10759,0.00000000
10760,0.00000000
10761,0.00000000
10762,0.00000000
10763,0.00000000
10764,0.00000000
10765,0.00000000
10766,0.00000000
10767,0.00000000
10768,0.00000000
10769,0.00000000
10770,0.00000000
10771,0.00000000
10772,0.00000000
10773,0.00000000
10774,0.00000000
10775,0.00000000
10776,0.00000000
10777,0.00000000
10778,0.00000000
10779,0.00000000
10780,0.00000000
10781,0.00000000
10782,0.00000000
10783,0.00000000
10784,0.00000000
10785,0.00000000
10786,0.00000000
10787,0.00000000
10788,0.00000000
10789,0.00000000
10790,0.00000000
10791,0.00000000
10792,0.00000000
10793,0.00000000
10794,0.00000000
10795,0.00000000
10796,0.00000000
10797,0.00000000
10798,0.00000000
10799,0.00000000
10800,0.00000000
10801,0.00000000
10802,0.00000000
10803,0.00000000
10804,0.00000000
10805,0.00000000
10806,0.00000000
10807,0.00000000
10808,0.00000000
10809,0.00000000
10810,0.00000000
10811,0.00000000
10812,0.00000000
10813,0.00000000
10814,0.00000000
10815,0.00000000
10816,0.00000000
10817,0.00000000
10818,0.00000000
10819,0.00000000
10820,0.00000000
10821,0.00000000
10822,0.00000000
10823,0.00000000
10824,0.00000000
10825,0.00000000
10826,0.00000000
10827,0.00000000
10828,0.00000000
10829,0.00000000
10830,0.00000000
10831,0.00000000
10832,0.00000000
10833,0.00000000
10834,0.00000000
10835,0.00000000
10836,0.00000000
10837,0.00000000
10838,0.00000000
10839,0.00000000
10840,0.00000000
10841,0.00000000
10842,0.00000000
10843,0.00000000
10844,0.00000000
10845,0.00000000
10846,0.00000000
10847,0.00000000
10848,0.00000000
10849,0.00000000
10850,0.00000000
10851,0.00000000
10852,0.00000000
10853,0.00000000
10854,0.00000000
10855,0.00000000
10856,0.00000000
10857,0.00000000
10858,0.00000000
10859,0.00000000
10860,0.00000000
10861,0.00000000
10862,0.00000000
10863,0.00000000
10864,0.00000000
10865,0.00000000
10866,0.00000000
10867,0.00000000
10868,0.00000000
10869,0.00000000
10870,0.00000000
10871,0.00000000
10872,0.00000000
10873,0.00000000
10874,0.00000000
10875,0.00000000
10876,0.00000000
10877,0.00000000
10878,0.00000000
10879,0.00000000
10880,0.00000000
10881,0.00000000
10882,0.00000000
10883,0.00000000
10884,0.00000000
10885,0.00000000
10886,0.00000000
10887,0.00000000
10888,0.00000000
10889,0.00000000
10890,0.00000000
10891,0.00000000
10892,0.00000000
10893,0.00000000
10894,0.00000000
10895,0.00000000
10896,0.00000000
10897,0.00000000
10898,0.00000000
10899,0.00000000
10900,0.00000000
10901,0.00000000
10902,0.00000000
10903,0.00000000
10904,0.00000000
10905,0.00000000
10906,0.00000000
10907,0.00000000
10908,0.00000000
10909,0.00000000
10910,0.00000000
10911,0.00000000
10912,0.00000000
10913,0.00000000
10914,0.00000000
10915,0.00000000
10916,0.00000000
10917,0.00000000
10918,0.00000000
10919,0.00000000
10920,0.00000000
10921,0.00000000
10922,0.00000000
10923,0.00000000
10924,0.00000000
10925,0.00000000
10926,0.00000000
10927,0.00000000
10928,0.00000000
10929,0.00000000
10930,0.00000000
10931,0.00000000
10932,0.00000000
10933,0.00000000
10934,0.00000000
10935,0.00000000
10936,0.00000000
10937,0.00000000
10938,0.00000000
10939,0.00000000
10940,0.00000000
10941,0.00000000
10942,0.00000000
10943,0.00000000
10944,0.00000000
10945,0.00000000
10946,0.00000000
10947,0.00000000
10948,0.00000000
10949,0.00000000
10950,0.00000000
10951,0.00000000
10952,0.00000000
10953,0.00000000
10954,0.00000000
10955,0.00000000
10956,0.00000000
10957,0.00000000
10958,0.00000000
10959,0.00000000
10960,0.00000000
10961,0.00000000
10962,0.00000000
10963,0.00000000
10964,0.00000000
10965,0.00000000
10966,0.00000000
10967,0.00000000
10968,0.00000000
10969,0.00000000
10970,0.00000000
10971,0.00000000
10972,0.00000000
10973,0.00000000
10974,0.00000000
10975,0.00000000
10976,0.00000000
10977,0.00000000
10978,0.00000000
10979,0.00000000
10980,0.00000000
10981,0.00000000
10982,0.00000000
10983,0.00000000
10984,0.00000000
10985,0.00000000
10986,0.00000000
10987,0.00000000
10988,0.00000000
10989,0.00000000
10990,0.00000000
10991,0.00000000
10992,0.00000000
10993,0.00000000
10994,0.00000000
10995,0.00000000
10996,0.00000000
10997,0.00000000
10998,0.00000000
10999,0.00000000
