3000,0.00000000
3001,0.00000000
3002,0.00000000
3003,0.00000000
3004,0.00000000
3005,0.00000000
3006,0.00000000
3007,0.00000000
3008,0.00000000
3009,0.00000000
3010,0.00000000
3011,0.00000000
3012,0.00000000
3013,0.00000000
3014,0.00000000
3015,0.00000000
3016,0.00000000
3017,0.00000000
3018,0.00000000
3019,0.00000000
3020,0.00000000
3021,0.00000000
3022,0.00000000
3023,0.00000000
3024,0.00000000
3025,0.00000000
3026,0.00000000
3027,0.00000000
3028,0.00000000
3029,0.00000000
3030,0.00000000
3031,0.00000000
3032,0.00000000
3033,0.00000000
3034,0.00000000
3035,0.00000000
3036,0.00000000
3037,0.00000000
3038,0.00000000
3039,0.00000000
3040,0.00000000
3041,0.00000000
3042,0.00000000
3043,0.00000000
3044,0.00000000
3045,0.00000000
3046,0.00000000
3047,0.00000000
3048,0.00000000
3049,0.00000000
3050,0.00000000
3051,0.00000000
3052,0.00000000
3053,0.00000000
3054,0.00000000
3055,0.00000000
3056,0.00000000
3057,0.00000000
3058,0.00000000
3059,0.00000000
3060,0.00000000
3061,0.00000000
3062,0.00000000
3063,0.00000000
3064,0.00000000
3065,0.00000000
3066,0.00000000
3067,0.00000000
3068,0.00000000
3069,0.00000000
3070,0.00000000
3071,0.00000000
3072,0.00000000
3073,0.00000000
3074,0.00000000
3075,0.00000000
3076,0.00000000
3077,0.00000000
3078,0.00000000
3079,0.00000000
3080,0.00000000
3081,0.00000000
3082,0.00000000
3083,0.00000000
3084,0.00000000
3085,0.00000000
3086,0.00000000
3087,0.00000000
3088,0.00000000
3089,0.00000000
3090,0.00000000
3091,0.00000000
3092,0.00000000
3093,0.00000000
3094,0.00000000
3095,0.00000000
3096,0.00000000
3097,0.00000000
3098,0.00000000
3099,0.00000000
3100,0.00000000
3101,0.00000000
3102,0.00000000
3103,0.00000000
3104,0.00000000
3105,0.00000000
3106,0.00000000
3107,0.00000000
3108,0.00000000
3109,0.00000000
3110,0.00000000
3111,0.00000000
3112,0.00000000
3113,0.00000000
3114,0.00000000
3115,0.00000000
3116,0.00000000
3117,0.00000000
3118,0.00000000
3119,0.00000000
3120,0.00000000
3121,0.00000000
3122,0.00000000
3123,0.00000000
3124,0.00000000
3125,0.00000000
3126,0.00000000
3127,0.00000000
3128,0.00000000
3129,0.00000000
3130,0.00000000
3131,0.00000000
3132,0.00000000
3133,0.00000000
3134,0.00000000
3135,0.00000000
3136,0.00000000
3137,0.00000000
3138,0.00000000
3139,0.00000000
3140,0.00000000
3141,0.00000000
3142,0.00000000
3143,0.00000000
3144,0.00000000
3145,0.00000000
3146,0.00000000
3147,0.00000000
3148,0.00000000
3149,0.00000000
3150,0.00000000
3151,0.00000000
3152,0.00000000
3153,0.00000000
3154,0.00000000
3155,0.00000000
3156,0.00000000
3157,0.00000000
3158,0.00000000
3159,0.00000000
3160,0.00000000
3161,0.00000000
3162,0.00000000
3163,0.00000000
3164,0.00000000
3165,0.00000000
3166,0.00000000
3167,0.00000000
3168,0.00000000
3169,0.00000000
3170,0.00000000
3171,0.00000000
3172,0.00000000
3173,0.00000000
3174,0.00000000
3175,0.00000000
3176,0.00000000
3177,0.00000000
3178,0.00000000
3179,0.00000000
3180,0.00000000
3181,0.00000000
3182,0.00000000
3183,0.00000000
3184,0.00000000
3185,0.00000000
3186,0.00000000
3187,0.00000000
3188,0.00000000
3189,0.00000000
3190,0.00000000
3191,0.00000000
3192,0.00000000
3193,0.00000000
3194,0.00000000
3195,0.00000000
3196,0.00000000
3197,0.00000000
3198,0.00000000
3199,0.00000000
3200,0.00000000
3201,0.00000000
3202,0.00000000
3203,0.00000000
3204,0.00000000
3205,0.00000000
3206,0.00000000
3207,0.00000000
3208,0.00000000
3209,0.00000000
3210,0.00000000
3211,0.00000000
3212,0.00000000
3213,0.00000000
3214,0.00000000
3215,0.00000000
3216,0.00000000
3217,0.00000000
3218,0.00000000
3219,0.00000000
3220,0.00000000
3221,0.00000000
3222,0.00000000
3223,0.00000000
3224,0.00000000
3225,0.00000000
3226,0.00000000
3227,0.00000000
3228,0.00000000
3229,0.00000000
3230,0.00000000
3231,0.00000000
3232,0.00000000
3233,0.00000000
3234,0.00000000
3235,0.00000000
3236,0.00000000
3237,0.00000000
3238,0.00000000
3239,0.00000000
3240,0.00000000
3241,0.00000000
3242,0.00000000
3243,0.00000000
3244,0.00000000
3245,0.00000000
3246,0.00000000
3247,0.00000000
3248,0.00000000
3249,0.00000000
3250,0.00000000
3251,0.00000000
3252,0.00000000
3253,0.00000000
3254,0.00000000
3255,0.00000000
3256,0.00000000
3257,0.00000000
3258,0.00000000
3259,0.00000000
3260,0.00000000
3261,0.00000000
3262,0.00000000
3263,0.00000000
3264,0.00000000
3265,0.00000000
3266,0.00000000
3267,0.00000000
3268,0.00000000
3269,0.00000000
3270,0.00000000
3271,0.00000000
3272,0.00000000
3273,0.00000000
3274,0.00000000
3275,0.00000000
3276,0.00000000
3277,0.00000000
3278,0.00000000
3279,0.00000000
3280,0.00000000
3281,0.00000000
3282,0.00000000
3283,0.00000000
3284,0.00000000
3285,0.00000000
3286,0.00000000
3287,0.00000000
3288,0.00000000
3289,0.00000000
3290,0.00000000
3291,0.00000000
3292,0.00000000
3293,0.00000000
3294,0.00000000
3295,0.00000000
3296,0.00000000
3297,0.00000000
3298,0.00000000
3299,0.00000000
3300,0.00000000
3301,0.00000000
3302,0.00000000
3303,0.00000000
3304,0.00000000
3305,0.00000000
3306,0.00000000
3307,0.00000000
3308,0.00000000
3309,0.00000000
3310,0.00000000
3311,0.00000000
3312,0.00000000
3313,0.00000000
3314,0.00000000
3315,0.00000000
3316,0.00000000
3317,0.00000000
3318,0.00000000
3319,0.00000000
3320,0.00000000
3321,0.00000000
3322,0.00000000
3323,0.00000000
3324,0.00000000
3325,0.00000000
3326,0.00000000
3327,0.00000000
3328,0.00000000
3329,0.00000000
3330,0.00000000
3331,0.00000000
3332,0.00000000
3333,0.00000000
3334,0.00000000
3335,0.00000000
3336,0.00000000
3337,0.00000000
3338,0.00000000
3339,0.00000000
3340,0.00000000
3341,0.00000000
3342,0.00000000
3343,0.00000000
3344,0.00000000
3345,0.00000000
3346,0.00000000
3347,0.00000000
3348,0.00000000
3349,0.00000000
3350,0.00000000
3351,0.00000000
3352,0.00000000
3353,0.00000000
3354,0.00000000
3355,0.00000000
3356,0.00000000
3357,0.00000000
3358,0.00000000
3359,0.00000000
3360,0.00000000
3361,0.00000000
3362,0.00000000
3363,0.00000000
3364,0.00000000
3365,0.00000000
3366,0.00000000
3367,0.00000000
3368,0.00000000
3369,0.00000000
3370,0.00000000
3371,0.00000000
3372,0.00000000
3373,0.00000000
3374,0.00000000
3375,0.00000000
3376,0.00000000
3377,0.00000000
3378,0.00000000
3379,0.00000000
3380,0.00000000
3381,0.00000000
3382,0.00000000
3383,0.00000000
3384,0.00000000
3385,0.00000000
3386,0.00000000
3387,0.00000000
3388,0.00000000
3389,0.00000000
3390,0.00000000
3391,0.00000000
3392,0.00000000
3393,0.00000000
3394,0.00000000
3395,0.00000000
3396,0.00000000
3397,0.00000000
3398,0.00000000
3399,0.00000000
3400,0.00000000
3401,0.00000000
3402,0.00000000
3403,0.00000000
3404,0.00000000
3405,0.00000000
3406,0.00000000
3407,0.00000000
3408,0.00000000
3409,0.00000000
3410,0.00000000
3411,0.00000000
3412,0.00000000
3413,0.00000000
3414,0.00000000
3415,0.00000000
3416,0.00000000
3417,0.00000000
3418,0.00000000
3419,0.00000000
3420,0.00000000
3421,0.00000000
3422,0.00000000
3423,0.00000000
3424,0.00000000
3425,0.00000000
3426,0.00000000
3427,0.00000000
3428,0.00000000
3429,0.00000000
3430,0.00000000
3431,0.00000000
3432,0.00000000
3433,0.00000000
3434,0.00000000
3435,0.00000000
3436,0.00000000
3437,0.00000000
3438,0.00000000
3439,0.00000000
3440,0.00000000
3441,0.00000000
3442,0.00000000
3443,0.00000000
3444,0.00000000
3445,0.00000000
3446,0.00000000
3447,0.00000000
3448,0.00000000
3449,0.00000000
3450,0.00000000
3451,0.00000000
3452,0.00000000
3453,0.00000000
3454,0.00000000
3455,0.00000000
3456,0.00000000
3457,0.00000000
3458,0.00000000
3459,0.00000000
3460,0.00000000
3461,0.00000000
3462,0.00000000
3463,0.00000000
3464,0.00000000
3465,0.00000000
3466,0.00000000
3467,0.00000000
3468,0.00000000
3469,0.00000000
3470,0.00000000
3471,0.00000000
3472,0.00000000
3473,0.00000000
3474,0.00000000
3475,0.00000000
3476,0.00000000
3477,0.00000000
3478,0.00000000
3479,0.00000000
3480,0.00000000
3481,0.00000000
3482,0.00000000
3483,0.00000000
3484,0.00000000
3485,0.00000000
3486,0.00000000
3487,0.00000000
3488,0.00000000
3489,0.00000000
3490,0.00000000
3491,0.00000000
3492,0.00000000
3493,0.00000000
3494,0.00000000
3495,0.00000000
3496,0.00000000
3497,0.00000000
3498,0.00000000
3499,0.00000000
3500,0.00000000
3501,0.00000000
3502,0.00000000
3503,0.00000000
3504,0.00000000
3505,0.00000000
3506,0.00000000
3507,0.00000000
3508,0.00000000
3509,0.00000000
3510,0.00000000
3511,0.00000000
3512,0.00000000
3513,0.00000000
3514,0.00000000
3515,0.00000000
3516,0.00000000
3517,0.00000000
3518,0.00000000
3519,0.00000000
3520,0.00000000
3521,0.00000000
3522,0.00000000
3523,0.00000000
3524,0.00000000
3525,0.00000000
3526,0.00000000
3527,0.00000000
3528,0.00000000
3529,0.00000000
3530,0.00000000
3531,0.00000000
3532,0.00000000
3533,0.00000000
3534,0.00000000
3535,0.00000000
3536,0.00000000
3537,0.00000000
3538,0.00000000
3539,0.00000000
3540,0.00000000
3541,0.00000000
3542,0.00000000
3543,0.00000000
3544,0.00000000
3545,0.00000000
3546,0.00000000
3547,0.00000000
3548,0.00000000
3549,0.00000000
3550,0.00000000
3551,0.00000000
3552,0.00000000
3553,0.00000000
3554,0.00000000
3555,0.00000000
3556,0.00000000
3557,0.00000000
3558,0.00000000
3559,0.00000000
3560,0.00000000
3561,0.00000000
3562,0.00000000
3563,0.00000000
3564,0.00000000
3565,0.00000000
3566,0.00000000
3567,0.00000000
3568,0.00000000
3569,0.00000000
3570,0.00000000
3571,0.00000000
3572,0.00000000
3573,0.00000000
3574,0.00000000
3575,0.00000000
3576,0.00000000
3577,0.00000000
3578,0.00000000
3579,0.00000000
3580,0.00000000
3581,0.00000000
3582,0.00000000
3583,0.00000000
3584,0.00000000
3585,0.00000000
3586,0.00000000
3587,0.00000000
3588,0.00000000
3589,0.00000000
3590,0.00000000
3591,0.00000000
3592,0.00000000
3593,0.00000000
3594,0.00000000
3595,0.00000000
3596,0.00000000
3597,0.00000000
3598,0.00000000
3599,0.00000000
3600,0.00000000
3601,0.00000000
3602,0.00000000
3603,0.00000000
3604,0.00000000
3605,0.00000000
3606,0.00000000
3607,0.00000000
3608,0.00000000
3609,0.00000000
3610,0.00000000
3611,0.00000000
3612,0.00000000
3613,0.00000000
3614,0.00000000
3615,0.00000000
3616,0.00000000
3617,0.00000000
3618,0.00000000
3619,0.00000000
3620,0.00000000
3621,0.00000000
3622,0.00000000
3623,0.00000000
3624,0.00000000
3625,0.00000000
3626,0.00000000
3627,0.00000000
3628,0.00000000
3629,0.00000000
3630,0.00000000
3631,0.00000000
3632,0.00000000
3633,0.00000000
3634,0.00000000
3635,0.00000000
3636,0.00000000
3637,0.00000000
3638,0.00000000
3639,0.00000000
3640,0.00000000
3641,0.00000000
3642,0.00000000
3643,0.00000000
3644,0.00000000
3645,0.00000000
3646,0.00000000
3647,0.00000000
3648,0.00000000
3649,0.00000000
3650,0.00000000
3651,0.00000000
3652,0.00000000
3653,0.00000000
3654,0.00000000
3655,0.00000000
3656,0.00000000
3657,0.00000000
3658,0.00000000
3659,0.00000000
3660,0.00000000
3661,0.00000000
3662,0.00000000
3663,0.00000000
3664,0.00000000
3665,0.00000000
3666,0.00000000
3667,0.00000000
3668,0.00000000
3669,0.00000000
3670,0.00000000
3671,0.00000000
3672,0.00000000
3673,0.00000000
3674,0.00000000
3675,0.00000000
3676,0.00000000
3677,0.00000000
3678,0.00000000
3679,0.00000000
3680,0.00000000
3681,0.00000000
3682,0.00000000
3683,0.00000000
3684,0.00000000
3685,0.00000000
3686,0.00000000
3687,0.00000000
3688,0.00000000
3689,0.00000000
3690,0.00000000
3691,0.00000000
3692,0.00000000
3693,0.00000000
3694,0.00000000
3695,0.00000000
3696,0.00000000
3697,0.00000000
3698,0.00000000
3699,0.00000000
3700,0.00000000
3701,0.00000000
3702,0.00000000
3703,0.00000000
3704,0.00000000
3705,0.00000000
3706,0.00000000
3707,0.00000000
3708,0.00000000
3709,0.00000000
3710,0.00000000
3711,0.00000000
3712,0.00000000
3713,0.00000000
3714,0.00000000
3715,0.00000000
3716,0.00000000
3717,0.00000000
3718,0.00000000
3719,0.00000000
3720,0.00000000
3721,0.00000000
3722,0.00000000
3723,0.00000000
3724,0.00000000
3725,0.00000000
3726,0.00000000
3727,0.00000000
3728,0.00000000
3729,0.00000000
3730,0.00000000
3731,0.00000000
3732,0.00000000
3733,0.00000000
3734,0.00000000
3735,0.00000000
3736,0.00000000
3737,0.00000000
3738,0.00000000
3739,0.00000000
3740,0.00000000
3741,0.00000000
3742,0.00000000
3743,0.00000000
3744,0.00000000
3745,0.00000000
3746,0.00000000
3747,0.00000000
3748,0.00000000
3749,0.00000000
3750,0.00000000
3751,0.00000000
3752,0.00000000
3753,0.00000000
3754,0.00000000
3755,0.00000000
3756,0.00000000
3757,0.00000000
3758,0.00000000
3759,0.00000000
3760,0.00000000
3761,0.00000000
3762,0.00000000
3763,0.00000000
3764,0.00000000
3765,0.00000000
3766,0.00000000
3767,0.00000000
3768,0.00000000
3769,0.00000000
3770,0.00000000
3771,0.00000000
3772,0.00000000
3773,0.00000000
3774,0.00000000
3775,0.00000000
3776,0.00000000
3777,0.00000000
3778,0.00000000
3779,0.00000000
3780,0.00000000
3781,0.00000000
3782,0.00000000
3783,0.00000000
3784,0.00000000
3785,0.00000000
3786,0.00000000
3787,0.00000000
3788,0.00000000
3789,0.00000000
3790,0.00000000
3791,0.00000000
3792,0.00000000
3793,0.00000000
3794,0.00000000
3795,0.00000000
3796,0.00000000
3797,0.00000000
3798,0.00000000
3799,0.00000000
3800,0.00000000
3801,0.00000000
3802,0.00000000
3803,0.00000000
3804,0.00000000
3805,0.00000000
3806,0.00000000
3807,0.00000000
3808,0.00000000
3809,0.00000000
3810,0.00000000
3811,0.00000000
3812,0.00000000
3813,0.00000000
3814,0.00000000
3815,0.00000000
3816,0.00000000
3817,0.00000000
3818,0.00000000
3819,0.00000000
3820,0.00000000
3821,0.00000000
3822,0.00000000
3823,0.00000000
3824,0.00000000
3825,0.00000000
3826,0.00000000
3827,0.00000000
3828,0.00000000
3829,0.00000000
3830,0.00000000
3831,0.00000000
3832,0.00000000
3833,0.00000000
3834,0.00000000
3835,0.00000000
3836,0.00000000
3837,0.00000000
3838,0.00000000
3839,0.00000000
3840,0.00000000
3841,0.00000000
3842,0.00000000
3843,0.00000000
3844,0.00000000
3845,0.00000000
3846,0.00000000
3847,0.00000000
3848,0.00000000
3849,0.00000000
3850,0.00000000
3851,0.00000000
3852,0.00000000
3853,0.00000000
3854,0.00000000
3855,0.00000000
3856,0.00000000
3857,0.00000000
3858,0.00000000
3859,0.00000000
3860,0.00000000
3861,0.00000000
3862,0.00000000
3863,0.00000000
3864,0.00000000
3865,0.00000000
3866,0.00000000
3867,0.00000000
3868,0.00000000
3869,0.00000000
3870,0.00000000
3871,0.00000000
3872,0.00000000
3873,0.00000000
3874,0.00000000
3875,0.00000000
3876,0.00000000
3877,0.00000000
3878,0.00000000
3879,0.00000000
3880,0.00000000
3881,0.00000000
3882,0.00000000
3883,0.00000000
3884,0.00000000
3885,0.00000000
3886,0.00000000
3887,0.00000000
3888,0.00000000
3889,0.00000000
3890,0.00000000
3891,0.00000000
3892,0.00000000
3893,0.00000000
3894,0.00000000
3895,0.00000000
3896,0.00000000
3897,0.00000000
3898,0.00000000
3899,0.00000000
3900,0.00000000
3901,0.00000000
3902,0.00000000
3903,0.00000000
3904,0.00000000
3905,0.00000000
3906,0.00000000
3907,0.00000000
3908,0.00000000
3909,0.00000000
3910,0.00000000
3911,0.00000000
3912,0.00000000
3913,0.00000000
3914,0.00000000
3915,0.00000000
3916,0.00000000
3917,0.00000000
3918,0.00000000
3919,0.00000000
3920,0.00000000
3921,0.00000000
3922,0.00000000
3923,0.00000000
3924,0.00000000
3925,0.00000000
3926,0.00000000
3927,0.00000000
3928,0.00000000
3929,0.00000000
3930,0.00000000
3931,0.00000000
3932,0.00000000
3933,0.00000000
3934,0.00000000
3935,0.00000000
3936,0.00000000
3937,0.00000000
3938,0.00000000
3939,0.00000000
3940,0.00000000
3941,0.00000000
3942,0.00000000
3943,0.00000000
3944,0.00000000
3945,0.00000000
3946,0.00000000
3947,0.00000000
3948,0.00000000
3949,0.00000000
3950,0.00000000
3951,0.00000000
3952,0.00000000
3953,0.00000000
3954,0.00000000
3955,0.00000000
3956,0.00000000
3957,0.00000000
3958,0.00000000
3959,0.00000000
3960,0.00000000
3961,0.00000000
3962,0.00000000
3963,0.00000000
3964,0.00000000
3965,0.00000000
3966,0.00000000
3967,0.00000000
3968,0.00000000
3969,0.00000000
3970,0.00000000
3971,0.00000000
3972,0.00000000
3973,0.00000000
3974,0.00000000
3975,0.00000000
3976,0.00000000
3977,0.00000000
3978,0.00000000
3979,0.00000000
3980,0.00000000
3981,0.00000000
3982,0.00000000
3983,0.00000000
3984,0.00000000
3985,0.00000000
3986,0.00000000
3987,0.00000000
3988,0.00000000
3989,0.00000000
3990,0.00000000
3991,0.00000000
3992,0.00000000
3993,0.00000000
3994,0.00000000
3995,0.00000000
3996,0.00000000
3997,0.00000000
3998,0.00000000
3999,0.00000000
4000,0.00000000
4001,0.00000000
4002,0.00000000
4003,0.00000000
4004,0.00000000
4005,0.00000000
4006,0.00000000
4007,0.00000000
4008,0.00000000
4009,0.00000000
4010,0.00000000
4011,0.00000000
4012,0.00000000
4013,0.00000000
4014,0.00000000
4015,0.00000000
4016,0.00000000
4017,0.00000000
4018,0.00000000
4019,0.00000000
4020,0.00000000
4021,0.00000000
4022,0.00000000
4023,0.00000000
4024,0.00000000
4025,0.00000000
4026,0.00000000
4027,0.00000000
4028,0.00000000
4029,0.00000000
4030,0.00000000
4031,0.00000000
4032,0.00000000
4033,0.00000000
4034,0.00000000
4035,0.00000000
4036,0.00000000
4037,0.00000000
4038,0.00000000
4039,0.00000000
4040,0.00000000
4041,0.00000000
4042,0.00000000
4043,0.00000000
4044,0.00000000
4045,0.00000000
4046,0.00000000
4047,0.00000000
4048,0.00000000
4049,0.00000000
4050,0.00000000
4051,0.00000000
4052,0.00000000
4053,0.00000000
4054,0.00000000
4055,0.00000000
4056,0.00000000
4057,0.00000000
4058,0.00000000
4059,0.00000000
4060,0.00000000
4061,0.00000000
4062,0.00000000
4063,0.00000000
4064,0.00000000
4065,0.00000000
4066,0.00000000
4067,0.00000000
4068,0.00000000
4069,0.00000000
4070,0.00000000
4071,0.00000000
4072,0.00000000
4073,0.00000000
4074,0.00000000
4075,0.00000000
4076,0.00000000
4077,0.00000000
4078,0.00000000
4079,0.00000000
4080,0.00000000
4081,0.00000000
4082,0.00000000
4083,0.00000000
4084,0.00000000
4085,0.00000000
4086,0.00000000
4087,0.00000000
4088,0.00000000
4089,0.00000000
4090,0.00000000
4091,0.00000000
4092,0.00000000
4093,0.00000000
4094,0.00000000
4095,0.00000000
4096,0.00000000
4097,0.00000000
4098,0.00000000
4099,0.00000000
4100,0.00000000
4101,0.00000000
4102,0.00000000
4103,0.00000000
4104,0.00000000
4105,0.00000000
4106,0.00000000
4107,0.00000000
4108,0.00000000
4109,0.00000000
4110,0.00000000
4111,0.00000000
4112,0.00000000
4113,0.00000000
4114,0.00000000
4115,0.00000000
4116,0.00000000
4117,0.00000000
4118,0.00000000
4119,0.00000000
4120,0.00000000
4121,0.00000000
4122,0.00000000
4123,0.00000000
4124,0.00000000
4125,0.00000000
4126,0.00000000
4127,0.00000000
4128,0.00000000
4129,0.00000000
4130,0.00000000
4131,0.00000000
4132,0.00000000
4133,0.00000000
4134,0.00000000
4135,0.00000000
4136,0.00000000
4137,0.00000000
4138,0.00000000
4139,0.00000000
4140,0.00000000
4141,0.00000000
4142,0.00000000
4143,0.00000000
4144,0.00000000
4145,0.00000000
4146,0.00000000
4147,0.00000000
4148,0.00000000
4149,0.00000000
4150,0.00000000
4151,0.00000000
4152,0.00000000
4153,0.00000000
4154,0.00000000
4155,0.00000000
4156,0.00000000
4157,0.00000000
4158,0.00000000
4159,0.00000000
4160,0.00000000
4161,0.00000000
4162,0.00000000
4163,0.00000000
4164,0.00000000
4165,0.00000000
4166,0.00000000
4167,0.00000000
4168,0.00000000
4169,0.00000000
4170,0.00000000
4171,0.00000000
4172,0.00000000
4173,0.00000000
4174,0.00000000
4175,0.00000000
4176,0.00000000
4177,0.00000000
4178,0.00000000
4179,0.00000000
4180,0.00000000
4181,0.00000000
4182,0.00000000
4183,0.00000000
4184,0.00000000
4185,0.00000000
4186,0.00000000
4187,0.00000000
4188,0.00000000
4189,0.00000000
4190,0.00000000
4191,0.00000000
4192,0.00000000
4193,0.00000000
4194,0.00000000
4195,0.00000000
4196,0.00000000
4197,0.00000000
4198,0.00000000
4199,0.00000000
4200,0.00000000
4201,0.00000000
4202,0.00000000
4203,0.00000000
4204,0.00000000
4205,0.00000000
4206,0.00000000
4207,0.00000000
4208,0.00000000
4209,0.00000000
4210,0.00000000
4211,0.00000000
4212,0.00000000
4213,0.00000000
4214,0.00000000
4215,0.00000000
4216,0.00000000
4217,0.00000000
4218,0.00000000
4219,0.00000000
4220,0.00000000
4221,0.00000000
4222,0.00000000
4223,0.00000000
4224,0.00000000
4225,0.00000000
4226,0.00000000
4227,0.00000000
4228,0.00000000
4229,0.00000000
4230,0.00000000
4231,0.00000000
4232,0.00000000
4233,0.00000000
4234,0.00000000
4235,0.00000000
4236,0.00000000
4237,0.00000000
4238,0.00000000
4239,0.00000000
4240,0.00000000
4241,0.00000000
4242,0.00000000
4243,0.00000000
4244,0.00000000
4245,0.00000000
4246,0.00000000
4247,0.00000000
4248,0.00000000
4249,0.00000000
4250,0.00000000
4251,0.00000000
4252,0.00000000
4253,0.00000000
4254,0.00000000
4255,0.00000000
4256,0.00000000
4257,0.00000000
4258,0.00000000
4259,0.00000000
4260,0.00000000
4261,0.00000000
4262,0.00000000
4263,0.00000000
4264,0.00000000
4265,0.00000000
4266,0.00000000
4267,0.00000000
4268,0.00000000
4269,0.00000000
4270,0.00000000
4271,0.00000000
4272,0.00000000
4273,0.00000000
4274,0.00000000
4275,0.00000000
4276,0.00000000
4277,0.00000000
4278,0.00000000
4279,0.00000000
4280,0.00000000
4281,0.00000000
4282,0.00000000
4283,0.00000000
4284,0.00000000
4285,0.00000000
4286,0.00000000
4287,0.00000000
4288,0.00000000
4289,0.00000000
4290,0.00000000
4291,0.00000000
4292,0.00000000
4293,0.00000000
4294,0.00000000
4295,0.00000000
4296,0.00000000
4297,0.00000000
4298,0.00000000
4299,0.00000000
4300,0.00000000
4301,0.00000000
4302,0.00000000
4303,0.00000000
4304,0.00000000
4305,0.00000000
4306,0.00000000
4307,0.00000000
4308,0.00000000
4309,0.00000000
4310,0.00000000
4311,0.00000000
4312,0.00000000
4313,0.00000000
4314,0.00000000
4315,0.00000000
4316,0.00000000
4317,0.00000000
4318,0.00000000
4319,0.00000000
4320,0.00000000
4321,0.00000000
4322,0.00000000
4323,0.00000000
4324,0.00000000
4325,0.00000000
4326,0.00000000
4327,0.00000000
4328,0.00000000
4329,0.00000000
4330,0.00000000
4331,0.00000000
4332,0.00000000
4333,0.00000000
4334,0.00000000
4335,0.00000000
4336,0.00000000
4337,0.00000000
4338,0.00000000
4339,0.00000000
4340,0.00000000
4341,0.00000000
4342,0.00000000
4343,0.00000000
4344,0.00000000
4345,0.00000000
4346,0.00000000
4347,0.00000000
4348,0.00000000
4349,0.00000000
4350,0.00000000
4351,0.00000000
4352,0.00000000
4353,0.00000000
4354,0.00000000
4355,0.00000000
4356,0.00000000
4357,0.00000000
4358,0.00000000
4359,0.00000000
4360,0.00000000
4361,0.00000000
4362,0.00000000
4363,0.00000000
4364,0.00000000
4365,0.00000000
4366,0.00000000
4367,0.00000000
4368,0.00000000
4369,0.00000000
4370,0.00000000
4371,0.00000000
4372,0.00000000
4373,0.00000000
4374,0.00000000
4375,0.00000000
4376,0.00000000
4377,0.00000000
4378,0.00000000
4379,0.00000000
4380,0.00000000
4381,0.00000000
4382,0.00000000
4383,0.00000000
4384,0.00000000
4385,0.00000000
4386,0.00000000
4387,0.00000000
4388,0.00000000
4389,0.00000000
4390,0.00000000
4391,0.00000000
4392,0.00000000
4393,0.00000000
4394,0.00000000
4395,0.00000000
4396,0.00000000
4397,0.00000000
4398,0.00000000
4399,0.00000000
4400,0.00000000
4401,0.00000000
4402,0.00000000
4403,0.00000000
4404,0.00000000
4405,0.00000000
4406,0.00000000
4407,0.00000000
4408,0.00000000
4409,0.00000000
4410,0.00000000
4411,0.00000000
4412,0.00000000
4413,0.00000000
4414,0.00000000
4415,0.00000000
4416,0.00000000
4417,0.00000000
4418,0.00000000
4419,0.00000000
4420,0.00000000
4421,0.00000000
4422,0.00000000
4423,0.00000000
4424,0.00000000
4425,0.00000000
4426,0.00000000
4427,0.00000000
4428,0.00000000
4429,0.00000000
4430,0.00000000
4431,0.00000000
4432,0.00000000
4433,0.00000000
4434,0.00000000
4435,0.00000000
4436,0.00000000
4437,0.00000000
4438,0.00000000
4439,0.00000000
4440,0.00000000
4441,0.00000000
4442,0.00000000
4443,0.00000000
4444,0.00000000
4445,0.00000000
4446,0.00000000
4447,0.00000000
4448,0.00000000
4449,0.00000000
4450,0.00000000
4451,0.00000000
4452,0.00000000
4453,0.00000000
4454,0.00000000
4455,0.00000000
4456,0.00000000
4457,0.00000000
4458,0.00000000
4459,0.00000000
4460,0.00000000
4461,0.00000000
4462,0.00000000
4463,0.00000000
4464,0.00000000
4465,0.00000000
4466,0.00000000
4467,0.00000000
4468,0.00000000
4469,0.00000000
4470,0.00000000
4471,0.00000000
4472,0.00000000
4473,0.00000000
4474,0.00000000
4475,0.00000000
4476,0.00000000
4477,0.00000000
4478,0.00000000
4479,0.00000000
4480,0.00000000
4481,0.00000000
4482,0.00000000
4483,0.00000000
4484,0.00000000
4485,0.00000000
4486,0.00000000
4487,0.00000000
4488,0.00000000
4489,0.00000000
4490,0.00000000
4491,0.00000000
4492,0.00000000
4493,0.00000000
4494,0.00000000
4495,0.00000000
4496,0.00000000
4497,0.00000000
4498,0.00000000
4499,0.00000000
4500,0.00000000
4501,0.00000000
4502,0.00000000
4503,0.00000000
4504,0.00000000
4505,0.00000000
4506,0.00000000
4507,0.00000000
4508,0.00000000
4509,0.00000000
4510,0.00000000
4511,0.00000000
4512,0.00000000
4513,0.00000000
4514,0.00000000
4515,0.00000000
4516,0.00000000
4517,0.00000000
4518,0.00000000
4519,0.00000000
4520,0.00000000
4521,0.00000000
4522,0.00000000
4523,0.00000000
4524,0.00000000
4525,0.00000000
4526,0.00000000
4527,0.00000000
4528,0.00000000
4529,0.00000000
4530,0.00000000
4531,0.00000000
4532,0.00000000
4533,0.00000000
4534,0.00000000
4535,0.00000000
4536,0.00000000
4537,0.00000000
4538,0.00000000
4539,0.00000000
4540,0.00000000
4541,0.00000000
4542,0.00000000
4543,0.00000000
4544,0.00000000
4545,0.00000000
4546,0.00000000
4547,0.00000000
4548,0.00000000
4549,0.00000000
4550,0.00000000
4551,0.00000000
4552,0.00000000
4553,0.00000000
4554,0.00000000
4555,0.00000000
4556,0.00000000
4557,0.00000000
4558,0.00000000
4559,0.00000000
4560,0.00000000
4561,0.00000000
4562,0.00000000
4563,0.00000000
4564,0.00000000
4565,0.00000000
4566,0.00000000
4567,0.00000000
4568,0.00000000
4569,0.00000000
4570,0.00000000
4571,0.00000000
4572,0.00000000
4573,0.00000000
4574,0.00000000
4575,0.00000000
4576,0.00000000
4577,0.00000000
4578,0.00000000
4579,0.00000000
4580,0.00000000
4581,0.00000000
4582,0.00000000
4583,0.00000000
4584,0.00000000
4585,0.00000000
4586,0.00000000
4587,0.00000000
4588,0.00000000
4589,0.00000000
4590,0.00000000
4591,0.00000000
4592,0.00000000
4593,0.00000000
4594,0.00000000
4595,0.00000000
4596,0.00000000
4597,0.00000000
4598,0.00000000
4599,0.00000000
4600,0.00000000
4601,0.00000000
4602,0.00000000
4603,0.00000000
4604,0.00000000
4605,0.00000000
4606,0.00000000
4607,0.00000000
4608,0.00000000
4609,0.00000000
4610,0.00000000
4611,0.00000000
4612,0.00000000
4613,0.00000000
4614,0.00000000
4615,0.00000000
4616,0.00000000
4617,0.00000000
4618,0.00000000
4619,0.00000000
4620,0.00000000
4621,0.00000000
4622,0.00000000
4623,0.00000000
4624,0.00000000
4625,0.00000000
4626,0.00000000
4627,0.00000000
4628,0.00000000
4629,0.00000000
4630,0.00000000
4631,0.00000000
4632,0.00000000
4633,0.00000000
4634,0.00000000
4635,0.00000000
4636,0.00000000
4637,0.00000000
4638,0.00000000
4639,0.00000000
4640,0.00000000
4641,0.00000000
4642,0.00000000
4643,0.00000000
4644,0.00000000
4645,0.00000000
4646,0.00000000
4647,0.00000000
4648,0.00000000
4649,0.00000000
4650,0.00000000
4651,0.00000000
4652,0.00000000
4653,0.00000000
4654,0.00000000
4655,0.00000000
4656,0.00000000
4657,0.00000000
4658,0.00000000
4659,0.00000000
4660,0.00000000
4661,0.00000000
4662,0.00000000
4663,0.00000000
4664,0.00000000
4665,0.00000000
4666,0.00000000
4667,0.00000000
4668,0.00000000
4669,0.00000000
4670,0.00000000
4671,0.00000000
4672,0.00000000
4673,0.00000000
4674,0.00000000
4675,0.00000000
4676,0.00000000
4677,0.00000000
4678,0.00000000
4679,0.00000000
4680,0.00000000
4681,0.00000000
4682,0.00000000
4683,0.00000000
4684,0.00000000
4685,0.00000000
4686,0.00000000
4687,0.00000000
4688,0.00000000
4689,0.00000000
4690,0.00000000
4691,0.00000000
4692,0.00000000
4693,0.00000000
4694,0.00000000
4695,0.00000000
4696,0.00000000
4697,0.00000000
4698,0.00000000
4699,0.00000000
4700,0.00000000
4701,0.00000000
4702,0.00000000
4703,0.00000000
4704,0.00000000
4705,0.00000000
4706,0.00000000
4707,0.00000000
4708,0.00000000
4709,0.00000000
4710,0.00000000
4711,0.00000000
4712,0.00000000
4713,0.00000000
4714,0.00000000
4715,0.00000000
4716,0.00000000
4717,0.00000000
4718,0.00000000
4719,0.00000000
4720,0.00000000
4721,0.00000000
4722,0.00000000
4723,0.00000000
4724,0.00000000
4725,0.00000000
4726,0.00000000
4727,0.00000000
4728,0.00000000
4729,0.00000000
4730,0.00000000
4731,0.00000000
4732,0.00000000
4733,0.00000000
4734,0.00000000
4735,0.00000000
4736,0.00000000
4737,0.00000000
4738,0.00000000
4739,0.00000000
4740,0.00000000
4741,0.00000000
4742,0.00000000
4743,0.00000000
4744,0.00000000
4745,0.00000000
4746,0.00000000
4747,0.00000000
4748,0.00000000
4749,0.00000000
4750,0.00000000
4751,0.00000000
4752,0.00000000
4753,0.00000000
4754,0.00000000
4755,0.00000000
4756,0.00000000
4757,0.00000000
4758,0.00000000
4759,0.00000000
4760,0.00000000
4761,0.00000000
4762,0.00000000
4763,0.00000000
4764,0.00000000
4765,0.00000000
4766,0.00000000
4767,0.00000000
4768,0.00000000
4769,0.00000000
4770,0.00000000
4771,0.00000000
4772,0.00000000
4773,0.00000000
4774,0.00000000
4775,0.00000000
4776,0.00000000
4777,0.00000000
4778,0.00000000
4779,0.00000000
4780,0.00000000
4781,0.00000000
4782,0.00000000
4783,0.00000000
4784,0.00000000
4785,0.00000000
4786,0.00000000
4787,0.00000000
4788,0.00000000
4789,0.00000000
4790,0.00000000
4791,0.00000000
4792,0.00000000
4793,0.00000000
4794,0.00000000
4795,0.00000000
4796,0.00000000
4797,0.00000000
4798,0.00000000
4799,0.00000000
4800,0.00000000
4801,0.00000000
4802,0.00000000
4803,0.00000000
4804,0.00000000
4805,0.00000000
4806,0.00000000
4807,0.00000000
4808,0.00000000
4809,0.00000000
4810,0.00000000
4811,0.00000000
4812,0.00000000
4813,0.00000000
4814,0.00000000
4815,0.00000000
4816,0.00000000
4817,0.00000000
4818,0.00000000
4819,0.00000000
4820,0.00000000
4821,0.00000000
4822,0.00000000
4823,0.00000000
4824,0.00000000
4825,0.00000000
4826,0.00000000
4827,0.00000000
4828,0.00000000
4829,0.00000000
4830,0.00000000
4831,0.00000000
4832,0.00000000
4833,0.00000000
4834,0.00000000
4835,0.00000000
4836,0.00000000
4837,0.00000000
4838,0.00000000
4839,0.00000000
4840,0.00000000
4841,0.00000000
4842,0.00000000
4843,0.00000000
4844,0.00000000
4845,0.00000000
4846,0.00000000
4847,0.00000000
4848,0.00000000
4849,0.00000000
4850,0.00000000
4851,0.00000000
4852,0.00000000
4853,0.00000000
4854,0.00000000
4855,0.00000000
4856,0.00000000
4857,0.00000000
4858,0.00000000
4859,0.00000000
4860,0.00000000
4861,0.00000000
4862,0.00000000
4863,0.00000000
4864,0.00000000
4865,0.00000000
4866,0.00000000
4867,0.00000000
4868,0.00000000
4869,0.00000000
4870,0.00000000
4871,0.00000000
4872,0.00000000
4873,0.00000000
4874,0.00000000
4875,0.00000000
4876,0.00000000
4877,0.00000000
4878,0.00000000
4879,0.00000000
4880,0.00000000
4881,0.00000000
4882,0.00000000
4883,0.00000000
4884,0.00000000
4885,0.00000000
4886,0.00000000
4887,0.00000000
4888,0.00000000
4889,0.00000000
4890,0.00000000
4891,0.00000000
4892,0.00000000
4893,0.00000000
4894,0.00000000
4895,0.00000000
4896,0.00000000
4897,0.00000000
4898,0.00000000
4899,0.00000000
4900,0.00000000
4901,0.00000000
4902,0.00000000
4903,0.00000000
4904,0.00000000
4905,0.00000000
4906,0.00000000
4907,0.00000000
4908,0.00000000
4909,0.00000000
4910,0.00000000
4911,0.00000000
4912,0.00000000
4913,0.00000000
4914,0.00000000
4915,0.00000000
4916,0.00000000
4917,0.00000000
4918,0.00000000
4919,0.00000000
4920,0.00000000
4921,0.00000000
4922,0.00000000
4923,0.00000000
4924,0.00000000
4925,0.00000000
4926,0.00000000
4927,0.00000000
4928,0.00000000
4929,0.00000000
4930,0.00000000
4931,0.00000000
4932,0.00000000
4933,0.00000000
4934,0.00000000
4935,0.00000000
4936,0.00000000
4937,0.00000000
4938,0.00000000
4939,0.00000000
4940,0.00000000
4941,0.00000000
4942,0.00000000
4943,0.00000000
4944,0.00000000
4945,0.00000000
4946,0.00000000
4947,0.00000000
4948,0.00000000
4949,0.00000000
4950,0.00000000
4951,0.00000000
4952,0.00000000
4953,0.00000000
4954,0.00000000
4955,0.00000000
4956,0.00000000
4957,0.00000000
4958,0.00000000
4959,0.00000000
4960,0.00000000
4961,0.00000000
4962,0.00000000
4963,0.00000000
4964,0.00000000
4965,0.00000000
4966,0.00000000
4967,0.00000000
4968,0.00000000
4969,0.00000000
4970,0.00000000
4971,0.00000000
4972,0.00000000
4973,0.00000000
4974,0.00000000
4975,0.00000000
4976,0.00000000
4977,0.00000000
4978,0.00000000
4979,0.00000000
4980,0.00000000
4981,0.00000000
4982,0.00000000
4983,0.00000000
4984,0.00000000
4985,0.00000000
4986,0.00000000
4987,0.00000000
4988,0.00000000
4989,0.00000000
4990,0.00000000
4991,0.00000000
4992,0.00000000
4993,0.00000000
4994,0.00000000
4995,0.00000000
4996,0.00000000
4997,0.00000000
4998,0.00000000
4999,0.00000000
5000,0.00000000
5001,0.00000000
5002,0.00000000
5003,0.00000000
5004,0.00000000
5005,0.00000000
5006,0.00000000
5007,0.00000000
5008,0.00000000
5009,0.00000000
5010,0.00000000
5011,0.00000000
5012,0.00000000
5013,0.00000000
5014,0.00000000
5015,0.00000000
5016,0.00000000
5017,0.00000000
5018,0.00000000
5019,0.00000000
5020,0.00000000
5021,0.00000000
5022,0.00000000
5023,0.00000000
5024,0.00000000
5025,0.00000000
5026,0.00000000
5027,0.00000000
5028,0.00000000
5029,0.00000000
5030,0.00000000
5031,0.00000000
5032,0.00000000
5033,0.00000000
5034,0.00000000
5035,0.00000000
5036,0.00000000
5037,0.00000000
5038,0.00000000
5039,0.00000000
5040,0.00000000
5041,0.00000000
5042,0.00000000
5043,0.00000000
5044,0.00000000
5045,0.00000000
5046,0.00000000
5047,0.00000000
5048,0.00000000
5049,0.00000000
5050,0.00000000
5051,0.00000000
5052,0.00000000
5053,0.00000000
5054,0.00000000
5055,0.00000000
5056,0.00000000
5057,0.00000000
5058,0.00000000
5059,0.00000000
5060,0.00000000
5061,0.00000000
5062,0.00000000
5063,0.00000000
5064,0.00000000
5065,0.00000000
5066,0.00000000
5067,0.00000000
5068,0.00000000
5069,0.00000000
5070,0.00000000
5071,0.00000000
5072,0.00000000
5073,0.00000000
5074,0.00000000
5075,0.00000000
5076,0.00000000
5077,0.00000000
5078,0.00000000
5079,0.00000000
5080,0.00000000
5081,0.00000000
5082,0.00000000
5083,0.00000000
5084,0.00000000
5085,0.00000000
5086,0.00000000
5087,0.00000000
5088,0.00000000
5089,0.00000000
5090,0.00000000
5091,0.00000000
5092,0.00000000
5093,0.00000000
5094,0.00000000
5095,0.00000000
5096,0.00000000
5097,0.00000000
5098,0.00000000
5099,0.00000000
5100,0.00000000
5101,0.00000000
5102,0.00000000
5103,0.00000000
5104,0.00000000
5105,0.00000000
5106,0.00000000
5107,0.00000000
5108,0.00000000
5109,0.00000000
5110,0.00000000
5111,0.00000000
5112,0.00000000
5113,0.00000000
5114,0.00000000
5115,0.00000000
5116,0.00000000
5117,0.00000000
5118,0.00000000
5119,0.00000000
5120,0.00000000
5121,0.00000000
5122,0.00000000
5123,0.00000000
5124,0.00000000
5125,0.00000000
5126,0.00000000
5127,0.00000000
5128,0.00000000
5129,0.00000000
5130,0.00000000
5131,0.00000000
5132,0.00000000
5133,0.00000000
5134,0.00000000
5135,0.00000000
5136,0.00000000
5137,0.00000000
5138,0.00000000
5139,0.00000000
5140,0.00000000
5141,0.00000000
5142,0.00000000
5143,0.00000000
5144,0.00000000
5145,0.00000000
5146,0.00000000
5147,0.00000000
5148,0.00000000
5149,0.00000000
5150,0.00000000
5151,0.00000000
5152,0.00000000
5153,0.00000000
5154,0.00000000
5155,0.00000000
5156,0.00000000
5157,0.00000000
5158,0.00000000
5159,0.00000000
5160,0.00000000
5161,0.00000000
5162,0.00000000
5163,0.00000000
5164,0.00000000
5165,0.00000000
5166,0.00000000
5167,0.00000000
5168,0.00000000
5169,0.00000000
5170,0.00000000
5171,0.00000000
5172,0.00000000
5173,0.00000000
5174,0.00000000
5175,0.00000000
5176,0.00000000
5177,0.00000000
5178,0.00000000
5179,0.00000000
5180,0.00000000
5181,0.00000000
5182,0.00000000
5183,0.00000000
5184,0.00000000
5185,0.00000000
5186,0.00000000
5187,0.00000000
5188,0.00000000
5189,0.00000000
5190,0.00000000
5191,0.00000000
5192,0.00000000
5193,0.00000000
5194,0.00000000
5195,0.00000000
5196,0.00000000
5197,0.00000000
5198,0.00000000
5199,0.00000000
5200,0.00000000
5201,0.00000000
5202,0.00000000
5203,0.00000000
5204,0.00000000
5205,0.00000000
5206,0.00000000
5207,0.00000000
5208,0.00000000
5209,0.00000000
5210,0.00000000
5211,0.00000000
5212,0.00000000
5213,0.00000000
5214,0.00000000
5215,0.00000000
5216,0.00000000
5217,0.00000000
5218,0.00000000
5219,0.00000000
5220,0.00000000
5221,0.00000000
5222,0.00000000
5223,0.00000000
5224,0.00000000
5225,0.00000000
5226,0.00000000
5227,0.00000000
5228,0.00000000
5229,0.00000000
5230,0.00000000
5231,0.00000000
5232,0.00000000
5233,0.00000000
5234,0.00000000
5235,0.00000000
5236,0.00000000
5237,0.00000000
5238,0.00000000
5239,0.00000000
5240,0.00000000
5241,0.00000000
5242,0.00000000
5243,0.00000000
5244,0.00000000
5245,0.00000000
5246,0.00000000
5247,0.00000000
5248,0.00000000
5249,0.00000000
5250,0.00000000
5251,0.00000000
5252,0.00000000
5253,0.00000000
5254,0.00000000
5255,0.00000000
5256,0.00000000
5257,0.00000000
5258,0.00000000
5259,0.00000000
5260,0.00000000
5261,0.00000000
5262,0.00000000
5263,0.00000000
5264,0.00000000
5265,0.00000000
5266,0.00000000
5267,0.00000000
5268,0.00000000
5269,0.00000000
5270,0.00000000
5271,0.00000000
5272,0.00000000
5273,0.00000000
5274,0.00000000
5275,0.00000000
5276,0.00000000
5277,0.00000000
5278,0.00000000
5279,0.00000000
5280,0.00000000
5281,0.00000000
5282,0.00000000
5283,0.00000000
5284,0.00000000
5285,0.00000000
5286,0.00000000
5287,0.00000000
5288,0.00000000
5289,0.00000000
5290,0.00000000
5291,0.00000000
5292,0.00000000
5293,0.00000000
5294,0.00000000
5295,0.00000000
5296,0.00000000
5297,0.00000000
5298,0.00000000
5299,0.00000000
5300,0.00000000
5301,0.00000000
5302,0.00000000
5303,0.00000000
5304,0.00000000
5305,0.00000000
5306,0.00000000
5307,0.00000000
5308,0.00000000
5309,0.00000000
5310,0.00000000
5311,0.00000000
5312,0.00000000
5313,0.00000000
5314,0.00000000
5315,0.00000000
5316,0.00000000
5317,0.00000000
5318,0.00000000
5319,0.00000000
5320,0.00000000
5321,0.00000000
5322,0.00000000
5323,0.00000000
5324,0.00000000
5325,0.00000000
5326,0.00000000
5327,0.00000000
5328,0.00000000
5329,0.00000000
5330,0.00000000
5331,0.00000000
5332,0.00000000
5333,0.00000000
5334,0.00000000
5335,0.00000000
5336,0.00000000
5337,0.00000000
5338,0.00000000
5339,0.00000000
5340,0.00000000
5341,0.00000000
5342,0.00000000
5343,0.00000000
5344,0.00000000
5345,0.00000000
5346,0.00000000
5347,0.00000000
5348,0.00000000
5349,0.00000000
5350,0.00000000
5351,0.00000000
5352,0.00000000
5353,0.00000000
5354,0.00000000
5355,0.00000000
5356,0.00000000
5357,0.00000000
5358,0.00000000
5359,0.00000000
5360,0.00000000
5361,0.00000000
5362,0.00000000
5363,0.00000000
5364,0.00000000
5365,0.00000000
5366,0.00000000
5367,0.00000000
5368,0.00000000
5369,0.00000000
5370,0.00000000
5371,0.00082013
5372,0.00164039
5373,0.00246078
5374,0.00328130
5375,0.00410196
5376,0.00492386
5377,0.00576787
5378,0.00661240
5379,0.00743583
5380,0.00825976
5381,0.00908141
5382,0.00990306
5383,0.01072471
5384,0.01154636
5385,0.01236801
5386,0.01318967
5387,0.01401135
5388,0.01483304
5389,0.01567635
5390,0.01651966
5391,0.01734205
5392,0.01816450
5393,0.01898700
5394,0.01980953
5395,0.02063209
5396,0.02145468
5397,0.02227729
5398,0.02309991
5399,0.02392254
5400,0.02474516
5401,0.02558832
5402,0.02643139
5403,0.02725273
5404,0.02807396
5405,0.02889508
5406,0.02970936
5407,0.03052314
5408,0.03133642
5409,0.03214922
5410,0.03296153
5411,0.03378250
5412,0.03460344
5413,0.03544598
5414,0.03628853
5415,0.03710951
5416,0.03793056
5417,0.03875164
5418,0.03957274
5419,0.04039387
5420,0.04121501
5421,0.04285652
5422,0.04449803
5423,0.04616113
5424,0.04782424
5425,0.04946576
5426,0.05111881
5427,0.05277256
5428,0.05442701
5429,0.05610379
5430,0.05778130
5431,0.05942496
5432,0.06106864
5433,0.06271233
5434,0.06435604
5435,0.06602140
5436,0.06768673
5437,0.06933045
5438,0.07097424
5439,0.07261810
5440,0.07426209
5441,0.07592968
5442,0.07759752
5443,0.07924403
5444,0.08089085
5445,0.08253802
5446,0.08418556
5447,0.08583345
5448,0.08748170
5449,0.08915194
5450,0.09082254
5451,0.09246508
5452,0.09410772
5453,0.09575044
5454,0.09739321
5455,0.09905765
5456,0.10072209
5457,0.10236496
5458,0.10400788
5459,0.10565086
5460,0.10729387
5461,0.10896855
5462,0.11064352
5463,0.11229714
5464,0.11395100
5465,0.11560507
5466,0.11725931
5467,0.11893547
5468,0.12061190
5469,0.12226695
5470,0.12392227
5471,0.12560674
5472,0.12729225
5473,0.12900045
5474,0.13070970
5475,0.13239831
5476,0.13405769
5477,0.13571735
5478,0.13737729
5479,0.13905920
5480,0.14074139
5481,0.14239349
5482,0.14404567
5483,0.14569793
5484,0.14735027
5485,0.14902439
5486,0.15069858
5487,0.15235116
5488,0.15400382
5489,0.15565655
5490,0.15730937
5491,0.15898416
5492,0.16065904
5493,0.16231230
5494,0.16396564
5495,0.16561907
5496,0.16731034
5497,0.16900244
5498,0.17069537
5499,0.17241085
5500,0.17412718
5501,0.17578825
5502,0.17744950
5503,0.17911093
5504,0.18077255
5505,0.18245608
5506,0.18413980
5507,0.18580197
5508,0.18746433
5509,0.18912686
5510,0.19078958
5511,0.19247391
5512,0.19415842
5513,0.19582137
5514,0.19748450
5515,0.19914780
5516,0.20081128
5517,0.20249669
5518,0.20418228
5519,0.20584629
5520,0.20751049
5521,0.20917268
5522,0.21083503
5523,0.21251926
5524,0.21420365
5525,0.21586642
5526,0.21752933
5527,0.21919239
5528,0.22085559
5529,0.22254069
5530,0.22422593
5531,0.22589346
5532,0.22756119
5533,0.22922912
5534,0.23089725
5535,0.23258735
5536,0.23427765
5537,0.23594639
5538,0.23761532
5539,0.23928445
5540,0.24095379
5541,0.24264604
5542,0.24433852
5543,0.24600943
5544,0.24768056
5545,0.24935190
5546,0.25108005
5547,0.25280917
5548,0.25453925
5549,0.25629211
5550,0.25804595
5551,0.25971287
5552,0.26137990
5553,0.26304704
5554,0.26471430
5555,0.26640350
5556,0.26809281
5557,0.26976042
5558,0.27142814
5559,0.27309599
5560,0.27476394
5561,0.27640757
5562,0.27805075
5563,0.27967166
5564,0.28129212
5565,0.28291213
5566,0.28459586
5567,0.28630171
5568,0.28800787
5569,0.28969253
5570,0.29137751
5571,0.29306655
5572,0.29475596
5573,0.29646753
5574,0.29817947
5575,0.29986993
5576,0.30156074
5577,0.30325191
5578,0.30494343
5579,0.30665714
5580,0.30837121
5581,0.31003360
5582,0.31169603
5583,0.31335847
5584,0.31502095
5585,0.31670529
5586,0.31838965
5587,0.32005221
5588,0.32171479
5589,0.32337739
5590,0.32504002
5591,0.32673876
5592,0.32843768
5593,0.33011493
5594,0.33179234
5595,0.33346993
5596,0.33507213
5597,0.33667373
5598,0.33827476
5599,0.33989703
5600,0.34151870
5601,0.34321745
5602,0.34491659
5603,0.34661612
5604,0.34831603
5605,0.35003817
5606,0.35176071
5607,0.35346179
5608,0.35516326
5609,0.35686511
5610,0.35856735
5611,0.36026308
5612,0.36195893
5613,0.36363305
5614,0.36530728
5615,0.36698163
5616,0.36857288
5617,0.37018535
5618,0.37179717
5619,0.37338650
5620,0.37497519
5621,0.37664635
5622,0.37831760
5623,0.38001079
5624,0.38170408
5625,0.38337564
5626,0.38504729
5627,0.38652248
5628,0.38799775
5629,0.38883968
5630,0.38968166
5631,0.39055241
5632,0.39142334
5633,0.39229444
5634,0.39316571
5635,0.39403716
5636,0.39490878
5637,0.39580244
5638,0.39669628
5639,0.39756843
5640,0.39844075
5641,0.39921175
5642,0.39998247
5643,0.40075294
5644,0.40152314
5645,0.40229308
5646,0.40315397
5647,0.40401498
5648,0.40487612
5649,0.40573738
5650,0.40659877
5651,0.40748227
5652,0.40836589
5653,0.40922778
5654,0.41008980
5655,0.41095195
5656,0.41181422
5657,0.41267662
5658,0.41353914
5659,0.41440180
5660,0.41526457
5661,0.41614318
5662,0.41702197
5663,0.41728826
5664,0.41755460
5665,0.41760212
5666,0.41764965
5667,0.41769717
5668,0.41774470
5669,0.41779223
5670,0.41783976
5671,0.41784965
5672,0.41785953
5673,0.41786941
5674,0.41787929
5675,0.41788916
5676,0.41789904
5677,0.41790891
5678,0.41791878
5679,0.41792865
5680,0.41793851
5681,0.41788149
5682,0.41782446
5683,0.41776741
5684,0.41771034
5685,0.41765325
5686,0.41759615
5687,0.41753903
5688,0.41748189
5689,0.41742474
5690,0.41736757
5691,0.41739781
5692,0.41742805
5693,0.41745828
5694,0.41748852
5695,0.41751876
5696,0.41754900
5697,0.41757923
5698,0.41760947
5699,0.41763970
5700,0.41766994
5701,0.41780200
5702,0.41793409
5703,0.41806619
5704,0.41819831
5705,0.41833044
5706,0.41836784
5707,0.41840524
5708,0.41844263
5709,0.41848003
5710,0.41851743
5711,0.41856625
5712,0.41861508
5713,0.41866391
5714,0.41871274
5715,0.41876157
5716,0.41881041
5717,0.41885924
5718,0.41890808
5719,0.41895692
5720,0.41900576
5721,0.41902419
5722,0.41904263
5723,0.41906106
5724,0.41907949
5725,0.41909792
5726,0.41911634
5727,0.41913476
5728,0.41915319
5729,0.41917161
5730,0.41919002
5731,0.41931637
5732,0.41944272
5733,0.41956909
5734,0.41969547
5735,0.41982187
5736,0.41985329
5737,0.41988471
5738,0.41991614
5739,0.41994756
5740,0.41997898
5741,0.42001070
5742,0.42004243
5743,0.42007415
5744,0.42010587
5745,0.42013759
5746,0.42016932
5747,0.42020104
5748,0.42023276
5749,0.42026448
5750,0.42029620
5751,0.42042403
5752,0.42055188
5753,0.42067974
5754,0.42080761
5755,0.42093550
5756,0.42096827
5757,0.42100104
5758,0.42103381
5759,0.42106658
5760,0.42109935
5761,0.42122616
5762,0.42135298
5763,0.42147981
5764,0.42160666
5765,0.42173352
5766,0.42176519
5767,0.42179686
5768,0.42182853
5769,0.42186020
5770,0.42189187
5771,0.42200511
5772,0.42211836
5773,0.42223162
5774,0.42234488
5775,0.42245814
5776,0.42247616
5777,0.42249417
5778,0.42251218
5779,0.42253018
5780,0.42254818
5781,0.42268424
5782,0.42282032
5783,0.42295642
5784,0.42309254
5785,0.42322867
5786,0.42326950
5787,0.42331032
5788,0.42335115
5789,0.42339197
5790,0.42343280
5791,0.42355930
5792,0.42368581
5793,0.42381233
5794,0.42393887
5795,0.42406542
5796,0.42409658
5797,0.42412773
5798,0.42415889
5799,0.42419004
5800,0.42422119
5801,0.42423831
5802,0.42425542
5803,0.42427253
5804,0.42428963
5805,0.42430674
5806,0.42441930
5807,0.42453186
5808,0.42464444
5809,0.42475701
5810,0.42486960
5811,0.42488978
5812,0.42490995
5813,0.42493013
5814,0.42495030
5815,0.42497048
5816,0.42508615
5817,0.42520183
5818,0.42531752
5819,0.42543321
5820,0.42554891
5821,0.42556492
5822,0.42558093
5823,0.42559693
5824,0.42561293
5825,0.42562893
5826,0.42574047
5827,0.42585201
5828,0.42596356
5829,0.42607511
5830,0.42618666
5831,0.42621575
5832,0.42624484
5833,0.42627393
5834,0.42630302
5835,0.42633211
5836,0.42636084
5837,0.42638935
5838,0.42641775
5839,0.42644614
5840,0.42647464
5841,0.42652177
5842,0.42656918
5843,0.42661694
5844,0.42666511
5845,0.42671375
5846,0.42685824
5847,0.42700307
5848,0.42714841
5849,0.42729438
5850,0.42744109
5851,0.42746756
5852,0.42749492
5853,0.42752323
5854,0.42755253
5855,0.42758286
5856,0.42761439
5857,0.42764705
5858,0.42768076
5859,0.42771543
5860,0.42775094
5861,0.42777528
5862,0.42780020
5863,0.42782555
5864,0.42785118
5865,0.42787689
5866,0.42790233
5867,0.42792785
5868,0.42795343
5869,0.42797905
5870,0.42800468
5871,0.42795938
5872,0.42791398
5873,0.42786843
5874,0.42782266
5875,0.42777661
5876,0.42763443
5877,0.42749236
5878,0.42735040
5879,0.42720852
5880,0.42706672
5881,0.42682354
5882,0.42658042
5883,0.42633737
5884,0.42609441
5885,0.42585154
5886,0.42570586
5887,0.42556078
5888,0.42541590
5889,0.42527085
5890,0.42512529
5891,0.42516368
5892,0.42520100
5893,0.42523699
5894,0.42527140
5895,0.42530403
5896,0.42523874
5897,0.42517167
5898,0.42510268
5899,0.42503171
5900,0.42495869
5901,0.42517397
5902,0.42538724
5903,0.42559854
5904,0.42580796
5905,0.42601562
5906,0.42622149
5907,0.42642558
5908,0.42662810
5909,0.42682929
5910,0.42702941
5911,0.42693928
5912,0.42684866
5913,0.42675792
5914,0.42666741
5915,0.42657753
5916,0.42639269
5917,0.42620799
5918,0.42602343
5919,0.42583898
5920,0.42565465
5921,0.42567507
5922,0.42569562
5923,0.42571629
5924,0.42573711
5925,0.42575807
5926,0.42606752
5927,0.42637673
5928,0.42668577
5929,0.42699470
5930,0.42730358
5931,0.42742613
5932,0.42754870
5933,0.42767132
5934,0.42779401
5935,0.42791679
5936,0.42775013
5937,0.42758332
5938,0.42741663
5939,0.42725036
5940,0.42708473
5941,0.42670914
5942,0.42633463
5943,0.42596140
5944,0.42558960
5945,0.42521936
5946,0.42542835
5947,0.42563870
5948,0.42585052
5949,0.42606392
5950,0.42627893
5951,0.42660026
5952,0.42692324
5953,0.42724782
5954,0.42757392
5955,0.42790142
5956,0.42803757
5957,0.42817536
5958,0.42831462
5959,0.42845521
5960,0.42859694
5961,0.42864605
5962,0.42869584
5963,0.42874607
5964,0.42879647
5965,0.42884673
5966,0.42879988
5967,0.42875309
5968,0.42870634
5969,0.42865961
5970,0.42861288
5971,0.42867065
5972,0.42872836
5973,0.42878594
5974,0.42884333
5975,0.42890044
5976,0.42905400
5977,0.42920774
5978,0.42936165
5979,0.42951573
5980,0.42966995
5981,0.42970545
5982,0.42974108
5983,0.42977683
5984,0.42981273
5985,0.42984878
5986,0.42988607
5987,0.42992400
5988,0.42996218
5989,0.43000022
5990,0.43003779
5991,0.43018790
5992,0.43033695
5993,0.43048467
5994,0.43063083
5995,0.43077521
5996,0.43082098
5997,0.43086495
5998,0.43090701
5999,0.43094706
6000,0.43098505
6001,0.43111202
6002,0.43123694
6003,0.43135986
6004,0.43148087
6005,0.43160009
6006,0.43162062
6007,0.43163933
6008,0.43165644
6009,0.43167220
6010,0.43168686
6011,0.43171631
6012,0.43174528
6013,0.43177411
6014,0.43180319
6015,0.43183291
6016,0.43186388
6017,0.43189500
6018,0.43192626
6019,0.43195765
6020,0.43198916
6021,0.43209407
6022,0.43219911
6023,0.43230428
6024,0.43240959
6025,0.43251506
6026,0.43252338
6027,0.43253142
6028,0.43253925
6029,0.43254695
6030,0.43255458
6031,0.43257935
6032,0.43260413
6033,0.43262896
6034,0.43265384
6035,0.43267880
6036,0.43280051
6037,0.43292231
6038,0.43304440
6039,0.43316694
6040,0.43329007
6041,0.43329057
6042,0.43329192
6043,0.43329423
6044,0.43329760
6045,0.43330212
6046,0.43340490
6047,0.43350872
6048,0.43361355
6049,0.43371934
6050,0.43382604
6051,0.43386068
6052,0.43389605
6053,0.43393203
6054,0.43396849
6055,0.43400528
6056,0.43413934
6057,0.43427389
6058,0.43440888
6059,0.43454423
6060,0.43467987
6061,0.43472372
6062,0.43476767
6063,0.43481162
6064,0.43485546
6065,0.43489907
6066,0.43503952
6067,0.43517999
6068,0.43532047
6069,0.43546098
6070,0.43560151
6071,0.43563051
6072,0.43565951
6073,0.43568851
6074,0.43571751
6075,0.43574651
6076,0.43587278
6077,0.43599906
6078,0.43612535
6079,0.43625165
6080,0.43637796
6081,0.43640242
6082,0.43642686
6083,0.43645131
6084,0.43647576
6085,0.43650020
6086,0.43662197
6087,0.43674375
6088,0.43686554
6089,0.43698734
6090,0.43710915
6091,0.43715031
6092,0.43719147
6093,0.43723262
6094,0.43727378
6095,0.43731494
6096,0.43745351
6097,0.43759209
6098,0.43773069
6099,0.43786931
6100,0.43800795
6101,0.43814979
6102,0.43829164
6103,0.43843352
6104,0.43857542
6105,0.43871734
6106,0.43876178
6107,0.43880622
6108,0.43885066
6109,0.43889510
6110,0.43893954
6111,0.43905652
6112,0.43917351
6113,0.43929051
6114,0.43940751
6115,0.43952452
6116,0.43954397
6117,0.43956341
6118,0.43958285
6119,0.43960229
6120,0.43962173
6121,0.43976223
6122,0.43990275
6123,0.44004329
6124,0.44018385
6125,0.44032443
6126,0.44036738
6127,0.44041034
6128,0.44045329
6129,0.44049625
6130,0.44053921
6131,0.44066870
6132,0.44079820
6133,0.44092771
6134,0.44105724
6135,0.44118678
6136,0.44131633
6137,0.44144590
6138,0.44157547
6139,0.44170506
6140,0.44183467
6141,0.44185475
6142,0.44187484
6143,0.44189492
6144,0.44191500
6145,0.44193508
6146,0.44205293
6147,0.44217079
6148,0.44228866
6149,0.44240653
6150,0.44252441
6151,0.44256052
6152,0.44259664
6153,0.44263275
6154,0.44266887
6155,0.44270498
6156,0.44283894
6157,0.44297291
6158,0.44310689
6159,0.44324090
6160,0.44337491
6161,0.44342641
6162,0.44347790
6163,0.44352939
6164,0.44358089
6165,0.44363238
6166,0.44378182
6167,0.44393129
6168,0.44408077
6169,0.44423028
6170,0.44437982
6171,0.44441143
6172,0.44444304
6173,0.44447465
6174,0.44450626
6175,0.44453787
6176,0.44466751
6177,0.44479716
6178,0.44492682
6179,0.44505650
6180,0.44518619
6181,0.44521278
6182,0.44523937
6183,0.44526597
6184,0.44529255
6185,0.44531914
6186,0.44534572
6187,0.44537230
6188,0.44539888
6189,0.44542546
6190,0.44545203
6191,0.44558326
6192,0.44571451
6193,0.44584578
6194,0.44597705
6195,0.44610834
6196,0.44614149
6197,0.44617463
6198,0.44620777
6199,0.44624091
6200,0.44627405
6201,0.44639284
6202,0.44651165
6203,0.44663046
6204,0.44674928
6205,0.44686810
6206,0.44688871
6207,0.44690932
6208,0.44692993
6209,0.44695054
6210,0.44697114
6211,0.44701667
6212,0.44706220
6213,0.44710773
6214,0.44715326
6215,0.44719879
6216,0.44734262
6217,0.44748647
6218,0.44763034
6219,0.44777423
6220,0.44791813
6221,0.44795257
6222,0.44798701
6223,0.44802145
6224,0.44805589
6225,0.44809032
6226,0.44822314
6227,0.44835597
6228,0.44848881
6229,0.44862167
6230,0.44875455
6231,0.44878180
6232,0.44880905
6233,0.44883629
6234,0.44886353
6235,0.44889078
6236,0.44891764
6237,0.44894427
6238,0.44897078
6239,0.44899729
6240,0.44902390
6241,0.44914952
6242,0.44927545
6243,0.44940174
6244,0.44952848
6245,0.44965572
6246,0.44968464
6247,0.44971391
6248,0.44974367
6249,0.44977406
6250,0.44980522
6251,0.44984768
6252,0.44989108
6253,0.44993549
6254,0.44998094
6255,0.45002748
6256,0.45017387
6257,0.45032149
6258,0.45047023
6259,0.45062000
6260,0.45077068
6261,0.45081575
6262,0.45086143
6263,0.45090757
6264,0.45095399
6265,0.45100052
6266,0.45094806
6267,0.45089566
6268,0.45084331
6269,0.45079098
6270,0.45073865
6271,0.44988355
6272,0.44902824
6273,0.44817266
6274,0.44731675
6275,0.44646041
6276,0.44510986
6277,0.44375927
6278,0.44240862
6279,0.44105790
6280,0.43970710
6281,0.44025169
6282,0.44079651
6283,0.44134159
6284,0.44188693
6285,0.44243255
6286,0.44327620
6287,0.44412070
6288,0.44496565
6289,0.44581065
6290,0.44665536
6291,0.44670950
6292,0.44676252
6293,0.44681415
6294,0.44686412
6295,0.44691223
6296,0.44705744
6297,0.44720081
6298,0.44734221
6299,0.44748155
6300,0.44761876
6301,0.44803971
6302,0.44845855
6303,0.44887535
6304,0.44929018
6305,0.44970316
6306,0.45001521
6307,0.45032539
6308,0.45063392
6309,0.45094105
6310,0.45124705
6311,0.45145892
6312,0.45167030
6313,0.45188155
6314,0.45209306
6315,0.45230525
6316,0.45251876
6317,0.45273244
6318,0.45294628
6319,0.45316027
6320,0.45337440
6321,0.45358701
6322,0.45379976
6323,0.45401266
6324,0.45422572
6325,0.45443896
6326,0.45455290
6327,0.45466656
6328,0.45478001
6329,0.45489333
6330,0.45500657
6331,0.45512118
6332,0.45523581
6333,0.45535049
6334,0.45546524
6335,0.45558007
6336,0.45569461
6337,0.45580926
6338,0.45592420
6339,0.45603961
6340,0.45615564
6341,0.45617410
6342,0.45619345
6343,0.45621382
6344,0.45623531
6345,0.45625801
6346,0.45638118
6347,0.45650546
6348,0.45663080
6349,0.45675718
6350,0.45688451
6351,0.45691621
6352,0.45694866
6353,0.45698177
6354,0.45701538
6355,0.45704934
6356,0.45718273
6357,0.45731663
6358,0.45745099
6359,0.45758573
6360,0.45772078
6361,0.45774575
6362,0.45777082
6363,0.45779589
6364,0.45782084
6365,0.45784554
6366,0.45796918
6367,0.45809284
6368,0.45821650
6369,0.45834016
6370,0.45846384
6371,0.45849745
6372,0.45853107
6373,0.45856468
6374,0.45859829
6375,0.45863190
6376,0.45876490
6377,0.45889791
6378,0.45903093
6379,0.45916396
6380,0.45929701
6381,0.45932069
6382,0.45934437
6383,0.45936805
6384,0.45939172
6385,0.45941540
6386,0.45953851
6387,0.45966164
6388,0.45978477
6389,0.45990791
6390,0.46003106
6391,0.46005661
6392,0.46008216
6393,0.46010770
6394,0.46013324
6395,0.46015877
6396,0.46018431
6397,0.46020984
6398,0.46023537
6399,0.46026090
6400,0.46028642
6401,0.46041357
6402,0.46054073
6403,0.46066791
6404,0.46079509
6405,0.46092228
6406,0.46094993
6407,0.46097757
6408,0.46100522
6409,0.46103286
6410,0.46106050
6411,0.46119479
6412,0.46132908
6413,0.46146339
6414,0.46159772
6415,0.46173206
6416,0.46176678
6417,0.46180151
6418,0.46183623
6419,0.46187096
6420,0.46190568
6421,0.46193627
6422,0.46196685
6423,0.46199744
6424,0.46202802
6425,0.46205860
6426,0.46218887
6427,0.46231915
6428,0.46244944
6429,0.46257974
6430,0.46271006
6431,0.46273601
6432,0.46276196
6433,0.46278791
6434,0.46281386
6435,0.46283980
6436,0.46286575
6437,0.46289169
6438,0.46291763
6439,0.46294357
6440,0.46296951
6441,0.46310440
6442,0.46323931
6443,0.46337423
6444,0.46350917
6445,0.46364412
6446,0.46367927
6447,0.46371441
6448,0.46374955
6449,0.46378470
6450,0.46381984
6451,0.46384697
6452,0.46387409
6453,0.46390122
6454,0.46392834
6455,0.46395546
6456,0.46388269
6457,0.46380991
6458,0.46373712
6459,0.46366431
6460,0.46359149
6461,0.46350962
6462,0.46342774
6463,0.46334585
6464,0.46326395
6465,0.46318203
6466,0.46300018
6467,0.46281830
6468,0.46263641
6469,0.46245450
6470,0.46227257
6471,0.46220942
6472,0.46214625
6473,0.46208306
6474,0.46201985
6475,0.46195663
6476,0.46189340
6477,0.46183015
6478,0.46176688
6479,0.46170359
6480,0.46164029
6481,0.46186720
6482,0.46209412
6483,0.46232107
6484,0.46254804
6485,0.46277503
6486,0.46290254
6487,0.46303043
6488,0.46315851
6489,0.46328661
6490,0.46341455
6491,0.46344160
6492,0.46346821
6493,0.46349426
6494,0.46351963
6495,0.46354425
6496,0.46386839
6497,0.46419166
6498,0.46451400
6499,0.46483538
6500,0.46515577
6501,0.46532543
6502,0.46549404
6503,0.46566163
6504,0.46582823
6505,0.46599389
6506,0.46585857
6507,0.46572262
6508,0.46558607
6509,0.46544897
6510,0.46531138
6511,0.46500321
6512,0.46469473
6513,0.46438607
6514,0.46407737
6515,0.46376879
6516,0.46366063
6517,0.46355216
6518,0.46344338
6519,0.46333427
6520,0.46322482
6521,0.46358825
6522,0.46395129
6523,0.46431392
6524,0.46467617
6525,0.46503805
6526,0.46519939
6527,0.46536031
6528,0.46552091
6529,0.46568128
6530,0.46584152
6531,0.46579230
6532,0.46574317
6533,0.46569423
6534,0.46564557
6535,0.46559729
6536,0.46564880
6537,0.46570023
6538,0.46575177
6539,0.46580362
6540,0.46585595
6541,0.46573679
6542,0.46561842
6543,0.46550095
6544,0.46538447
6545,0.46526907
6546,0.46525462
6547,0.46524134
6548,0.46522922
6549,0.46521829
6550,0.46520851
6551,0.46519796
6552,0.46518848
6553,0.46517998
6554,0.46517237
6555,0.46516553
6556,0.46525915
6557,0.46535353
6558,0.46544857
6559,0.46554417
6560,0.46564020
6561,0.46571653
6562,0.46579301
6563,0.46586947
6564,0.46594574
6565,0.46602163
6566,0.46609693
6567,0.46617222
6568,0.46624749
6569,0.46632275
6570,0.46639800
6571,0.46638464
6572,0.46637128
6573,0.46635792
6574,0.46634455
6575,0.46633117
6576,0.46641753
6577,0.46650388
6578,0.46659021
6579,0.46667654
6580,0.46676285
6581,0.46689867
6582,0.46703450
6583,0.46717034
6584,0.46730621
6585,0.46744208
6586,0.46757797
6587,0.46771388
6588,0.46784980
6589,0.46798574
6590,0.46812169
6591,0.46816363
6592,0.46820557
6593,0.46824751
6594,0.46828945
6595,0.46833139
6596,0.46847320
6597,0.46861502
6598,0.46875687
6599,0.46889873
6600,0.46904061
6601,0.46900536
6602,0.46897011
6603,0.46893485
6604,0.46889959
6605,0.46886433
6606,0.46892892
6607,0.46899349
6608,0.46905804
6609,0.46912257
6610,0.46918709
6611,0.46917404
6612,0.46916098
6613,0.46914793
6614,0.46913487
6615,0.46912180
6616,0.46920854
6617,0.46929528
6618,0.46938200
6619,0.46946872
6620,0.46955543
6621,0.46953838
6622,0.46952134
6623,0.46950428
6624,0.46948722
6625,0.46947016
6626,0.46945309
6627,0.46943601
6628,0.46941892
6629,0.46940184
6630,0.46938474
6631,0.46945776
6632,0.46953077
6633,0.46960375
6634,0.46967673
6635,0.46974968
6636,0.46972348
6637,0.46969764
6638,0.46967198
6639,0.46964631
6640,0.46962048
6641,0.46962145
6642,0.46962197
6643,0.46962191
6644,0.46962117
6645,0.46961966
6646,0.46971700
6647,0.46981341
6648,0.46990886
6649,0.47000330
6650,0.47009671
6651,0.47005777
6652,0.47001779
6653,0.46997682
6654,0.46993487
6655,0.46989201
6656,0.46984830
6657,0.46980381
6658,0.46975865
6659,0.46971291
6660,0.46966672
6661,0.46973654
6662,0.46980618
6663,0.46987581
6664,0.46994561
6665,0.47001576
6666,0.46998730
6667,0.46995908
6668,0.46993097
6669,0.46990287
6670,0.46987465
6671,0.46984051
6672,0.46980607
6673,0.46977124
6674,0.46973596
6675,0.46970016
6676,0.46976290
6677,0.46982477
6678,0.46988585
6679,0.46994625
6680,0.47000605
6681,0.47002140
6682,0.47003637
6683,0.47005106
6684,0.47006554
6685,0.47007993
6686,0.47009374
6687,0.47010726
6688,0.47012079
6689,0.47013461
6690,0.47014896
6691,0.47026300
6692,0.47037806
6693,0.47049436
6694,0.47061212
6695,0.47073151
6696,0.47075320
6697,0.47077631
6698,0.47080085
6699,0.47082677
6700,0.47085401
6701,0.47081000
6702,0.47076713
6703,0.47072526
6704,0.47068424
6705,0.47064388
6706,0.47070347
6707,0.47076382
6708,0.47082483
6709,0.47088639
6710,0.47094838
6711,0.47094990
6712,0.47095158
6713,0.47095325
6714,0.47095474
6715,0.47095584
6716,0.47095637
6717,0.47095688
6718,0.47095740
6719,0.47095791
6720,0.47095841
6721,0.47101045
6722,0.47106247
6723,0.47111446
6724,0.47116643
6725,0.47121839
6726,0.47117091
6727,0.47112344
6728,0.47107596
6729,0.47102849
6730,0.47098101
6731,0.47095839
6732,0.47093577
6733,0.47091315
6734,0.47089052
6735,0.47086788
6736,0.47084524
6737,0.47082260
6738,0.47079995
6739,0.47077729
6740,0.47075463
6741,0.47085639
6742,0.47095815
6743,0.47105990
6744,0.47116165
6745,0.47126340
6746,0.47126583
6747,0.47126825
6748,0.47127066
6749,0.47127308
6750,0.47127548
6751,0.47123649
6752,0.47119749
6753,0.47115848
6754,0.47111948
6755,0.47108047
6756,0.47104146
6757,0.47100245
6758,0.47096343
6759,0.47092441
6760,0.47088539
6761,0.47098055
6762,0.47107571
6763,0.47117086
6764,0.47126601
6765,0.47136116
6766,0.47135707
6767,0.47110593
6768,0.47085480
6769,0.46991196
6770,0.46896914
6771,0.46803604
6772,0.46710290
6773,0.46616975
6774,0.46523656
6775,0.46430336
6776,0.46346767
6777,0.46263157
6778,0.46179505
6779,0.46095811
6780,0.46012076
6781,0.45916015
6782,0.45819952
6783,0.45726361
6784,0.45632768
6785,0.45539172
6786,0.45445575
6787,0.45351976
6788,0.45258376
6789,0.45164773
6790,0.45071168
6791,0.44977104
6792,0.44883040
6793,0.44786503
6794,0.44689966
6795,0.44595902
6796,0.44501838
6797,0.44407774
6798,0.44313710
6799,0.44219647
6800,0.44125583
6801,0.44038057
6802,0.43950503
6803,0.43791159
6804,0.43631764
6805,0.43450043
6806,0.43259177
6807,0.43065859
6808,0.42872566
6809,0.42681771
6810,0.42491000
6811,0.42301601
6812,0.42112215
6813,0.41920366
6814,0.41728529
6815,0.41539177
6816,0.41349838
6817,0.41160510
6818,0.40971193
6819,0.40779415
6820,0.40587648
6821,0.40396786
6822,0.40205949
6823,0.40015140
6824,0.39824356
6825,0.39631126
6826,0.39446209
6827,0.39263710
6828,0.39081157
6829,0.38898551
6830,0.38715892
6831,0.38522717
6832,0.38329568
6833,0.38138919
6834,0.37948296
6835,0.37757698
6836,0.37567171
6837,0.37376700
6838,0.37186268
6839,0.36993387
6840,0.36800518
6841,0.36610263
6842,0.36419997
6843,0.36229711
6844,0.36039397
6845,0.35846577
6846,0.35653719
6847,0.35463291
6848,0.35272817
6849,0.35082296
6850,0.34891728
6851,0.34698858
6852,0.34505941
6853,0.34315451
6854,0.34124920
6855,0.33934353
6856,0.33708349
6857,0.33480256
6858,0.33252554
6859,0.33027708
6860,0.32803265
6861,0.32298855
6862,0.31798095
6863,0.31298611
6864,0.30802847
6865,0.30313150
6866,0.29372804
6867,0.28441508
6868,0.27519256
6869,0.26603944
6870,0.25697786
6871,0.25191520
6872,0.24689541
6873,0.24191847
6874,0.23698436
6875,0.23207405
6876,0.23449583
6877,0.23688744
6878,0.23922987
6879,0.24152312
6880,0.24376717
6881,0.24527918
6882,0.24675028
6883,0.24820189
6884,0.24961313
6885,0.25098402
6886,0.24848764
6887,0.24600199
6888,0.24352725
6889,0.24104192
6890,0.23856792
6891,0.23691384
6892,0.23526024
6893,0.23360723
6894,0.23195491
6895,0.23028180
6896,0.22965241
6897,0.22903029
6898,0.22839391
6899,0.22774331
6900,0.22707849
6901,0.22620622
6902,0.22532203
6903,0.22444818
6904,0.22356251
6905,0.22266500
6906,0.22185742
6907,0.22101368
6908,0.22015617
6909,0.21930762
6910,0.21844534
6911,0.21733829
6912,0.21622115
6913,0.21507072
6914,0.21390986
6915,0.21276169
6916,0.21155605
6917,0.21034101
6918,0.20911659
6919,0.20785930
6920,0.20659249
6921,0.20526917
6922,0.20393758
6923,0.20259772
6924,0.20124959
6925,0.19986939
6926,0.19839492
6927,0.19693760
6928,0.19547362
6929,0.19400298
6930,0.19252569
6931,0.19080406
6932,0.18907995
6933,0.18737743
6934,0.18567246
6935,0.18396503
6936,0.18213816
6937,0.18031118
6938,0.17848410
6939,0.17663280
6940,0.17478141
6941,0.17297583
6942,0.17116968
6943,0.16936297
6944,0.16755569
6945,0.16572371
6946,0.16399630
6947,0.16229009
6948,0.16058095
6949,0.15886887
6950,0.15715386
6951,0.15535221
6952,0.15354904
6953,0.15176859
6954,0.14998663
6955,0.14820317
6956,0.14635598
6957,0.14448459
6958,0.14261326
6959,0.14076626
6960,0.13891933
6961,0.13723986
6962,0.13555592
6963,0.13384316
6964,0.13212588
6965,0.13042849
6966,0.12875379
6967,0.12707384
6968,0.12538864
6969,0.12367365
6970,0.12195334
6971,0.12010806
6972,0.11826205
6973,0.11641532
6974,0.11456786
6975,0.11269505
6976,0.11077511
6977,0.10888061
6978,0.10698695
6979,0.10509413
6980,0.10320216
6981,0.10123767
6982,0.09927587
6983,0.09734128
6984,0.09540934
6985,0.09348004
6986,0.09151486
6987,0.08955390
6988,0.08759715
6989,0.08562024
6990,0.08364759
6991,0.08179354
6992,0.07993962
6993,0.07808583
6994,0.07623216
6995,0.07435426
6996,0.07250714
6997,0.07068293
6998,0.06885727
6999,0.06703018
7000,0.06520165
7001,0.06332249
7002,0.06144334
7003,0.05958861
7004,0.05773389
7005,0.05587918
7006,0.05402449
7007,0.05214540
7008,0.05026633
7009,0.04841168
7010,0.04655703
7011,0.04562836
7012,0.04469974
7013,0.04377119
7014,0.04284269
7015,0.04191425
7016,0.04099451
7017,0.04005004
7018,0.03910522
7019,0.03818448
7020,0.03726340
7021,0.03633513
7022,0.03540688
7023,0.03447864
7024,0.03355042
7025,0.03262222
7026,0.03170740
7027,0.03079181
7028,0.02987546
7029,0.02893388
7030,0.02799152
7031,0.02708507
7032,0.02617702
7033,0.02526737
7034,0.02435611
7035,0.02344325
7036,0.02250993
7037,0.02157657
7038,0.02064316
7039,0.01970972
7040,0.01877625
7041,0.01781709
7042,0.01685801
7043,0.01592357
7044,0.01498921
7045,0.01405492
7046,0.01312069
7047,0.01218655
7048,0.01125247
7049,0.01031846
7050,0.00938453
7051,0.00845071
7052,0.00751696
7053,0.00655870
7054,0.00560050
7055,0.00466693
7056,0.00373421
7057,0.00280115
7058,0.00186776
7059,0.00093405
7060,0.00000000
7061,0.00000000
7062,0.00000000
7063,0.00000000
7064,0.00000000
7065,0.00000000
7066,0.00000000
7067,0.00000000
7068,0.00000000
7069,0.00000000
7070,0.00000000
7071,0.00000000
7072,0.00000000
7073,0.00000000
7074,0.00000000
7075,0.00000000
7076,0.00000000
7077,0.00000000
7078,0.00000000
7079,0.00000000
7080,0.00000000
7081,0.00000000
7082,0.00000000
7083,0.00000000
7084,0.00000000
7085,0.00000000
7086,0.00000000
7087,0.00000000
7088,0.00000000
7089,0.00000000
7090,0.00000000
7091,0.00000000
7092,0.00000000
7093,0.00000000
7094,0.00000000
7095,0.00000000
7096,0.00000000
7097,0.00000000
7098,0.00000000
7099,0.00000000
7100,0.00000000
7101,0.00000000
7102,0.00000000
7103,0.00000000
7104,0.00000000
7105,0.00000000
7106,0.00000000
7107,0.00000000
7108,0.00000000
7109,0.00000000
7110,0.00000000
7111,0.00000000
7112,0.00000000
7113,0.00000000
7114,0.00000000
7115,0.00000000
7116,0.00000000
7117,0.00000000
7118,0.00000000
7119,0.00000000
7120,0.00000000
7121,0.00000000
7122,0.00000000
7123,0.00000000
7124,0.00000000
7125,0.00000000
7126,0.00000000
7127,0.00000000
7128,0.00000000
7129,0.00000000
7130,0.00000000
7131,0.00000000
7132,0.00000000
7133,0.00000000
7134,0.00000000
7135,0.00000000
7136,0.00000000
7137,0.00000000
7138,0.00000000
7139,0.00000000
7140,0.00000000
7141,0.00000000
7142,0.00000000
7143,0.00000000
7144,0.00000000
7145,0.00000000
7146,0.00000000
7147,0.00000000
7148,0.00000000
7149,0.00000000
7150,0.00000000
7151,0.00000000
7152,0.00000000
7153,0.00000000
7154,0.00000000
7155,0.00000000
7156,0.00000000
7157,0.00000000
7158,0.00000000
7159,0.00000000
7160,0.00000000
7161,0.00000000
7162,0.00000000
7163,0.00000000
7164,0.00000000
7165,0.00000000
7166,0.00000000
7167,0.00000000
7168,0.00000000
7169,0.00000000
7170,0.00000000
7171,0.00000000
7172,0.00000000
7173,0.00000000
7174,0.00000000
7175,0.00000000
7176,0.00000000
7177,0.00000000
7178,0.00000000
7179,0.00000000
7180,0.00000000
7181,0.00000000
7182,0.00000000
7183,0.00000000
7184,0.00000000
7185,0.00000000
7186,0.00000000
7187,0.00000000
7188,0.00000000
7189,0.00000000
7190,0.00000000
7191,0.00000000
7192,0.00000000
7193,0.00000000
7194,0.00000000
7195,0.00000000
7196,0.00000000
7197,0.00000000
7198,0.00000000
7199,0.00000000
7200,0.00000000
7201,0.00000000
7202,0.00000000
7203,0.00000000
7204,0.00000000
7205,0.00000000
7206,0.00000000
7207,0.00000000
7208,0.00000000
7209,0.00000000
7210,0.00000000
7211,0.00000000
7212,0.00000000
7213,0.00000000
7214,0.00000000
7215,0.00000000
7216,0.00000000
7217,0.00000000
7218,0.00000000
7219,0.00000000
7220,0.00000000
7221,0.00000000
7222,0.00000000
7223,0.00000000
7224,0.00000000
7225,0.00000000
7226,0.00000000
7227,0.00000000
7228,0.00000000
7229,0.00000000
7230,0.00000000
7231,0.00000000
7232,0.00000000
7233,0.00000000
7234,0.00000000
7235,0.00000000
7236,0.00000000
7237,0.00000000
7238,0.00000000
7239,0.00000000
7240,0.00000000
7241,0.00000000
7242,0.00000000
7243,0.00000000
7244,0.00000000
7245,0.00000000
7246,0.00000000
7247,0.00000000
7248,0.00000000
7249,0.00000000
7250,0.00000000
7251,0.00000000
7252,0.00000000
7253,0.00000000
7254,0.00000000
7255,0.00000000
7256,0.00000000
7257,0.00000000
7258,0.00000000
7259,0.00000000
7260,0.00000000
7261,0.00000000
7262,0.00000000
7263,0.00000000
7264,0.00000000
7265,0.00000000
7266,0.00000000
7267,0.00000000
7268,0.00000000
7269,0.00000000
7270,0.00000000
7271,0.00000000
7272,0.00000000
7273,0.00000000
7274,0.00000000
7275,0.00000000
7276,0.00000000
7277,0.00000000
7278,0.00000000
7279,0.00000000
7280,0.00000000
7281,0.00000000
7282,0.00000000
7283,0.00000000
7284,0.00000000
7285,0.00000000
7286,0.00000000
7287,0.00000000
7288,0.00000000
7289,0.00000000
7290,0.00000000
7291,0.00000000
7292,0.00000000
7293,0.00000000
7294,0.00000000
7295,0.00000000
7296,0.00000000
7297,0.00000000
7298,0.00000000
7299,0.00000000
7300,0.00000000
7301,0.00000000
7302,0.00000000
7303,0.00000000
7304,0.00000000
7305,0.00000000
7306,0.00000000
7307,0.00000000
7308,0.00000000
7309,0.00000000
7310,0.00000000
7311,0.00000000
7312,0.00000000
7313,0.00000000
7314,0.00000000
7315,0.00000000
7316,0.00000000
7317,0.00000000
7318,0.00000000
7319,0.00000000
7320,0.00000000
7321,0.00000000
7322,0.00000000
7323,0.00000000
7324,0.00000000
7325,0.00000000
7326,0.00000000
7327,0.00000000
7328,0.00000000
7329,0.00000000
7330,0.00000000
7331,0.00000000
7332,0.00000000
7333,0.00000000
7334,0.00000000
7335,0.00000000
7336,0.00000000
7337,0.00000000
7338,0.00000000
7339,0.00000000
7340,0.00000000
7341,0.00000000
7342,0.00000000
7343,0.00000000
7344,0.00000000
7345,0.00000000
7346,0.00000000
7347,0.00000000
7348,0.00000000
7349,0.00000000
7350,0.00000000
7351,0.00000000
7352,0.00000000
7353,0.00000000
7354,0.00000000
7355,0.00000000
7356,0.00000000
7357,0.00000000
7358,0.00000000
7359,0.00000000
7360,0.00000000
7361,0.00000000
7362,0.00000000
7363,0.00000000
7364,0.00000000
7365,0.00000000
7366,0.00000000
7367,0.00000000
7368,0.00000000
7369,0.00000000
7370,0.00000000
7371,0.00000000
7372,0.00000000
7373,0.00000000
7374,0.00000000
7375,0.00000000
7376,0.00000000
7377,0.00000000
7378,0.00000000
7379,0.00000000
7380,0.00000000
7381,0.00000000
7382,0.00000000
7383,0.00000000
7384,0.00000000
7385,0.00000000
7386,0.00000000
7387,0.00000000
7388,0.00000000
7389,0.00000000
7390,0.00000000
7391,0.00000000
7392,0.00000000
7393,0.00000000
7394,0.00000000
7395,0.00000000
7396,0.00000000
7397,0.00000000
7398,0.00000000
7399,0.00000000
7400,0.00000000
7401,0.00000000
7402,0.00000000
7403,0.00000000
7404,0.00000000
7405,0.00000000
7406,0.00000000
7407,0.00000000
7408,0.00000000
7409,0.00000000
7410,0.00000000
7411,0.00000000
7412,0.00000000
7413,0.00000000
7414,0.00000000
7415,0.00000000
7416,0.00000000
7417,0.00000000
7418,0.00000000
7419,0.00000000
7420,0.00000000
7421,0.00000000
7422,0.00000000
7423,0.00000000
7424,0.00000000
7425,0.00000000
7426,0.00000000
7427,0.00000000
7428,0.00000000
7429,0.00000000
7430,0.00000000
7431,0.00000000
7432,0.00000000
7433,0.00000000
7434,0.00000000
7435,0.00000000
7436,0.00000000
7437,0.00000000
7438,0.00000000
7439,0.00000000
7440,0.00000000
7441,0.00000000
7442,0.00000000
7443,0.00000000
7444,0.00000000
7445,0.00000000
7446,0.00000000
7447,0.00000000
7448,0.00000000
7449,0.00000000
7450,0.00000000
7451,0.00000000
7452,0.00000000
7453,0.00000000
7454,0.00000000
7455,0.00000000
7456,0.00000000
7457,0.00000000
7458,0.00000000
7459,0.00000000
7460,0.00000000
7461,0.00000000
7462,0.00000000
7463,0.00000000
7464,0.00000000
7465,0.00000000
7466,0.00000000
7467,0.00000000
7468,0.00000000
7469,0.00000000
7470,0.00000000
7471,0.00000000
7472,0.00000000
7473,0.00000000
7474,0.00000000
7475,0.00000000
7476,0.00000000
7477,0.00000000
7478,0.00000000
7479,0.00000000
7480,0.00000000
7481,0.00000000
7482,0.00000000
7483,0.00000000
7484,0.00000000
7485,0.00000000
7486,0.00000000
7487,0.00000000
7488,0.00000000
7489,0.00000000
7490,0.00000000
7491,0.00000000
7492,0.00000000
7493,0.00000000
7494,0.00000000
7495,0.00000000
7496,0.00000000
7497,0.00000000
7498,0.00000000
7499,0.00000000
7500,0.00000000
7501,0.00000000
7502,0.00000000
7503,0.00000000
7504,0.00000000
7505,0.00000000
7506,0.00000000
7507,0.00000000
7508,0.00000000
7509,0.00000000
7510,0.00000000
7511,0.00000000
7512,0.00000000
7513,0.00000000
7514,0.00000000
7515,0.00000000
7516,0.00000000
7517,0.00000000
7518,0.00000000
7519,0.00000000
7520,0.00000000
7521,0.00000000
7522,0.00000000
7523,0.00000000
7524,0.00000000
7525,0.00000000
7526,0.00000000
7527,0.00000000
7528,0.00000000
7529,0.00000000
7530,0.00000000
7531,0.00000000
7532,0.00000000
7533,0.00000000
7534,0.00000000
7535,0.00000000
7536,0.00000000
7537,0.00000000
7538,0.00000000
7539,0.00000000
7540,0.00000000
7541,0.00000000
7542,0.00000000
7543,0.00000000
7544,0.00000000
7545,0.00000000
7546,0.00000000
7547,0.00000000
7548,0.00000000
7549,0.00000000
7550,0.00000000
7551,0.00000000
7552,0.00000000
7553,0.00000000
7554,0.00000000
7555,0.00000000
7556,0.00000000
7557,0.00000000
7558,0.00000000
7559,0.00000000
7560,0.00000000
7561,0.00000000
7562,0.00000000
7563,0.00000000
7564,0.00000000
7565,0.00000000
7566,0.00000000
7567,0.00000000
7568,0.00000000
7569,0.00000000
7570,0.00000000
7571,0.00000000
7572,0.00000000
7573,0.00000000
7574,0.00000000
7575,0.00000000
7576,0.00000000
7577,0.00000000
7578,0.00000000
7579,0.00000000
7580,0.00000000
7581,0.00000000
7582,0.00000000
7583,0.00000000
7584,0.00000000
7585,0.00000000
7586,0.00000000
7587,0.00000000
7588,0.00000000
7589,0.00000000
7590,0.00000000
7591,0.00000000
7592,0.00000000
7593,0.00000000
7594,0.00000000
7595,0.00000000
7596,0.00000000
7597,0.00000000
7598,0.00000000
7599,0.00000000
7600,0.00000000
7601,0.00000000
7602,0.00000000
7603,0.00000000
7604,0.00000000
7605,0.00000000
7606,0.00000000
7607,0.00000000
7608,0.00000000
7609,0.00000000
7610,0.00000000
7611,0.00000000
7612,0.00000000
7613,0.00000000
7614,0.00000000
7615,0.00000000
7616,0.00000000
7617,0.00000000
7618,0.00000000
7619,0.00000000
7620,0.00000000
7621,0.00000000
7622,0.00000000
7623,0.00000000
7624,0.00000000
7625,0.00000000
7626,0.00000000
7627,0.00000000
7628,0.00000000
7629,0.00000000
7630,0.00000000
7631,0.00000000
7632,0.00000000
7633,0.00000000
7634,0.00000000
7635,0.00000000
7636,0.00000000
7637,0.00000000
7638,0.00000000
7639,0.00000000
7640,0.00000000
7641,0.00000000
7642,0.00000000
7643,0.00000000
7644,0.00000000
7645,0.00000000
7646,0.00000000
7647,0.00000000
7648,0.00000000
7649,0.00000000
7650,0.00000000
7651,0.00000000
7652,0.00000000
7653,0.00000000
7654,0.00000000
7655,0.00000000
7656,0.00000000
7657,0.00000000
7658,0.00000000
7659,0.00000000
7660,0.00000000
7661,0.00000000
7662,0.00000000
7663,0.00000000
7664,0.00000000
7665,0.00000000
7666,0.00000000
7667,0.00000000
7668,0.00000000
7669,0.00000000
7670,0.00000000
7671,0.00000000
7672,0.00000000
7673,0.00000000
7674,0.00000000
7675,0.00000000
7676,0.00000000
7677,0.00000000
7678,0.00000000
7679,0.00000000
7680,0.00000000
7681,0.00000000
7682,0.00000000
7683,0.00000000
7684,0.00000000
7685,0.00000000
7686,0.00000000
7687,0.00000000
7688,0.00000000
7689,0.00000000
7690,0.00000000
7691,0.00000000
7692,0.00000000
7693,0.00000000
7694,0.00000000
7695,0.00000000
7696,0.00000000
7697,0.00000000
7698,0.00000000
7699,0.00000000
7700,0.00000000
7701,0.00000000
7702,0.00000000
7703,0.00000000
7704,0.00000000
7705,0.00000000
7706,0.00000000
7707,0.00000000
7708,0.00000000
7709,0.00000000
7710,0.00000000
7711,0.00000000
7712,0.00000000
7713,0.00000000
7714,0.00000000
7715,0.00000000
7716,0.00000000
7717,0.00000000
7718,0.00000000
7719,0.00000000
7720,0.00000000
7721,0.00000000
7722,0.00000000
7723,0.00000000
7724,0.00000000
7725,0.00000000
7726,0.00000000
7727,0.00000000
7728,0.00000000
7729,0.00000000
7730,0.00000000
7731,0.00000000
7732,0.00000000
7733,0.00000000
7734,0.00000000
7735,0.00000000
7736,0.00000000
7737,0.00000000
7738,0.00000000
7739,0.00000000
7740,0.00000000
7741,0.00000000
7742,0.00000000
7743,0.00000000
7744,0.00000000
7745,0.00000000
7746,0.00000000
7747,0.00000000
7748,0.00000000
7749,0.00000000
7750,0.00000000
7751,0.00000000
7752,0.00000000
7753,0.00000000
7754,0.00000000
7755,0.00000000
7756,0.00000000
7757,0.00000000
7758,0.00000000
7759,0.00000000
7760,0.00000000
7761,0.00000000
7762,0.00000000
7763,0.00000000
7764,0.00000000
7765,0.00000000
7766,0.00000000
7767,0.00000000
7768,0.00000000
7769,0.00000000
7770,0.00000000
7771,0.00000000
7772,0.00000000
7773,0.00000000
7774,0.00000000
7775,0.00000000
7776,0.00000000
7777,0.00000000
7778,0.00000000
7779,0.00000000
7780,0.00000000
7781,0.00000000
7782,0.00000000
7783,0.00000000
7784,0.00000000
7785,0.00000000
7786,0.00000000
7787,0.00000000
7788,0.00000000
7789,0.00000000
7790,0.00000000
7791,0.00000000
7792,0.00000000
7793,0.00000000
7794,0.00000000
7795,0.00000000
7796,0.00000000
7797,0.00000000
7798,0.00000000
7799,0.00000000
7800,0.00000000
7801,0.00000000
7802,0.00000000
7803,0.00000000
7804,0.00000000
7805,0.00000000
7806,0.00000000
7807,0.00000000
7808,0.00000000
7809,0.00000000
7810,0.00000000
7811,0.00000000
7812,0.00000000
7813,0.00000000
7814,0.00000000
7815,0.00000000
7816,0.00000000
7817,0.00000000
7818,0.00000000
7819,0.00000000
7820,0.00000000
7821,0.00000000
7822,0.00000000
7823,0.00000000
7824,0.00000000
7825,0.00000000
7826,0.00000000
7827,0.00000000
7828,0.00000000
7829,0.00000000
7830,0.00000000
7831,0.00000000
7832,0.00000000
7833,0.00000000
7834,0.00000000
7835,0.00000000
7836,0.00000000
7837,0.00000000
7838,0.00000000
7839,0.00000000
7840,0.00000000
7841,0.00000000
7842,0.00000000
7843,0.00000000
7844,0.00000000
7845,0.00000000
7846,0.00000000
7847,0.00000000
7848,0.00000000
7849,0.00000000
7850,0.00000000
7851,0.00000000
7852,0.00000000
7853,0.00000000
7854,0.00000000
7855,0.00000000
7856,0.00000000
7857,0.00000000
7858,0.00000000
7859,0.00000000
7860,0.00000000
7861,0.00000000
7862,0.00000000
7863,0.00000000
7864,0.00000000
7865,0.00000000
7866,0.00000000
7867,0.00000000
7868,0.00000000
7869,0.00000000
7870,0.00000000
7871,0.00000000
7872,0.00000000
7873,0.00000000
7874,0.00000000
7875,0.00000000
7876,0.00000000
7877,0.00000000
7878,0.00000000
7879,0.00000000
7880,0.00000000
7881,0.00000000
7882,0.00000000
7883,0.00000000
7884,0.00000000
7885,0.00000000
7886,0.00000000
7887,0.00000000
7888,0.00000000
7889,0.00000000
7890,0.00000000
7891,0.00000000
7892,0.00000000
7893,0.00000000
7894,0.00000000
7895,0.00000000
7896,0.00000000
7897,0.00000000
7898,0.00000000
7899,0.00000000
7900,0.00000000
7901,0.00000000
7902,0.00000000
7903,0.00000000
7904,0.00000000
7905,0.00000000
7906,0.00000000
7907,0.00000000
7908,0.00000000
7909,0.00000000
7910,0.00000000
7911,0.00000000
7912,0.00000000
7913,0.00000000
7914,0.00000000
7915,0.00000000
7916,0.00000000
7917,0.00000000
7918,0.00000000
7919,0.00000000
7920,0.00000000
7921,0.00000000
7922,0.00000000
7923,0.00000000
7924,0.00000000
7925,0.00000000
7926,0.00000000
7927,0.00000000
7928,0.00000000
7929,0.00000000
7930,0.00000000
7931,0.00000000
7932,0.00000000
7933,0.00000000
7934,0.00000000
7935,0.00000000
7936,0.00000000
7937,0.00000000
7938,0.00000000
7939,0.00000000
7940,0.00000000
7941,0.00000000
7942,0.00000000
7943,0.00000000
7944,0.00000000
7945,0.00000000
7946,0.00000000
7947,0.00000000
7948,0.00000000
7949,0.00000000
7950,0.00000000
7951,0.00000000
7952,0.00000000
7953,0.00000000
7954,0.00000000
7955,0.00000000
7956,0.00000000
7957,0.00000000
7958,0.00000000
7959,0.00000000
7960,0.00000000
7961,0.00000000
7962,0.00000000
7963,0.00000000
7964,0.00000000
7965,0.00000000
7966,0.00000000
7967,0.00000000
7968,0.00000000
7969,0.00000000
7970,0.00000000
7971,0.00000000
7972,0.00000000
7973,0.00000000
7974,0.00000000
7975,0.00000000
7976,0.00000000
7977,0.00000000
7978,0.00000000
7979,0.00000000
7980,0.00000000
7981,0.00000000
7982,0.00000000
7983,0.00000000
7984,0.00000000
7985,0.00000000
7986,0.00000000
7987,0.00000000
7988,0.00000000
7989,0.00000000
7990,0.00000000
7991,0.00000000
7992,0.00000000
7993,0.00000000
7994,0.00000000
7995,0.00000000
7996,0.00000000
7997,0.00000000
7998,0.00000000
7999,0.00000000
8000,0.00000000
8001,0.00000000
8002,0.00000000
8003,0.00000000
8004,0.00000000
8005,0.00000000
8006,0.00000000
8007,0.00000000
8008,0.00000000
8009,0.00000000
8010,0.00000000
8011,0.00000000
8012,0.00000000
8013,0.00000000
8014,0.00000000
8015,0.00000000
8016,0.00000000
8017,0.00000000
8018,0.00000000
8019,0.00000000
8020,0.00000000
8021,0.00000000
8022,0.00000000
8023,0.00000000
8024,0.00000000
8025,0.00000000
8026,0.00000000
8027,0.00000000
8028,0.00000000
8029,0.00000000
8030,0.00000000
8031,0.00000000
8032,0.00000000
8033,0.00000000
8034,0.00000000
8035,0.00000000
8036,0.00000000
8037,0.00000000
8038,0.00000000
8039,0.00000000
8040,0.00000000
8041,0.00000000
8042,0.00000000
8043,0.00000000
8044,0.00000000
8045,0.00000000
8046,0.00000000
8047,0.00000000
8048,0.00000000
8049,0.00000000
8050,0.00000000
8051,0.00000000
8052,0.00000000
8053,0.00000000
8054,0.00000000
8055,0.00000000
8056,0.00000000
8057,0.00000000
8058,0.00000000
8059,0.00000000
8060,0.00000000
8061,0.00000000
8062,0.00000000
8063,0.00000000
8064,0.00000000
8065,0.00000000
8066,0.00000000
8067,0.00000000
8068,0.00000000
8069,0.00000000
8070,0.00000000
8071,0.00000000
8072,0.00000000
8073,0.00000000
8074,0.00000000
8075,0.00000000
8076,0.00000000
8077,0.00000000
8078,0.00000000
8079,0.00000000
8080,0.00000000
8081,0.00000000
8082,0.00000000
8083,0.00000000
8084,0.00000000
8085,0.00000000
8086,0.00000000
8087,0.00000000
8088,0.00000000
8089,0.00000000
8090,0.00000000
8091,0.00000000
8092,0.00000000
8093,0.00000000
8094,0.00000000
8095,0.00000000
8096,0.00000000
8097,0.00000000
8098,0.00000000
8099,0.00000000
8100,0.00000000
8101,0.00000000
8102,0.00000000
8103,0.00000000
8104,0.00000000
8105,0.00000000
8106,0.00000000
8107,0.00000000
8108,0.00000000
8109,0.00000000
8110,0.00000000
8111,0.00000000
8112,0.00000000
8113,0.00000000
8114,0.00000000
8115,0.00000000
8116,0.00000000
8117,0.00000000
8118,0.00000000
8119,0.00000000
8120,0.00000000
8121,0.00000000
8122,0.00000000
8123,0.00000000
8124,0.00000000
8125,0.00000000
8126,0.00000000
8127,0.00000000
8128,0.00000000
8129,0.00000000
8130,0.00000000
8131,0.00000000
8132,0.00000000
8133,0.00000000
8134,0.00000000
8135,0.00000000
8136,0.00000000
8137,0.00000000
8138,0.00000000
8139,0.00000000
8140,0.00000000
8141,0.00000000
8142,0.00000000
8143,0.00000000
8144,0.00000000
8145,0.00000000
8146,0.00000000
8147,0.00000000
8148,0.00000000
8149,0.00000000
8150,0.00000000
8151,0.00000000
8152,0.00000000
8153,0.00000000
8154,0.00000000
8155,0.00000000
8156,0.00000000
8157,0.00000000
8158,0.00000000
8159,0.00000000
8160,0.00000000
8161,0.00000000
8162,0.00000000
8163,0.00000000
8164,0.00000000
8165,0.00000000
8166,0.00000000
8167,0.00000000
8168,0.00000000
8169,0.00000000
8170,0.00000000
8171,0.00000000
8172,0.00000000
8173,0.00000000
8174,0.00000000
8175,0.00000000
8176,0.00000000
8177,0.00000000
8178,0.00000000
8179,0.00000000
8180,0.00000000
8181,0.00000000
8182,0.00000000
8183,0.00000000
8184,0.00000000
8185,0.00000000
8186,0.00000000
8187,0.00000000
8188,0.00000000
8189,0.00000000
8190,0.00000000
8191,0.00000000
8192,0.00000000
8193,0.00000000
8194,0.00000000
8195,0.00000000
8196,0.00000000
8197,0.00000000
8198,0.00000000
8199,0.00000000
8200,0.00000000
8201,0.00000000
8202,0.00000000
8203,0.00000000
8204,0.00000000
8205,0.00000000
8206,0.00000000
8207,0.00000000
8208,0.00000000
8209,0.00000000
8210,0.00000000
8211,0.00000000
8212,0.00000000
8213,0.00000000
8214,0.00000000
8215,0.00000000
8216,0.00000000
8217,0.00000000
8218,0.00000000
8219,0.00000000
8220,0.00000000
8221,0.00000000
8222,0.00000000
8223,0.00000000
8224,0.00000000
8225,0.00000000
8226,0.00000000
8227,0.00000000
8228,0.00000000
8229,0.00000000
8230,0.00000000
8231,0.00000000
8232,0.00000000
8233,0.00000000
8234,0.00000000
8235,0.00000000
8236,0.00000000
8237,0.00000000
8238,0.00000000
8239,0.00000000
8240,0.00000000
8241,0.00000000
8242,0.00000000
8243,0.00000000
8244,0.00000000
8245,0.00000000
8246,0.00000000
8247,0.00000000
8248,0.00000000
8249,0.00000000
8250,0.00000000
8251,0.00000000
8252,0.00000000
8253,0.00000000
8254,0.00000000
8255,0.00000000
8256,0.00000000
8257,0.00000000
8258,0.00000000
8259,0.00000000
8260,0.00000000
8261,0.00000000
8262,0.00000000
8263,0.00000000
8264,0.00000000
8265,0.00000000
8266,0.00000000
8267,0.00000000
8268,0.00000000
8269,0.00000000
8270,0.00000000
8271,0.00000000
8272,0.00000000
8273,0.00000000
8274,0.00000000
8275,0.00000000
8276,0.00000000
8277,0.00000000
8278,0.00000000
8279,0.00000000
8280,0.00000000
8281,0.00000000
8282,0.00000000
8283,0.00000000
8284,0.00000000
8285,0.00000000
8286,0.00000000
8287,0.00000000
8288,0.00000000
8289,0.00000000
8290,0.00000000
8291,0.00000000
8292,0.00000000
8293,0.00000000
8294,0.00000000
8295,0.00000000
8296,0.00000000
8297,0.00000000
8298,0.00000000
8299,0.00000000
8300,0.00000000
8301,0.00000000
8302,0.00000000
8303,0.00000000
8304,0.00000000
8305,0.00000000
8306,0.00000000
8307,0.00000000
8308,0.00000000
8309,0.00000000
8310,0.00000000
8311,0.00000000
8312,0.00000000
8313,0.00000000
8314,0.00000000
8315,0.00000000
8316,0.00000000
8317,0.00000000
8318,0.00000000
8319,0.00000000
8320,0.00000000
8321,0.00000000
8322,0.00000000
8323,0.00000000
8324,0.00000000
8325,0.00000000
8326,0.00000000
8327,0.00000000
8328,0.00000000
8329,0.00000000
8330,0.00000000
8331,0.00000000
8332,0.00000000
8333,0.00000000
8334,0.00000000
8335,0.00000000
8336,0.00000000
8337,0.00000000
8338,0.00000000
8339,0.00000000
8340,0.00000000
8341,0.00000000
8342,0.00000000
8343,0.00000000
8344,0.00000000
8345,0.00000000
8346,0.00000000
8347,0.00000000
8348,0.00000000
8349,0.00000000
8350,0.00000000
8351,0.00000000
8352,0.00000000
8353,0.00000000
8354,0.00000000
8355,0.00000000
8356,0.00000000
8357,0.00000000
8358,0.00000000
8359,0.00000000
8360,0.00000000
8361,0.00000000
8362,0.00000000
8363,0.00000000
8364,0.00000000
8365,0.00000000
8366,0.00000000
8367,0.00000000
8368,0.00000000
8369,0.00000000
8370,0.00000000
8371,0.00000000
8372,0.00000000
8373,0.00000000
8374,0.00000000
8375,0.00000000
8376,0.00000000
8377,0.00000000
8378,0.00000000
8379,0.00000000
8380,0.00000000
8381,0.00000000
8382,0.00000000
8383,0.00000000
8384,0.00000000
8385,0.00000000
8386,0.00000000
8387,0.00000000
8388,0.00000000
8389,0.00000000
8390,0.00000000
8391,0.00000000
8392,0.00000000
8393,0.00000000
8394,0.00000000
8395,0.00000000
8396,0.00000000
8397,0.00000000
8398,0.00000000
8399,0.00000000
8400,0.00000000
8401,0.00000000
8402,0.00000000
8403,0.00000000
8404,0.00000000
8405,0.00000000
8406,0.00000000
8407,0.00000000
8408,0.00000000
8409,0.00000000
8410,0.00000000
8411,0.00000000
8412,0.00000000
8413,0.00000000
8414,0.00000000
8415,0.00000000
8416,0.00000000
8417,0.00000000
8418,0.00000000
8419,0.00000000
8420,0.00000000
8421,0.00000000
8422,0.00000000
8423,0.00000000
8424,0.00000000
8425,0.00000000
8426,0.00000000
8427,0.00000000
8428,0.00000000
8429,0.00000000
8430,0.00000000
8431,0.00000000
8432,0.00000000
8433,0.00000000
8434,0.00000000
8435,0.00000000
8436,0.00000000
8437,0.00000000
8438,0.00000000
8439,0.00000000
8440,0.00000000
8441,0.00000000
8442,0.00000000
8443,0.00000000
8444,0.00000000
8445,0.00000000
8446,0.00000000
8447,0.00000000
8448,0.00000000
8449,0.00000000
8450,0.00000000
8451,0.00000000
8452,0.00000000
8453,0.00000000
8454,0.00000000
8455,0.00000000
8456,0.00000000
8457,0.00000000
8458,0.00000000
8459,0.00000000
8460,0.00000000
8461,0.00000000
8462,0.00000000
8463,0.00000000
8464,0.00000000
8465,0.00000000
8466,0.00000000
8467,0.00000000
8468,0.00000000
8469,0.00000000
8470,0.00000000
8471,0.00000000
8472,0.00000000
8473,0.00000000
8474,0.00000000
8475,0.00000000
8476,0.00000000
8477,0.00000000
8478,0.00000000
8479,0.00000000
8480,0.00000000
8481,0.00000000
8482,0.00000000
8483,0.00000000
8484,0.00000000
8485,0.00000000
8486,0.00000000
8487,0.00000000
8488,0.00000000
8489,0.00000000
8490,0.00000000
8491,0.00000000
8492,0.00000000
8493,0.00000000
8494,0.00000000
8495,0.00000000
8496,0.00000000
8497,0.00000000
8498,0.00000000
8499,0.00000000
8500,0.00000000
8501,0.00000000
8502,0.00000000
8503,0.00000000
8504,0.00000000
8505,0.00000000
8506,0.00000000
8507,0.00000000
8508,0.00000000
8509,0.00000000
8510,0.00000000
8511,0.00000000
8512,0.00000000
8513,0.00000000
8514,0.00000000
8515,0.00000000
8516,0.00000000
8517,0.00000000
8518,0.00000000
8519,0.00000000
8520,0.00000000
8521,0.00000000
8522,0.00000000
8523,0.00000000
8524,0.00000000
8525,0.00000000
8526,0.00000000
8527,0.00000000
8528,0.00000000
8529,0.00000000
8530,0.00000000
8531,0.00000000
8532,0.00000000
8533,0.00000000
8534,0.00000000
8535,0.00000000
8536,0.00000000
8537,0.00000000
8538,0.00000000
8539,0.00000000
8540,0.00000000
8541,0.00000000
8542,0.00000000
8543,0.00000000
8544,0.00000000
8545,0.00000000
8546,0.00000000
8547,0.00000000
8548,0.00000000
8549,0.00000000
8550,0.00000000
8551,0.00000000
8552,0.00000000
8553,0.00000000
8554,0.00000000
8555,0.00000000
8556,0.00000000
8557,0.00000000
8558,0.00000000
8559,0.00000000
8560,0.00000000
8561,0.00000000
8562,0.00000000
8563,0.00000000
8564,0.00000000
8565,0.00000000
8566,0.00000000
8567,0.00000000
8568,0.00000000
8569,0.00000000
8570,0.00000000
8571,0.00000000
8572,0.00000000
8573,0.00000000
8574,0.00000000
8575,0.00000000
8576,0.00000000
8577,0.00000000
8578,0.00000000
8579,0.00000000
8580,0.00000000
8581,0.00000000
8582,0.00000000
8583,0.00000000
8584,0.00000000
8585,0.00000000
8586,0.00000000
8587,0.00000000
8588,0.00000000
8589,0.00000000
8590,0.00000000
8591,0.00000000
8592,0.00000000
8593,0.00000000
8594,0.00000000
8595,0.00000000
8596,0.00000000
8597,0.00000000
8598,0.00000000
8599,0.00000000
8600,0.00000000
8601,0.00000000
8602,0.00000000
8603,0.00000000
8604,0.00000000
8605,0.00000000
8606,0.00000000
8607,0.00000000
8608,0.00000000
8609,0.00000000
8610,0.00000000
8611,0.00000000
8612,0.00000000
8613,0.00000000
8614,0.00000000
8615,0.00000000
8616,0.00000000
8617,0.00000000
8618,0.00000000
8619,0.00000000
8620,0.00000000
8621,0.00000000
8622,0.00000000
8623,0.00000000
8624,0.00000000
8625,0.00000000
8626,0.00000000
8627,0.00000000
8628,0.00000000
8629,0.00000000
8630,0.00000000
8631,0.00000000
8632,0.00000000
8633,0.00000000
8634,0.00000000
8635,0.00000000
8636,0.00000000
8637,0.00000000
8638,0.00000000
8639,0.00000000
8640,0.00000000
8641,0.00000000
8642,0.00000000
8643,0.00000000
8644,0.00000000
8645,0.00000000
8646,0.00000000
8647,0.00000000
8648,0.00000000
8649,0.00000000
8650,0.00000000
8651,0.00000000
8652,0.00000000
8653,0.00000000
8654,0.00000000
8655,0.00000000
8656,0.00000000
8657,0.00000000
8658,0.00000000
8659,0.00000000
8660,0.00000000
8661,0.00000000
8662,0.00000000
8663,0.00000000
8664,0.00000000
8665,0.00000000
8666,0.00000000
8667,0.00000000
8668,0.00000000
8669,0.00000000
8670,0.00000000
8671,0.00000000
8672,0.00000000
8673,0.00000000
8674,0.00000000
8675,0.00000000
8676,0.00000000
8677,0.00000000
8678,0.00000000
8679,0.00000000
8680,0.00000000
8681,0.00000000
8682,0.00000000
8683,0.00000000
8684,0.00000000
8685,0.00000000
8686,0.00000000
8687,0.00000000
8688,0.00000000
8689,0.00000000
8690,0.00000000
8691,0.00000000
8692,0.00000000
8693,0.00000000
8694,0.00000000
8695,0.00000000
8696,0.00000000
8697,0.00000000
8698,0.00000000
8699,0.00000000
8700,0.00000000
8701,0.00000000
8702,0.00000000
8703,0.00000000
8704,0.00000000
8705,0.00000000
8706,0.00000000
8707,0.00000000
8708,0.00000000
8709,0.00000000
8710,0.00000000
8711,0.00000000
8712,0.00000000
8713,0.00000000
8714,0.00000000
8715,0.00000000
8716,0.00000000
8717,0.00000000
8718,0.00000000
8719,0.00000000
8720,0.00000000
8721,0.00000000
8722,0.00000000
8723,0.00000000
8724,0.00000000
8725,0.00000000
8726,0.00000000
8727,0.00000000
8728,0.00000000
8729,0.00000000
8730,0.00000000
8731,0.00000000
8732,0.00000000
8733,0.00000000
8734,0.00000000
8735,0.00000000
8736,0.00000000
8737,0.00000000
8738,0.00000000
8739,0.00000000
8740,0.00000000
8741,0.00000000
8742,0.00000000
8743,0.00000000
8744,0.00000000
8745,0.00000000
8746,0.00000000
8747,0.00000000
8748,0.00000000
8749,0.00000000
8750,0.00000000
8751,0.00000000
8752,0.00000000
8753,0.00000000
8754,0.00000000
8755,0.00000000
8756,0.00000000
8757,0.00000000
8758,0.00000000
8759,0.00000000
8760,0.00000000
8761,0.00000000
8762,0.00000000
8763,0.00000000
8764,0.00000000
8765,0.00000000
8766,0.00000000
8767,0.00000000
8768,0.00000000
8769,0.00000000
8770,0.00000000
8771,0.00000000
8772,0.00000000
8773,0.00000000
8774,0.00000000
8775,0.00000000
8776,0.00000000
8777,0.00000000
8778,0.00000000
8779,0.00000000
8780,0.00000000
8781,0.00000000
8782,0.00000000
8783,0.00000000
8784,0.00000000
8785,0.00000000
8786,0.00000000
8787,0.00000000
8788,0.00000000
8789,0.00000000
8790,0.00000000
8791,0.00000000
8792,0.00000000
8793,0.00000000
8794,0.00000000
8795,0.00000000
8796,0.00000000
8797,0.00000000
8798,0.00000000
8799,0.00000000
8800,0.00000000
8801,0.00000000
8802,0.00000000
8803,0.00000000
8804,0.00000000
8805,0.00000000
8806,0.00000000
8807,0.00000000
8808,0.00000000
8809,0.00000000
8810,0.00000000
8811,0.00000000
8812,0.00000000
8813,0.00000000
8814,0.00000000
8815,0.00000000
8816,0.00000000
8817,0.00000000
8818,0.00000000
8819,0.00000000
8820,0.00000000
8821,0.00000000
8822,0.00000000
8823,0.00000000
8824,0.00000000
8825,0.00000000
8826,0.00000000
8827,0.00000000
8828,0.00000000
8829,0.00000000
8830,0.00000000
8831,0.00000000
8832,0.00000000
8833,0.00000000
8834,0.00000000
8835,0.00000000
8836,0.00000000
8837,0.00000000
8838,0.00000000
8839,0.00000000
8840,0.00000000
8841,0.00000000
8842,0.00000000
8843,0.00000000
8844,0.00000000
8845,0.00000000
8846,0.00000000
8847,0.00000000
8848,0.00000000
8849,0.00000000
8850,0.00000000
8851,0.00000000
8852,0.00000000
8853,0.00000000
8854,0.00000000
8855,0.00000000
8856,0.00000000
8857,0.00000000
8858,0.00000000
8859,0.00000000
8860,0.00000000
8861,0.00000000
8862,0.00000000
8863,0.00000000
8864,0.00000000
8865,0.00000000
8866,0.00000000
8867,0.00000000
8868,0.00000000
8869,0.00000000
8870,0.00000000
8871,0.00000000
8872,0.00000000
8873,0.00000000
8874,0.00000000
8875,0.00000000
8876,0.00000000
8877,0.00000000
8878,0.00000000
8879,0.00000000
8880,0.00000000
8881,0.00000000
8882,0.00000000
8883,0.00000000
8884,0.00000000
8885,0.00000000
8886,0.00000000
8887,0.00000000
8888,0.00000000
8889,0.00000000
8890,0.00000000
8891,0.00000000
8892,0.00000000
8893,0.00000000
8894,0.00000000
8895,0.00000000
8896,0.00000000
8897,0.00000000
8898,0.00000000
8899,0.00000000
8900,0.00000000
8901,0.00000000
8902,0.00000000
8903,0.00000000
8904,0.00000000
8905,0.00000000
8906,0.00000000
8907,0.00000000
8908,0.00000000
8909,0.00000000
8910,0.00000000
8911,0.00000000
8912,0.00000000
8913,0.00000000
8914,0.00000000
8915,0.00000000
8916,0.00000000
8917,0.00000000
8918,0.00000000
8919,0.00000000
8920,0.00000000
8921,0.00000000
8922,0.00000000
8923,0.00000000
8924,0.00000000
8925,0.00000000
8926,0.00000000
8927,0.00000000
8928,0.00000000
8929,0.00000000
8930,0.00000000
8931,0.00000000
8932,0.00000000
8933,0.00000000
8934,0.00000000
8935,0.00000000
8936,0.00000000
8937,0.00000000
8938,0.00000000
8939,0.00000000
8940,0.00000000
8941,0.00000000
8942,0.00000000
8943,0.00000000
8944,0.00000000
8945,0.00000000
8946,0.00000000
8947,0.00000000
8948,0.00000000
8949,0.00000000
8950,0.00000000
8951,0.00000000
8952,0.00000000
8953,0.00000000
8954,0.00000000
8955,0.00000000
8956,0.00000000
8957,0.00000000
8958,0.00000000
8959,0.00000000
8960,0.00000000
8961,0.00000000
8962,0.00000000
8963,0.00000000
8964,0.00000000
8965,0.00000000
8966,0.00000000
8967,0.00000000
8968,0.00000000
8969,0.00000000
8970,0.00000000
8971,0.00000000
8972,0.00000000
8973,0.00000000
8974,0.00000000
8975,0.00000000
8976,0.00000000
8977,0.00000000
8978,0.00000000
8979,0.00000000
8980,0.00000000
8981,0.00000000
8982,0.00000000
8983,0.00000000
8984,0.00000000
8985,0.00000000
8986,0.00000000
8987,0.00000000
8988,0.00000000
8989,0.00000000
8990,0.00000000
8991,0.00000000
8992,0.00000000
8993,0.00000000
8994,0.00000000
8995,0.00000000
8996,0.00000000
8997,0.00000000
8998,0.00000000
8999,0.00000000
9000,0.00000000
9001,0.00000000
9002,0.00000000
9003,0.00000000
9004,0.00000000
9005,0.00000000
9006,0.00000000
9007,0.00000000
9008,0.00000000
9009,0.00000000
9010,0.00000000
9011,0.00000000
9012,0.00000000
9013,0.00000000
9014,0.00000000
9015,0.00000000
9016,0.00000000
9017,0.00000000
9018,0.00000000
9019,0.00000000
9020,0.00000000
9021,0.00000000
9022,0.00000000
9023,0.00000000
9024,0.00000000
9025,0.00000000
9026,0.00000000
9027,0.00000000
9028,0.00000000
9029,0.00000000
9030,0.00000000
9031,0.00000000
9032,0.00000000
9033,0.00000000
9034,0.00000000
9035,0.00000000
9036,0.00000000
9037,0.00000000
9038,0.00000000
9039,0.00000000
9040,0.00000000
9041,0.00000000
9042,0.00000000
9043,0.00000000
9044,0.00000000
9045,0.00000000
9046,0.00000000
9047,0.00000000
9048,0.00000000
9049,0.00000000
9050,0.00000000
9051,0.00000000
9052,0.00000000
9053,0.00000000
9054,0.00000000
9055,0.00000000
9056,0.00000000
9057,0.00000000
9058,0.00000000
9059,0.00000000
9060,0.00000000
9061,0.00000000
9062,0.00000000
9063,0.00000000
9064,0.00000000
9065,0.00000000
9066,0.00000000
9067,0.00000000
9068,0.00000000
9069,0.00000000
9070,0.00000000
9071,0.00000000
9072,0.00000000
9073,0.00000000
9074,0.00000000
9075,0.00000000
9076,0.00000000
9077,0.00000000
9078,0.00000000
9079,0.00000000
9080,0.00000000
9081,0.00000000
9082,0.00000000
9083,0.00000000
9084,0.00000000
9085,0.00000000
9086,0.00000000
9087,0.00000000
9088,0.00000000
9089,0.00000000
9090,0.00000000
9091,0.00000000
9092,0.00000000
9093,0.00000000
9094,0.00000000
9095,0.00000000
9096,0.00000000
9097,0.00000000
9098,0.00000000
9099,0.00000000
9100,0.00000000
9101,0.00000000
9102,0.00000000
9103,0.00000000
9104,0.00000000
9105,0.00000000
9106,0.00000000
9107,0.00000000
9108,0.00000000
9109,0.00000000
9110,0.00000000
9111,0.00000000
9112,0.00000000
9113,0.00000000
9114,0.00000000
9115,0.00000000
9116,0.00000000
9117,0.00000000
9118,0.00000000
9119,0.00000000
9120,0.00000000
9121,0.00000000
9122,0.00000000
9123,0.00000000
9124,0.00000000
9125,0.00000000
9126,0.00000000
9127,0.00000000
9128,0.00000000
9129,0.00000000
9130,0.00000000
9131,0.00000000
9132,0.00000000
9133,0.00000000
9134,0.00000000
9135,0.00000000
9136,0.00000000
9137,0.00000000
9138,0.00000000
9139,0.00000000
9140,0.00000000
9141,0.00000000
9142,0.00000000
9143,0.00000000
9144,0.00000000
9145,0.00000000
9146,0.00000000
9147,0.00000000
9148,0.00000000
9149,0.00000000
9150,0.00000000
9151,0.00000000
9152,0.00000000
9153,0.00000000
9154,0.00000000
9155,0.00000000
9156,0.00000000
9157,0.00000000
9158,0.00000000
9159,0.00000000
9160,0.00000000
9161,0.00000000
9162,0.00000000
9163,0.00000000
9164,0.00000000
9165,0.00000000
9166,0.00000000
9167,0.00000000
9168,0.00000000
9169,0.00000000
9170,0.00000000
9171,0.00000000
9172,0.00000000
9173,0.00000000
9174,0.00000000
9175,0.00000000
9176,0.00000000
9177,0.00000000
9178,0.00000000
9179,0.00000000
9180,0.00000000
9181,0.00000000
9182,0.00000000
9183,0.00000000
9184,0.00000000
9185,0.00000000
9186,0.00000000
9187,0.00000000
9188,0.00000000
9189,0.00000000
9190,0.00000000
9191,0.00000000
9192,0.00000000
9193,0.00000000
9194,0.00000000
9195,0.00000000
9196,0.00000000
9197,0.00000000
9198,0.00000000
9199,0.00000000
9200,0.00000000
9201,0.00000000
9202,0.00000000
9203,0.00000000
9204,0.00000000
9205,0.00000000
9206,0.00000000
9207,0.00000000
9208,0.00000000
9209,0.00000000
9210,0.00000000
9211,0.00000000
9212,0.00000000
9213,0.00000000
9214,0.00000000
9215,0.00000000
9216,0.00000000
9217,0.00000000
9218,0.00000000
9219,0.00000000
9220,0.00000000
9221,0.00000000
9222,0.00000000
9223,0.00000000
9224,0.00000000
9225,0.00000000
9226,0.00000000
9227,0.00000000
9228,0.00000000
9229,0.00000000
9230,0.00000000
9231,0.00000000
9232,0.00000000
9233,0.00000000
9234,0.00000000
9235,0.00000000
9236,0.00000000
9237,0.00000000
9238,0.00000000
9239,0.00000000
9240,0.00000000
9241,0.00000000
9242,0.00000000
9243,0.00000000
9244,0.00000000
9245,0.00000000
9246,0.00000000
9247,0.00000000
9248,0.00000000
9249,0.00000000
9250,0.00000000
9251,0.00000000
9252,0.00000000
9253,0.00000000
9254,0.00000000
9255,0.00000000
9256,0.00000000
9257,0.00000000
9258,0.00000000
9259,0.00000000
9260,0.00000000
9261,0.00000000
9262,0.00000000
9263,0.00000000
9264,0.00000000
9265,0.00000000
9266,0.00000000
9267,0.00000000
9268,0.00000000
9269,0.00000000
9270,0.00000000
9271,0.00000000
9272,0.00000000
9273,0.00000000
9274,0.00000000
9275,0.00000000
9276,0.00000000
9277,0.00000000
9278,0.00000000
9279,0.00000000
9280,0.00000000
9281,0.00000000
9282,0.00000000
9283,0.00000000
9284,0.00000000
9285,0.00000000
9286,0.00000000
9287,0.00000000
9288,0.00000000
9289,0.00000000
9290,0.00000000
9291,0.00000000
9292,0.00000000
9293,0.00000000
9294,0.00000000
9295,0.00000000
9296,0.00000000
9297,0.00000000
9298,0.00000000
9299,0.00000000
9300,0.00000000
9301,0.00000000
9302,0.00000000
9303,0.00000000
9304,0.00000000
9305,0.00000000
9306,0.00000000
9307,0.00000000
9308,0.00000000
9309,0.00000000
9310,0.00000000
9311,0.00000000
9312,0.00000000
9313,0.00000000
9314,0.00000000
9315,0.00000000
9316,0.00000000
9317,0.00000000
9318,0.00000000
9319,0.00000000
9320,0.00000000
9321,0.00000000
9322,0.00000000
9323,0.00000000
9324,0.00000000
9325,0.00000000
9326,0.00000000
9327,0.00000000
9328,0.00000000
9329,0.00000000
9330,0.00000000
9331,0.00000000
9332,0.00000000
9333,0.00000000
9334,0.00000000
9335,0.00000000
9336,0.00000000
9337,0.00000000
9338,0.00000000
9339,0.00000000
9340,0.00000000
9341,0.00000000
9342,0.00000000
9343,0.00000000
9344,0.00000000
9345,0.00000000
9346,0.00000000
9347,0.00000000
9348,0.00000000
9349,0.00000000
9350,0.00000000
9351,0.00000000
9352,0.00000000
9353,0.00000000
9354,0.00000000
9355,0.00000000
9356,0.00000000
9357,0.00000000
9358,0.00000000
9359,0.00000000
9360,0.00000000
9361,0.00000000
9362,0.00000000
9363,0.00000000
9364,0.00000000
9365,0.00000000
9366,0.00000000
9367,0.00000000
9368,0.00000000
9369,0.00000000
9370,0.00000000
9371,0.00000000
9372,0.00000000
9373,0.00000000
9374,0.00000000
9375,0.00000000
9376,0.00000000
9377,0.00000000
9378,0.00000000
9379,0.00000000
9380,0.00000000
9381,0.00000000
9382,0.00000000
9383,0.00000000
9384,0.00000000
9385,0.00000000
9386,0.00000000
9387,0.00000000
9388,0.00000000
9389,0.00000000
9390,0.00000000
9391,0.00000000
9392,0.00000000
9393,0.00000000
9394,0.00000000
9395,0.00000000
9396,0.00000000
9397,0.00000000
9398,0.00000000
9399,0.00000000
9400,0.00000000
9401,0.00000000
9402,0.00000000
9403,0.00000000
9404,0.00000000
9405,0.00000000
9406,0.00000000
9407,0.00000000
9408,0.00000000
9409,0.00000000
9410,0.00000000
9411,0.00000000
9412,0.00000000
9413,0.00000000
9414,0.00000000
9415,0.00000000
9416,0.00000000
9417,0.00000000
9418,0.00000000
9419,0.00000000
9420,0.00000000
9421,0.00000000
9422,0.00000000
9423,0.00000000
9424,0.00000000
9425,0.00000000
9426,0.00000000
9427,0.00000000
9428,0.00000000
9429,0.00000000
9430,0.00000000
9431,0.00000000
9432,0.00000000
9433,0.00000000
9434,0.00000000
9435,0.00000000
9436,0.00000000
9437,0.00000000
9438,0.00000000
9439,0.00000000
9440,0.00000000
9441,0.00000000
9442,0.00000000
9443,0.00000000
9444,0.00000000
9445,0.00000000
9446,0.00000000
9447,0.00000000
9448,0.00000000
9449,0.00000000
9450,0.00000000
9451,0.00000000
9452,0.00000000
9453,0.00000000
9454,0.00000000
9455,0.00000000
9456,0.00000000
9457,0.00000000
9458,0.00000000
9459,0.00000000
9460,0.00000000
9461,0.00000000
9462,0.00000000
9463,0.00000000
9464,0.00000000
9465,0.00000000
9466,0.00000000
9467,0.00000000
9468,0.00000000
9469,0.00000000
9470,0.00000000
9471,0.00000000
9472,0.00000000
9473,0.00000000
9474,0.00000000
9475,0.00000000
9476,0.00000000
9477,0.00000000
9478,0.00000000
9479,0.00000000
9480,0.00000000
9481,0.00000000
9482,0.00000000
9483,0.00000000
9484,0.00000000
9485,0.00000000
9486,0.00000000
9487,0.00000000
9488,0.00000000
9489,0.00000000
9490,0.00000000
9491,0.00000000
9492,0.00000000
9493,0.00000000
9494,0.00000000
9495,0.00000000
9496,0.00000000
9497,0.00000000
9498,0.00000000
9499,0.00000000
9500,0.00000000
9501,0.00000000
9502,0.00000000
9503,0.00000000
9504,0.00000000
9505,0.00000000
9506,0.00000000
9507,0.00000000
9508,0.00000000
9509,0.00000000
9510,0.00000000
9511,0.00000000
9512,0.00000000
9513,0.00000000
9514,0.00000000
9515,0.00000000
9516,0.00000000
9517,0.00000000
9518,0.00000000
9519,0.00000000
9520,0.00000000
9521,0.00000000
9522,0.00000000
9523,0.00000000
9524,0.00000000
9525,0.00000000
9526,0.00000000
9527,0.00000000
9528,0.00000000
9529,0.00000000
9530,0.00000000
9531,0.00000000
9532,0.00000000
9533,0.00000000
9534,0.00000000
9535,0.00000000
9536,0.00000000
9537,0.00000000
9538,0.00000000
9539,0.00000000
9540,0.00000000
9541,0.00000000
9542,0.00000000
9543,0.00000000
9544,0.00000000
9545,0.00000000
9546,0.00000000
9547,0.00000000
9548,0.00000000
9549,0.00000000
9550,0.00000000
9551,0.00000000
9552,0.00000000
9553,0.00000000
9554,0.00000000
9555,0.00000000
9556,0.00000000
9557,0.00000000
9558,0.00000000
9559,0.00000000
9560,0.00000000
9561,0.00000000
9562,0.00000000
9563,0.00000000
9564,0.00000000
9565,0.00000000
9566,0.00000000
9567,0.00000000
9568,0.00000000
9569,0.00000000
9570,0.00000000
9571,0.00000000
9572,0.00000000
9573,0.00000000
9574,0.00000000
9575,0.00000000
9576,0.00000000
9577,0.00000000
9578,0.00000000
9579,0.00000000
9580,0.00000000
9581,0.00000000
9582,0.00000000
9583,0.00000000
9584,0.00000000
9585,0.00000000
9586,0.00000000
9587,0.00000000
9588,0.00000000
9589,0.00000000
9590,0.00000000
9591,0.00000000
9592,0.00000000
9593,0.00000000
9594,0.00000000
9595,0.00000000
9596,0.00000000
9597,0.00000000
9598,0.00000000
9599,0.00000000
9600,0.00000000
9601,0.00000000
9602,0.00000000
9603,0.00000000
9604,0.00000000
9605,0.00000000
9606,0.00000000
9607,0.00000000
9608,0.00000000
9609,0.00000000
9610,0.00000000
9611,0.00000000
9612,0.00000000
9613,0.00000000
9614,0.00000000
9615,0.00000000
9616,0.00000000
9617,0.00000000
9618,0.00000000
9619,0.00000000
9620,0.00000000
9621,0.00000000
9622,0.00000000
9623,0.00000000
9624,0.00000000
9625,0.00000000
9626,0.00000000
9627,0.00000000
9628,0.00000000
9629,0.00000000
9630,0.00000000
9631,0.00000000
9632,0.00000000
9633,0.00000000
9634,0.00000000
9635,0.00000000
9636,0.00000000
9637,0.00000000
9638,0.00000000
9639,0.00000000
9640,0.00000000
9641,0.00000000
9642,0.00000000
9643,0.00000000
9644,0.00000000
9645,0.00000000
9646,0.00000000
9647,0.00000000
9648,0.00000000
9649,0.00000000
9650,0.00000000
9651,0.00000000
9652,0.00000000
9653,0.00000000
9654,0.00000000
9655,0.00000000
9656,0.00000000
9657,0.00000000
9658,0.00000000
9659,0.00000000
9660,0.00000000
9661,0.00000000
9662,0.00000000
9663,0.00000000
9664,0.00000000
9665,0.00000000
9666,0.00000000
9667,0.00000000
9668,0.00000000
9669,0.00000000
9670,0.00000000
9671,0.00000000
9672,0.00000000
9673,0.00000000
9674,0.00000000
9675,0.00000000
9676,0.00000000
9677,0.00000000
9678,0.00000000
9679,0.00000000
9680,0.00000000
9681,0.00000000
9682,0.00000000
9683,0.00000000
9684,0.00000000
9685,0.00000000
9686,0.00000000
9687,0.00000000
9688,0.00000000
9689,0.00000000
9690,0.00000000
9691,0.00000000
9692,0.00000000
9693,0.00000000
9694,0.00000000
9695,0.00000000
9696,0.00000000
9697,0.00000000
9698,0.00000000
9699,0.00000000
9700,0.00000000
9701,0.00000000
9702,0.00000000
9703,0.00000000
9704,0.00000000
9705,0.00000000
9706,0.00000000
9707,0.00000000
9708,0.00000000
9709,0.00000000
9710,0.00000000
9711,0.00000000
9712,0.00000000
9713,0.00000000
9714,0.00000000
9715,0.00000000
9716,0.00000000
9717,0.00000000
9718,0.00000000
9719,0.00000000
9720,0.00000000
9721,0.00000000
9722,0.00000000
9723,0.00000000
9724,0.00000000
9725,0.00000000
9726,0.00000000
9727,0.00000000
9728,0.00000000
9729,0.00000000
9730,0.00000000
9731,0.00000000
9732,0.00000000
9733,0.00000000
9734,0.00000000
9735,0.00000000
9736,0.00000000
9737,0.00000000
9738,0.00000000
9739,0.00000000
9740,0.00000000
9741,0.00000000
9742,0.00000000
9743,0.00000000
9744,0.00000000
9745,0.00000000
9746,0.00000000
9747,0.00000000
9748,0.00000000
9749,0.00000000
9750,0.00000000
9751,0.00000000
9752,0.00000000
9753,0.00000000
9754,0.00000000
9755,0.00000000
9756,0.00000000
9757,0.00000000
9758,0.00000000
9759,0.00000000
9760,0.00000000
9761,0.00000000
9762,0.00000000
9763,0.00000000
9764,0.00000000
9765,0.00000000
9766,0.00000000
9767,0.00000000
9768,0.00000000
9769,0.00000000
9770,0.00000000
9771,0.00000000
9772,0.00000000
9773,0.00000000
9774,0.00000000
9775,0.00000000
9776,0.00000000
9777,0.00000000
9778,0.00000000
9779,0.00000000
9780,0.00000000
9781,0.00000000
9782,0.00000000
9783,0.00000000
9784,0.00000000
9785,0.00000000
9786,0.00000000
9787,0.00000000
9788,0.00000000
9789,0.00000000
9790,0.00000000
9791,0.00000000
9792,0.00000000
9793,0.00000000
9794,0.00000000
9795,0.00000000
9796,0.00000000
9797,0.00000000
9798,0.00000000
9799,0.00000000
9800,0.00000000
9801,0.00000000
9802,0.00000000
9803,0.00000000
9804,0.00000000
9805,0.00000000
9806,0.00000000
9807,0.00000000
9808,0.00000000
9809,0.00000000
9810,0.00000000
9811,0.00000000
9812,0.00000000
9813,0.00000000
9814,0.00000000
9815,0.00000000
9816,0.00000000
9817,0.00000000
9818,0.00000000
9819,0.00000000
9820,0.00000000
9821,0.00000000
9822,0.00000000
9823,0.00000000
9824,0.00000000
9825,0.00000000
9826,0.00000000
9827,0.00000000
9828,0.00000000
9829,0.00000000
9830,0.00000000
9831,0.00000000
9832,0.00000000
9833,0.00000000
9834,0.00000000
9835,0.00000000
9836,0.00000000
9837,0.00000000
9838,0.00000000
9839,0.00000000
9840,0.00000000
9841,0.00000000
9842,0.00000000
9843,0.00000000
9844,0.00000000
9845,0.00000000
9846,0.00000000
9847,0.00000000
9848,0.00000000
9849,0.00000000
9850,0.00000000
9851,0.00000000
9852,0.00000000
9853,0.00000000
9854,0.00000000
9855,0.00000000
9856,0.00000000
9857,0.00000000
9858,0.00000000
9859,0.00000000
9860,0.00000000
9861,0.00000000
9862,0.00000000
9863,0.00000000
9864,0.00000000
9865,0.00000000
9866,0.00000000
9867,0.00000000
9868,0.00000000
9869,0.00000000
9870,0.00000000
9871,0.00000000
9872,0.00000000
9873,0.00000000
9874,0.00000000
9875,0.00000000
9876,0.00000000
9877,0.00000000
9878,0.00000000
9879,0.00000000
9880,0.00000000
9881,0.00000000
9882,0.00000000
9883,0.00000000
9884,0.00000000
9885,0.00000000
9886,0.00000000
9887,0.00000000
9888,0.00000000
9889,0.00000000
9890,0.00000000
9891,0.00000000
9892,0.00000000
9893,0.00000000
9894,0.00000000
9895,0.00000000
9896,0.00000000
9897,0.00000000
9898,0.00000000
9899,0.00000000
9900,0.00000000
9901,0.00000000
9902,0.00000000
9903,0.00000000
9904,0.00000000
9905,0.00000000
9906,0.00000000
9907,0.00000000
9908,0.00000000
9909,0.00000000
9910,0.00000000
9911,0.00000000
9912,0.00000000
9913,0.00000000
9914,0.00000000
9915,0.00000000
9916,0.00000000
9917,0.00000000
9918,0.00000000
9919,0.00000000
9920,0.00000000
9921,0.00000000
9922,0.00000000
9923,0.00000000
9924,0.00000000
9925,0.00000000
9926,0.00000000
9927,0.00000000
9928,0.00000000
9929,0.00000000
9930,0.00000000
9931,0.00000000
9932,0.00000000
9933,0.00000000
9934,0.00000000
9935,0.00000000
9936,0.00000000
9937,0.00000000
9938,0.00000000
9939,0.00000000
9940,0.00000000
9941,0.00000000
9942,0.00000000
9943,0.00000000
9944,0.00000000
9945,0.00000000
9946,0.00000000
9947,0.00000000
9948,0.00000000
9949,0.00000000
9950,0.00000000
9951,0.00000000
9952,0.00000000
9953,0.00000000
9954,0.00000000
9955,0.00000000
9956,0.00000000
9957,0.00000000
9958,0.00000000
9959,0.00000000
9960,0.00000000
9961,0.00000000
9962,0.00000000
9963,0.00000000
9964,0.00000000
9965,0.00000000
9966,0.00000000
9967,0.00000000
9968,0.00000000
9969,0.00000000
9970,0.00000000
9971,0.00000000
9972,0.00000000
9973,0.00000000
9974,0.00000000
9975,0.00000000
9976,0.00000000
9977,0.00000000
9978,0.00000000
9979,0.00000000
9980,0.00000000
9981,0.00000000
9982,0.00000000
9983,0.00000000
9984,0.00000000
9985,0.00000000
9986,0.00000000
9987,0.00000000
9988,0.00000000
9989,0.00000000
9990,0.00000000
9991,0.00000000
9992,0.00000000
9993,0.00000000
9994,0.00000000
9995,0.00000000
9996,0.00000000
9997,0.00000000
9998,0.00000000
9999,0.00000000
10000,0.00000000
10001,0.00000000
10002,0.00000000
10003,0.00000000
10004,0.00000000
10005,0.00000000
10006,0.00000000
10007,0.00000000
10008,0.00000000
10009,0.00000000
10010,0.00000000
10011,0.00000000
10012,0.00000000
10013,0.00000000
10014,0.00000000
10015,0.00000000
10016,0.00000000
10017,0.00000000
10018,0.00000000
10019,0.00000000
10020,0.00000000
10021,0.00000000
10022,0.00000000
10023,0.00000000
10024,0.00000000
10025,0.00000000
10026,0.00000000
10027,0.00000000
10028,0.00000000
10029,0.00000000
10030,0.00000000
10031,0.00000000
10032,0.00000000
10033,0.00000000
10034,0.00000000
10035,0.00000000
10036,0.00000000
10037,0.00000000
10038,0.00000000
10039,0.00000000
10040,0.00000000
10041,0.00000000
10042,0.00000000
10043,0.00000000
10044,0.00000000
10045,0.00000000
10046,0.00000000
10047,0.00000000
10048,0.00000000
10049,0.00000000
10050,0.00000000
10051,0.00000000
10052,0.00000000
10053,0.00000000
10054,0.00000000
10055,0.00000000
10056,0.00000000
10057,0.00000000
10058,0.00000000
10059,0.00000000
10060,0.00000000
10061,0.00000000
10062,0.00000000
10063,0.00000000
10064,0.00000000
10065,0.00000000
10066,0.00000000
10067,0.00000000
10068,0.00000000
10069,0.00000000
10070,0.00000000
10071,0.00000000
10072,0.00000000
10073,0.00000000
10074,0.00000000
10075,0.00000000
10076,0.00000000
10077,0.00000000
10078,0.00000000
10079,0.00000000
10080,0.00000000
10081,0.00000000
10082,0.00000000
10083,0.00000000
10084,0.00000000
10085,0.00000000
10086,0.00000000
10087,0.00000000
10088,0.00000000
10089,0.00000000
10090,0.00000000
10091,0.00000000
10092,0.00000000
10093,0.00000000
10094,0.00000000
10095,0.00000000
10096,0.00000000
10097,0.00000000
10098,0.00000000
10099,0.00000000
10100,0.00000000
10101,0.00000000
10102,0.00000000
10103,0.00000000
10104,0.00000000
10105,0.00000000
10106,0.00000000
10107,0.00000000
10108,0.00000000
10109,0.00000000
10110,0.00000000
10111,0.00000000
10112,0.00000000
10113,0.00000000
10114,0.00000000
10115,0.00000000
10116,0.00000000
10117,0.00000000
10118,0.00000000
10119,0.00000000
10120,0.00000000
10121,0.00000000
10122,0.00000000
10123,0.00000000
10124,0.00000000
10125,0.00000000
10126,0.00000000
10127,0.00000000
10128,0.00000000
10129,0.00000000
10130,0.00000000
10131,0.00000000
10132,0.00000000
10133,0.00000000
10134,0.00000000
10135,0.00000000
10136,0.00000000
10137,0.00000000
10138,0.00000000
10139,0.00000000
10140,0.00000000
10141,0.00000000
10142,0.00000000
10143,0.00000000
10144,0.00000000
10145,0.00000000
10146,0.00000000
10147,0.00000000
10148,0.00000000
10149,0.00000000
10150,0.00000000
10151,0.00000000
10152,0.00000000
10153,0.00000000
10154,0.00000000
10155,0.00000000
10156,0.00000000
10157,0.00000000
10158,0.00000000
10159,0.00000000
10160,0.00000000
10161,0.00000000
10162,0.00000000
10163,0.00000000
10164,0.00000000
10165,0.00000000
10166,0.00000000
10167,0.00000000
10168,0.00000000
10169,0.00000000
10170,0.00000000
10171,0.00000000
10172,0.00000000
10173,0.00000000
10174,0.00000000
10175,0.00000000
10176,0.00000000
10177,0.00000000
10178,0.00000000
10179,0.00000000
10180,0.00000000
10181,0.00000000
10182,0.00000000
10183,0.00000000
10184,0.00000000
10185,0.00000000
10186,0.00000000
10187,0.00000000
10188,0.00000000
10189,0.00000000
10190,0.00000000
10191,0.00000000
10192,0.00000000
10193,0.00000000
10194,0.00000000
10195,0.00000000
10196,0.00000000
10197,0.00000000
10198,0.00000000
10199,0.00000000
10200,0.00000000
10201,0.00000000
10202,0.00000000
10203,0.00000000
10204,0.00000000
10205,0.00000000
10206,0.00000000
10207,0.00000000
10208,0.00000000
10209,0.00000000
10210,0.00000000
10211,0.00000000
10212,0.00000000
10213,0.00000000
10214,0.00000000
10215,0.00000000
10216,0.00000000
10217,0.00000000
10218,0.00000000
10219,0.00000000
10220,0.00000000
10221,0.00000000
10222,0.00000000
10223,0.00000000
10224,0.00000000
10225,0.00000000
10226,0.00000000
10227,0.00000000
10228,0.00000000
10229,0.00000000
10230,0.00000000
10231,0.00000000
10232,0.00000000
10233,0.00000000
10234,0.00000000
10235,0.00000000
10236,0.00000000
10237,0.00000000
10238,0.00000000
10239,0.00000000
10240,0.00000000
10241,0.00000000
10242,0.00000000
10243,0.00000000
10244,0.00000000
10245,0.00000000
10246,0.00000000
10247,0.00000000
10248,0.00000000
10249,0.00000000
10250,0.00000000
10251,0.00000000
10252,0.00000000
10253,0.00000000
10254,0.00000000
10255,0.00000000
10256,0.00000000
10257,0.00000000
10258,0.00000000
10259,0.00000000
10260,0.00000000
10261,0.00000000
10262,0.00000000
10263,0.00000000
10264,0.00000000
10265,0.00000000
10266,0.00000000
10267,0.00000000
10268,0.00000000
10269,0.00000000
10270,0.00000000
10271,0.00000000
10272,0.00000000
10273,0.00000000
10274,0.00000000
10275,0.00000000
10276,0.00000000
10277,0.00000000
10278,0.00000000
10279,0.00000000
10280,0.00000000
10281,0.00000000
10282,0.00000000
10283,0.00000000
10284,0.00000000
10285,0.00000000
10286,0.00000000
10287,0.00000000
10288,0.00000000
10289,0.00000000
10290,0.00000000
10291,0.00000000
10292,0.00000000
10293,0.00000000
10294,0.00000000
10295,0.00000000
10296,0.00000000
10297,0.00000000
10298,0.00000000
10299,0.00000000
10300,0.00000000
10301,0.00000000
10302,0.00000000
10303,0.00000000
10304,0.00000000
10305,0.00000000
10306,0.00000000
10307,0.00000000
10308,0.00000000
10309,0.00000000
10310,0.00000000
10311,0.00000000
10312,0.00000000
10313,0.00000000
10314,0.00000000
10315,0.00000000
10316,0.00000000
10317,0.00000000
10318,0.00000000
10319,0.00000000
10320,0.00000000
10321,0.00000000
10322,0.00000000
10323,0.00000000
10324,0.00000000
10325,0.00000000
10326,0.00000000
10327,0.00000000
10328,0.00000000
10329,0.00000000
10330,0.00000000
10331,0.00000000
10332,0.00000000
10333,0.00000000
10334,0.00000000
10335,0.00000000
10336,0.00000000
10337,0.00000000
10338,0.00000000
10339,0.00000000
10340,0.00000000
10341,0.00000000
10342,0.00000000
10343,0.00000000
10344,0.00000000
10345,0.00000000
10346,0.00000000
10347,0.00000000
10348,0.00000000
10349,0.00000000
10350,0.00000000
10351,0.00000000
10352,0.00000000
10353,0.00000000
10354,0.00000000
10355,0.00000000
10356,0.00000000
10357,0.00000000
10358,0.00000000
10359,0.00000000
10360,0.00000000
10361,0.00000000
10362,0.00000000
10363,0.00000000
10364,0.00000000
10365,0.00000000
10366,0.00000000
10367,0.00000000
10368,0.00000000
10369,0.00000000
10370,0.00000000
10371,0.00000000
10372,0.00000000
10373,0.00000000
10374,0.00000000
10375,0.00000000
10376,0.00000000
10377,0.00000000
10378,0.00000000
10379,0.00000000
10380,0.00000000
10381,0.00000000
10382,0.00000000
10383,0.00000000
10384,0.00000000
10385,0.00000000
10386,0.00000000
10387,0.00000000
10388,0.00000000
10389,0.00000000
10390,0.00000000
10391,0.00000000
10392,0.00000000
10393,0.00000000
10394,0.00000000
10395,0.00000000
10396,0.00000000
10397,0.00000000
10398,0.00000000
10399,0.00000000
10400,0.00000000
10401,0.00000000
10402,0.00000000
10403,0.00000000
10404,0.00000000
10405,0.00000000
10406,0.00000000
10407,0.00000000
10408,0.00000000
10409,0.00000000
10410,0.00000000
10411,0.00000000
10412,0.00000000
10413,0.00000000
10414,0.00000000
10415,0.00000000
10416,0.00000000
10417,0.00000000
10418,0.00000000
10419,0.00000000
10420,0.00000000
10421,0.00000000
10422,0.00000000
10423,0.00000000
10424,0.00000000
10425,0.00000000
10426,0.00000000
10427,0.00000000
10428,0.00000000
10429,0.00000000
10430,0.00000000
10431,0.00000000
10432,0.00000000
10433,0.00000000
10434,0.00000000
10435,0.00000000
10436,0.00000000
10437,0.00000000
10438,0.00000000
10439,0.00000000
10440,0.00000000
10441,0.00000000
10442,0.00000000
10443,0.00000000
10444,0.00000000
10445,0.00000000
10446,0.00000000
10447,0.00000000
10448,0.00000000
10449,0.00000000
10450,0.00000000
10451,0.00000000
10452,0.00000000
10453,0.00000000
10454,0.00000000
10455,0.00000000
10456,0.00000000
10457,0.00000000
10458,0.00000000
10459,0.00000000
10460,0.00000000
10461,0.00000000
10462,0.00000000
10463,0.00000000
10464,0.00000000
10465,0.00000000
10466,0.00000000
10467,0.00000000
10468,0.00000000
10469,0.00000000
10470,0.00000000
10471,0.00000000
10472,0.00000000
10473,0.00000000
10474,0.00000000
10475,0.00000000
10476,0.00000000
10477,0.00000000
10478,0.00000000
10479,0.00000000
10480,0.00000000
10481,0.00000000
10482,0.00000000
10483,0.00000000
10484,0.00000000
10485,0.00000000
10486,0.00000000
10487,0.00000000
10488,0.00000000
10489,0.00000000
10490,0.00000000
10491,0.00000000
10492,0.00000000
10493,0.00000000
10494,0.00000000
10495,0.00000000
10496,0.00000000
10497,0.00000000
10498,0.00000000
10499,0.00000000
10500,0.00000000
10501,0.00000000
10502,0.00000000
10503,0.00000000
10504,0.00000000
10505,0.00000000
10506,0.00000000
10507,0.00000000
10508,0.00000000
10509,0.00000000
10510,0.00000000
10511,0.00000000
10512,0.00000000
10513,0.00000000
10514,0.00000000
10515,0.00000000
10516,0.00000000
10517,0.00000000
10518,0.00000000
10519,0.00000000
10520,0.00000000
10521,0.00000000
10522,0.00000000
10523,0.00000000
10524,0.00000000
10525,0.00000000
10526,0.00000000
10527,0.00000000
10528,0.00000000
10529,0.00000000
10530,0.00000000
10531,0.00000000
10532,0.00000000
10533,0.00000000
10534,0.00000000
10535,0.00000000
10536,0.00000000
10537,0.00000000
10538,0.00000000
10539,0.00000000
10540,0.00000000
10541,0.00000000
10542,0.00000000
10543,0.00000000
10544,0.00000000
10545,0.00000000
10546,0.00000000
10547,0.00000000
10548,0.00000000
10549,0.00000000
10550,0.00000000
10551,0.00000000
10552,0.00000000
10553,0.00000000
10554,0.00000000
10555,0.00000000
10556,0.00000000
10557,0.00000000
10558,0.00000000
10559,0.00000000
10560,0.00000000
10561,0.00000000
10562,0.00000000
10563,0.00000000
10564,0.00000000
10565,0.00000000
10566,0.00000000
10567,0.00000000
10568,0.00000000
10569,0.00000000
10570,0.00000000
10571,0.00000000
10572,0.00000000
10573,0.00000000
10574,0.00000000
10575,0.00000000
10576,0.00000000
10577,0.00000000
10578,0.00000000
10579,0.00000000
10580,0.00000000
10581,0.00000000
10582,0.00000000
10583,0.00000000
10584,0.00000000
10585,0.00000000
10586,0.00000000
10587,0.00000000
10588,0.00000000
10589,0.00000000
10590,0.00000000
10591,0.00000000
10592,0.00000000
10593,0.00000000
10594,0.00000000
10595,0.00000000
10596,0.00000000
10597,0.00000000
10598,0.00000000
10599,0.00000000
10600,0.00000000
10601,0.00000000
10602,0.00000000
10603,0.00000000
10604,0.00000000
10605,0.00000000
10606,0.00000000
10607,0.00000000
10608,0.00000000
10609,0.00000000
10610,0.00000000
10611,0.00000000
10612,0.00000000
10613,0.00000000
10614,0.00000000
10615,0.00000000
10616,0.00000000
10617,0.00000000
10618,0.00000000
10619,0.00000000
10620,0.00000000
10621,0.00000000
10622,0.00000000
10623,0.00000000
10624,0.00000000
10625,0.00000000
10626,0.00000000
10627,0.00000000
10628,0.00000000
10629,0.00000000
10630,0.00000000
10631,0.00000000
10632,0.00000000
10633,0.00000000
10634,0.00000000
10635,0.00000000
10636,0.00000000
10637,0.00000000
10638,0.00000000
10639,0.00000000
10640,0.00000000
10641,0.00000000
10642,0.00000000
10643,0.00000000
10644,0.00000000
10645,0.00000000
10646,0.00000000
10647,0.00000000
10648,0.00000000
10649,0.00000000
10650,0.00000000
10651,0.00000000
10652,0.00000000
10653,0.00000000
10654,0.00000000
10655,0.00000000
10656,0.00000000
10657,0.00000000
10658,0.00000000
10659,0.00000000
10660,0.00000000
10661,0.00000000
10662,0.00000000
10663,0.00000000
10664,0.00000000
10665,0.00000000
10666,0.00000000
10667,0.00000000
10668,0.00000000
10669,0.00000000
10670,0.00000000
10671,0.00000000
10672,0.00000000
10673,0.00000000
10674,0.00000000
10675,0.00000000
10676,0.00000000
10677,0.00000000
10678,0.00000000
10679,0.00000000
10680,0.00000000
10681,0.00000000
10682,0.00000000
10683,0.00000000
10684,0.00000000
10685,0.00000000
10686,0.00000000
10687,0.00000000
10688,0.00000000
10689,0.00000000
10690,0.00000000
10691,0.00000000
10692,0.00000000
10693,0.00000000
10694,0.00000000
10695,0.00000000
10696,0.00000000
10697,0.00000000
10698,0.00000000
10699,0.00000000
10700,0.00000000
10701,0.00000000
10702,0.00000000
10703,0.00000000
10704,0.00000000
10705,0.00000000
10706,0.00000000
10707,0.00000000
10708,0.00000000
10709,0.00000000
10710,0.00000000
10711,0.00000000
10712,0.00000000
10713,0.00000000
10714,0.00000000
10715,0.00000000
10716,0.00000000
10717,0.00000000
10718,0.00000000
10719,0.00000000
10720,0.00000000
10721,0.00000000
10722,0.00000000
10723,0.00000000
10724,0.00000000
10725,0.00000000
10726,0.00000000
10727,0.00000000
10728,0.00000000
10729,0.00000000
10730,0.00000000
10731,0.00000000
10732,0.00000000
10733,0.00000000
10734,0.00000000
10735,0.00000000
10736,0.00000000
10737,0.00000000
10738,0.00000000
10739,0.00000000
10740,0.00000000
10741,0.00000000
10742,0.00000000
10743,0.00000000
10744,0.00000000
10745,0.00000000
10746,0.00000000
10747,0.00000000
10748,0.00000000
10749,0.00000000
10750,0.00000000
10751,0.00000000
10752,0.00000000
10753,0.00000000
10754,0.00000000
10755,0.00000000
10756,0.00000000
10757,0.00000000
10758,0.00000000
10759,0.00000000
10760,0.00000000
10761,0.00000000
10762,0.00000000
10763,0.00000000
10764,0.00000000
10765,0.00000000
10766,0.00000000
10767,0.00000000
10768,0.00000000
10769,0.00000000
10770,0.00000000
10771,0.00000000
10772,0.00000000
10773,0.00000000
10774,0.00000000
10775,0.00000000
10776,0.00000000
10777,0.00000000
10778,0.00000000
10779,0.00000000
10780,0.00000000
10781,0.00000000
10782,0.00000000
10783,0.00000000
10784,0.00000000
10785,0.00000000
10786,0.00000000
10787,0.00000000
10788,0.00000000
10789,0.00000000
10790,0.00000000
10791,0.00000000
10792,0.00000000
10793,0.00000000
10794,0.00000000
10795,0.00000000
10796,0.00000000
10797,0.00000000
10798,0.00000000
10799,0.00000000
10800,0.00000000
10801,0.00000000
10802,0.00000000
10803,0.00000000
10804,0.00000000
10805,0.00000000
10806,0.00000000
10807,0.00000000
10808,0.00000000
10809,0.00000000
10810,0.00000000
10811,0.00000000
10812,0.00000000
10813,0.00000000
10814,0.00000000
10815,0.00000000
10816,0.00000000
10817,0.00000000
10818,0.00000000
10819,0.00000000
10820,0.00000000
10821,0.00000000
10822,0.00000000
10823,0.00000000
10824,0.00000000
10825,0.00000000
10826,0.00000000
10827,0.00000000
10828,0.00000000
10829,0.00000000
10830,0.00000000
10831,0.00000000
10832,0.00000000
10833,0.00000000
10834,0.00000000
10835,0.00000000
10836,0.00000000
10837,0.00000000
10838,0.00000000
10839,0.00000000
10840,0.00000000
10841,0.00000000
10842,0.00000000
10843,0.00000000
10844,0.00000000
10845,0.00000000
10846,0.00000000
10847,0.00000000
10848,0.00000000
10849,0.00000000
10850,0.00000000
10851,0.00000000
10852,0.00000000
10853,0.00000000
10854,0.00000000
10855,0.00000000
10856,0.00000000
10857,0.00000000
10858,0.00000000
10859,0.00000000
10860,0.00000000
10861,0.00000000
10862,0.00000000
10863,0.00000000
10864,0.00000000
10865,0.00000000
10866,0.00000000
10867,0.00000000
10868,0.00000000
10869,0.00000000
10870,0.00000000
10871,0.00000000
10872,0.00000000
10873,0.00000000
10874,0.00000000
10875,0.00000000
10876,0.00000000
10877,0.00000000
10878,0.00000000
10879,0.00000000
10880,0.00000000
10881,0.00000000
10882,0.00000000
10883,0.00000000
10884,0.00000000
10885,0.00000000
10886,0.00000000
10887,0.00000000
10888,0.00000000
10889,0.00000000
10890,0.00000000
10891,0.00000000
10892,0.00000000
10893,0.00000000
10894,0.00000000
10895,0.00000000
10896,0.00000000
10897,0.00000000
10898,0.00000000
10899,0.00000000
10900,0.00000000
10901,0.00000000
10902,0.00000000
10903,0.00000000
10904,0.00000000
10905,0.00000000
10906,0.00000000
10907,0.00000000
10908,0.00000000
10909,0.00000000
10910,0.00000000
10911,0.00000000
10912,0.00000000
10913,0.00000000
10914,0.00000000
10915,0.00000000
10916,0.00000000
10917,0.00000000
10918,0.00000000
10919,0.00000000
10920,0.00000000
10921,0.00000000
10922,0.00000000
10923,0.00000000
10924,0.00000000
10925,0.00000000
10926,0.00000000
10927,0.00000000
10928,0.00000000
10929,0.00000000
10930,0.00000000
10931,0.00000000
10932,0.00000000
10933,0.00000000
10934,0.00000000
10935,0.00000000
10936,0.00000000
10937,0.00000000
10938,0.00000000
10939,0.00000000
10940,0.00000000
10941,0.00000000
10942,0.00000000
10943,0.00000000
10944,0.00000000
10945,0.00000000
10946,0.00000000
10947,0.00000000
10948,0.00000000
10949,0.00000000
10950,0.00000000
10951,0.00000000
10952,0.00000000
10953,0.00000000
10954,0.00000000
10955,0.00000000
10956,0.00000000
10957,0.00000000
10958,0.00000000
10959,0.00000000
10960,0.00000000
10961,0.00000000
10962,0.00000000
10963,0.00000000
10964,0.00000000
10965,0.00000000
10966,0.00000000
10967,0.00000000
10968,0.00000000
10969,0.00000000
10970,0.00000000
10971,0.00000000
10972,0.00000000
10973,0.00000000
10974,0.00000000
10975,0.00000000
10976,0.00000000
10977,0.00000000
10978,0.00000000
10979,0.00000000
10980,0.00000000
10981,0.00000000
10982,0.00000000
10983,0.00000000
10984,0.00000000
10985,0.00000000
10986,0.00000000
10987,0.00000000
10988,0.00000000
10989,0.00000000
10990,0.00000000
10991,0.00000000
10992,0.00000000
10993,0.00000000
10994,0.00000000
10995,0.00000000
10996,0.00000000
10997,0.00000000
10998,0.00000000
10999,0.00000000
11000,0.00000000
11001,0.00000000
11002,0.00000000
11003,0.00000000
11004,0.00000000
11005,0.00000000
11006,0.00000000
11007,0.00000000
11008,0.00000000
11009,0.00000000
11010,0.00000000
11011,0.00000000
11012,0.00000000
11013,0.00000000
11014,0.00000000
11015,0.00000000
11016,0.00000000
11017,0.00000000
11018,0.00000000
11019,0.00000000
11020,0.00000000
11021,0.00000000
11022,0.00000000
11023,0.00000000
11024,0.00000000
11025,0.00000000
11026,0.00000000
11027,0.00000000
11028,0.00000000
11029,0.00000000
11030,0.00000000
11031,0.00000000
11032,0.00000000
11033,0.00000000
11034,0.00000000
11035,0.00000000
11036,0.00000000
11037,0.00000000
11038,0.00000000
11039,0.00000000
11040,0.00000000
11041,0.00000000
11042,0.00000000
11043,0.00000000
11044,0.00000000
11045,0.00000000
11046,0.00000000
11047,0.00000000
11048,0.00000000
11049,0.00000000
11050,0.00000000
11051,0.00000000
11052,0.00000000
11053,0.00000000
11054,0.00000000
11055,0.00000000
11056,0.00000000
11057,0.00000000
11058,0.00000000
11059,0.00000000
11060,0.00000000
11061,0.00000000
11062,0.00000000
11063,0.00000000
11064,0.00000000
11065,0.00000000
11066,0.00000000
11067,0.00000000
11068,0.00000000
11069,0.00000000
11070,0.00000000
11071,0.00000000
11072,0.00000000
11073,0.00000000
11074,0.00000000
11075,0.00000000
11076,0.00000000
11077,0.00000000
11078,0.00000000
11079,0.00000000
11080,0.00000000
11081,0.00000000
11082,0.00000000
11083,0.00000000
11084,0.00000000
11085,0.00000000
11086,0.00000000
11087,0.00000000
11088,0.00000000
11089,0.00000000
11090,0.00000000
11091,0.00000000
11092,0.00000000
11093,0.00000000
11094,0.00000000
11095,0.00000000
11096,0.00000000
11097,0.00000000
11098,0.00000000
11099,0.00000000
11100,0.00000000
11101,0.00000000
11102,0.00000000
11103,0.00000000
11104,0.00000000
11105,0.00000000
11106,0.00000000
11107,0.00000000
11108,0.00000000
11109,0.00000000
11110,0.00000000
11111,0.00000000
11112,0.00000000
11113,0.00000000
11114,0.00000000
11115,0.00000000
11116,0.00000000
11117,0.00000000
11118,0.00000000
11119,0.00000000
11120,0.00000000
11121,0.00000000
11122,0.00000000
11123,0.00000000
11124,0.00000000
11125,0.00000000
11126,0.00000000
11127,0.00000000
11128,0.00000000
11129,0.00000000
11130,0.00000000
11131,0.00000000
11132,0.00000000
11133,0.00000000
11134,0.00000000
11135,0.00000000
11136,0.00000000
11137,0.00000000
11138,0.00000000
11139,0.00000000
11140,0.00000000
11141,0.00000000
11142,0.00000000
11143,0.00000000
11144,0.00000000
11145,0.00000000
11146,0.00000000
11147,0.00000000
11148,0.00000000
11149,0.00000000
11150,0.00000000
11151,0.00000000
11152,0.00000000
11153,0.00000000
11154,0.00000000
11155,0.00000000
11156,0.00000000
11157,0.00000000
11158,0.00000000
11159,0.00000000
11160,0.00000000
11161,0.00000000
11162,0.00000000
11163,0.00000000
11164,0.00000000
11165,0.00000000
11166,0.00000000
11167,0.00000000
11168,0.00000000
11169,0.00000000
11170,0.00000000
11171,0.00000000
11172,0.00000000
11173,0.00000000
11174,0.00000000
11175,0.00000000
11176,0.00000000
11177,0.00000000
11178,0.00000000
11179,0.00000000
11180,0.00000000
11181,0.00000000
11182,0.00000000
11183,0.00000000
11184,0.00000000
11185,0.00000000
11186,0.00000000
11187,0.00000000
11188,0.00000000
11189,0.00000000
11190,0.00000000
11191,0.00000000
11192,0.00000000
11193,0.00000000
11194,0.00000000
11195,0.00000000
11196,0.00000000
11197,0.00000000
11198,0.00000000
11199,0.00000000
11200,0.00000000
11201,0.00000000
11202,0.00000000
11203,0.00000000
11204,0.00000000
11205,0.00000000
11206,0.00000000
11207,0.00000000
11208,0.00000000
11209,0.00000000
11210,0.00000000
11211,0.00000000
11212,0.00000000
11213,0.00000000
11214,0.00000000
11215,0.00000000
11216,0.00000000
11217,0.00000000
11218,0.00000000
11219,0.00000000
11220,0.00000000
11221,0.00000000
11222,0.00000000
11223,0.00000000
11224,0.00000000
11225,0.00000000
11226,0.00000000
11227,0.00000000
11228,0.00000000
11229,0.00000000
11230,0.00000000
11231,0.00000000
11232,0.00000000
11233,0.00000000
11234,0.00000000
11235,0.00000000
11236,0.00000000
11237,0.00000000
11238,0.00000000
11239,0.00000000
11240,0.00000000
11241,0.00000000
11242,0.00000000
11243,0.00000000
11244,0.00000000
11245,0.00000000
11246,0.00000000
11247,0.00000000
11248,0.00000000
11249,0.00000000
11250,0.00000000
11251,0.00000000
11252,0.00000000
11253,0.00000000
11254,0.00000000
11255,0.00000000
11256,0.00000000
11257,0.00000000
11258,0.00000000
11259,0.00000000
11260,0.00000000
11261,0.00000000
11262,0.00000000
11263,0.00000000
11264,0.00000000
11265,0.00000000
11266,0.00000000
11267,0.00000000
11268,0.00000000
11269,0.00000000
11270,0.00000000
11271,0.00000000
11272,0.00000000
11273,0.00000000
11274,0.00000000
11275,0.00000000
11276,0.00000000
11277,0.00000000
11278,0.00000000
11279,0.00000000
11280,0.00000000
11281,0.00000000
11282,0.00000000
11283,0.00000000
11284,0.00000000
11285,0.00000000
11286,0.00000000
11287,0.00000000
11288,0.00000000
11289,0.00000000
11290,0.00000000
11291,0.00000000
11292,0.00000000
11293,0.00000000
11294,0.00000000
11295,0.00000000
11296,0.00000000
11297,0.00000000
11298,0.00000000
11299,0.00000000
11300,0.00000000
11301,0.00000000
11302,0.00000000
11303,0.00000000
11304,0.00000000
11305,0.00000000
11306,0.00000000
11307,0.00000000
11308,0.00000000
11309,0.00000000
11310,0.00000000
11311,0.00000000
11312,0.00000000
11313,0.00000000
11314,0.00000000
11315,0.00000000
11316,0.00000000
11317,0.00000000
11318,0.00000000
11319,0.00000000
11320,0.00000000
11321,0.00000000
11322,0.00000000
11323,0.00000000
11324,0.00000000
11325,0.00000000
11326,0.00000000
11327,0.00000000
11328,0.00000000
11329,0.00000000
11330,0.00000000
11331,0.00000000
11332,0.00000000
11333,0.00000000
11334,0.00000000
11335,0.00000000
11336,0.00000000
11337,0.00000000
11338,0.00000000
11339,0.00000000
11340,0.00000000
11341,0.00000000
11342,0.00000000
11343,0.00000000
11344,0.00000000
11345,0.00000000
11346,0.00000000
11347,0.00000000
11348,0.00000000
11349,0.00000000
11350,0.00000000
11351,0.00000000
11352,0.00000000
11353,0.00000000
11354,0.00000000
11355,0.00000000
11356,0.00000000
11357,0.00000000
11358,0.00000000
11359,0.00000000
11360,0.00000000
11361,0.00000000
11362,0.00000000
11363,0.00000000
11364,0.00000000
11365,0.00000000
11366,0.00000000
11367,0.00000000
11368,0.00000000
11369,0.00000000
11370,0.00000000
11371,0.00000000
11372,0.00000000
11373,0.00000000
11374,0.00000000
11375,0.00000000
11376,0.00000000
11377,0.00000000
11378,0.00000000
11379,0.00000000
11380,0.00000000
11381,0.00000000
11382,0.00000000
11383,0.00000000
11384,0.00000000
11385,0.00000000
11386,0.00000000
11387,0.00000000
11388,0.00000000
11389,0.00000000
11390,0.00000000
11391,0.00000000
11392,0.00000000
11393,0.00000000
11394,0.00000000
11395,0.00000000
11396,0.00000000
11397,0.00000000
11398,0.00000000
11399,0.00000000
11400,0.00000000
11401,0.00000000
11402,0.00000000
11403,0.00000000
11404,0.00000000
11405,0.00000000
11406,0.00000000
11407,0.00000000
11408,0.00000000
11409,0.00000000
11410,0.00000000
11411,0.00000000
11412,0.00000000
11413,0.00000000
11414,0.00000000
11415,0.00000000
11416,0.00000000
11417,0.00000000
11418,0.00000000
11419,0.00000000
11420,0.00000000
11421,0.00000000
11422,0.00000000
11423,0.00000000
11424,0.00000000
11425,0.00000000
11426,0.00000000
11427,0.00000000
11428,0.00000000
11429,0.00000000
11430,0.00000000
11431,0.00000000
11432,0.00000000
11433,0.00000000
11434,0.00000000
11435,0.00000000
11436,0.00000000
11437,0.00000000
11438,0.00000000
11439,0.00000000
11440,0.00000000
11441,0.00000000
11442,0.00000000
11443,0.00000000
11444,0.00000000
11445,0.00000000
11446,0.00000000
11447,0.00000000
11448,0.00000000
11449,0.00000000
11450,0.00000000
11451,0.00000000
11452,0.00000000
11453,0.00000000
11454,0.00000000
11455,0.00000000
11456,0.00000000
11457,0.00000000
11458,0.00000000
11459,0.00000000
11460,0.00000000
11461,0.00000000
11462,0.00000000
11463,0.00000000
11464,0.00000000
11465,0.00000000
11466,0.00000000
11467,0.00000000
11468,0.00000000
11469,0.00000000
11470,0.00000000
11471,0.00000000
11472,0.00000000
11473,0.00000000
11474,0.00000000
11475,0.00000000
11476,0.00000000
11477,0.00000000
11478,0.00000000
11479,0.00000000
11480,0.00000000
11481,0.00000000
11482,0.00000000
11483,0.00000000
11484,0.00000000
11485,0.00000000
11486,0.00000000
11487,0.00000000
11488,0.00000000
11489,0.00000000
11490,0.00000000
11491,0.00000000
11492,0.00000000
11493,0.00000000
11494,0.00000000
11495,0.00000000
11496,0.00000000
11497,0.00000000
11498,0.00000000
11499,0.00000000
11500,0.00000000
