3000,0.00000000
3001,0.00000000
3002,0.00000000
3003,0.00000000
3004,0.00000000
3005,0.00000000
3006,0.00000000
3007,0.00000000
3008,0.00000000
3009,0.00000000
3010,0.00000000
3011,0.00000000
3012,0.00000000
3013,0.00000000
3014,0.00000000
3015,0.00000000
3016,0.00000000
3017,0.00000000
3018,0.00000000
3019,0.00000000
3020,0.00000000
3021,0.00000000
3022,0.00000000
3023,0.00000000
3024,0.00000000
3025,0.00000000
3026,0.00000000
3027,0.00000000
3028,0.00000000
3029,0.00000000
3030,0.00000000
3031,0.00000000
3032,0.00000000
3033,0.00000000
3034,0.00000000
3035,0.00000000
3036,0.00000000
3037,0.00000000
3038,0.00000000
3039,0.00000000
3040,0.00000000
3041,0.00000000
3042,0.00000000
3043,0.00000000
3044,0.00000000
3045,0.00000000
3046,0.00000000
3047,0.00000000
3048,0.00000000
3049,0.00000000
3050,0.00000000
3051,0.00000000
3052,0.00000000
3053,0.00000000
3054,0.00000000
3055,0.00000000
3056,0.00000000
3057,0.00000000
3058,0.00000000
3059,0.00000000
3060,0.00000000
3061,0.00000000
3062,0.00000000
3063,0.00000000
3064,0.00000000
3065,0.00000000
3066,0.00000000
3067,0.00000000
3068,0.00000000
3069,0.00000000
3070,0.00000000
3071,0.00000000
3072,0.00000000
3073,0.00000000
3074,0.00000000
3075,0.00000000
3076,0.00000000
3077,0.00000000
3078,0.00000000
3079,0.00000000
3080,0.00000000
3081,0.00000000
3082,0.00000000
3083,0.00000000
3084,0.00000000
3085,0.00000000
3086,0.00000000
3087,0.00000000
3088,0.00000000
3089,0.00000000
3090,0.00000000
3091,0.00000000
3092,0.00000000
3093,0.00000000
3094,0.00000000
3095,0.00000000
3096,0.00000000
3097,0.00000000
3098,0.00000000
3099,0.00000000
3100,0.00000000
3101,0.00000000
3102,0.00000000
3103,0.00000000
3104,0.00000000
3105,0.00000000
3106,0.00000000
3107,0.00000000
3108,0.00000000
3109,0.00000000
3110,0.00000000
3111,0.00000000
3112,0.00000000
3113,0.00000000
3114,0.00000000
3115,0.00000000
3116,0.00000000
3117,0.00000000
3118,0.00000000
3119,0.00000000
3120,0.00000000
3121,0.00000000
3122,0.00000000
3123,0.00000000
3124,0.00000000
3125,0.00000000
3126,0.00000000
3127,0.00000000
3128,0.00000000
3129,0.00000000
3130,0.00000000
3131,0.00000000
3132,0.00000000
3133,0.00000000
3134,0.00000000
3135,0.00000000
3136,0.00000000
3137,0.00000000
3138,0.00000000
3139,0.00000000
3140,0.00000000
3141,0.00000000
3142,0.00000000
3143,0.00000000
3144,0.00000000
3145,0.00000000
3146,0.00000000
3147,0.00000000
3148,0.00000000
3149,0.00000000
3150,0.00000000
3151,0.00000000
3152,0.00000000
3153,0.00000000
3154,0.00000000
3155,0.00000000
3156,0.00000000
3157,0.00000000
3158,0.00000000
3159,0.00000000
3160,0.00000000
3161,0.00000000
3162,0.00000000
3163,0.00000000
3164,0.00000000
3165,0.00000000
3166,0.00000000
3167,0.00000000
3168,0.00000000
3169,0.00000000
3170,0.00000000
3171,0.00000000
3172,0.00000000
3173,0.00000000
3174,0.00000000
3175,0.00000000
3176,0.00000000
3177,0.00000000
3178,0.00000000
3179,0.00000000
3180,0.00000000
3181,0.00000000
3182,0.00000000
3183,0.00000000
3184,0.00000000
3185,0.00000000
3186,0.00000000
3187,0.00000000
3188,0.00000000
3189,0.00000000
3190,0.00000000
3191,0.00000000
3192,0.00000000
3193,0.00000000
3194,0.00000000
3195,0.00000000
3196,0.00000000
3197,0.00000000
3198,0.00000000
3199,0.00000000
3200,0.00000000
3201,0.00000000
3202,0.00000000
3203,0.00000000
3204,0.00000000
3205,0.00000000
3206,0.00000000
3207,0.00000000
3208,0.00000000
3209,0.00000000
3210,0.00000000
3211,0.00000000
3212,0.00000000
3213,0.00000000
3214,0.00000000
3215,0.00000000
3216,0.00000000
3217,0.00000000
3218,0.00000000
3219,0.00000000
3220,0.00000000
3221,0.00000000
3222,0.00000000
3223,0.00000000
3224,0.00000000
3225,0.00000000
3226,0.00000000
3227,0.00000000
3228,0.00000000
3229,0.00000000
3230,0.00000000
3231,0.00000000
3232,0.00000000
3233,0.00000000
3234,0.00000000
3235,0.00000000
3236,0.00000000
3237,0.00000000
3238,0.00000000
3239,0.00000000
3240,0.00000000
3241,0.00000000
3242,0.00000000
3243,0.00000000
3244,0.00000000
3245,0.00000000
3246,0.00000000
3247,0.00000000
3248,0.00000000
3249,0.00000000
3250,0.00000000
3251,0.00000000
3252,0.00000000
3253,0.00000000
3254,0.00000000
3255,0.00000000
3256,0.00000000
3257,0.00000000
3258,0.00000000
3259,0.00000000
3260,0.00000000
3261,0.00000000
3262,0.00000000
3263,0.00000000
3264,0.00000000
3265,0.00000000
3266,0.00000000
3267,0.00000000
3268,0.00000000
3269,0.00000000
3270,0.00000000
3271,0.00000000
3272,0.00000000
3273,0.00000000
3274,0.00000000
3275,0.00000000
3276,0.00000000
3277,0.00000000
3278,0.00000000
3279,0.00000000
3280,0.00000000
3281,0.00000000
3282,0.00000000
3283,0.00000000
3284,0.00000000
3285,0.00000000
3286,0.00000000
3287,0.00000000
3288,0.00000000
3289,0.00000000
3290,0.00000000
3291,0.00000000
3292,0.00000000
3293,0.00000000
3294,0.00000000
3295,0.00000000
3296,0.00000000
3297,0.00000000
3298,0.00000000
3299,0.00000000
3300,0.00000000
3301,0.00000000
3302,0.00000000
3303,0.00000000
3304,0.00000000
3305,0.00000000
3306,0.00000000
3307,0.00000000
3308,0.00000000
3309,0.00000000
3310,0.00000000
3311,0.00000000
3312,0.00000000
3313,0.00000000
3314,0.00000000
3315,0.00000000
3316,0.00000000
3317,0.00000000
3318,0.00000000
3319,0.00000000
3320,0.00000000
3321,0.00000000
3322,0.00000000
3323,0.00000000
3324,0.00000000
3325,0.00000000
3326,0.00000000
3327,0.00000000
3328,0.00000000
3329,0.00000000
3330,0.00000000
3331,0.00000000
3332,0.00000000
3333,0.00000000
3334,0.00000000
3335,0.00000000
3336,0.00000000
3337,0.00000000
3338,0.00000000
3339,0.00000000
3340,0.00000000
3341,0.00000000
3342,0.00000000
3343,0.00000000
3344,0.00000000
3345,0.00000000
3346,0.00000000
3347,0.00000000
3348,0.00000000
3349,0.00000000
3350,0.00000000
3351,0.00000000
3352,0.00000000
3353,0.00000000
3354,0.00000000
3355,0.00000000
3356,0.00000000
3357,0.00000000
3358,0.00000000
3359,0.00000000
3360,0.00000000
3361,0.00000000
3362,0.00000000
3363,0.00000000
3364,0.00000000
3365,0.00000000
3366,0.00000000
3367,0.00000000
3368,0.00000000
3369,0.00000000
3370,0.00000000
3371,0.00000000
3372,0.00000000
3373,0.00000000
3374,0.00000000
3375,0.00000000
3376,0.00000000
3377,0.00000000
3378,0.00000000
3379,0.00000000
3380,0.00000000
3381,0.00000000
3382,0.00000000
3383,0.00000000
3384,0.00000000
3385,0.00000000
3386,0.00000000
3387,0.00000000
3388,0.00000000
3389,0.00000000
3390,0.00000000
3391,0.00000000
3392,0.00000000
3393,0.00000000
3394,0.00000000
3395,0.00000000
3396,0.00000000
3397,0.00000000
3398,0.00000000
3399,0.00000000
3400,0.00000000
3401,0.00000000
3402,0.00000000
3403,0.00000000
3404,0.00000000
3405,0.00000000
3406,0.00000000
3407,0.00000000
3408,0.00000000
3409,0.00000000
3410,0.00000000
3411,0.00000000
3412,0.00000000
3413,0.00000000
3414,0.00000000
3415,0.00000000
3416,0.00000000
3417,0.00000000
3418,0.00000000
3419,0.00000000
3420,0.00000000
3421,0.00000000
3422,0.00000000
3423,0.00000000
3424,0.00000000
3425,0.00000000
3426,0.00000000
3427,0.00000000
3428,0.00000000
3429,0.00000000
3430,0.00000000
3431,0.00000000
3432,0.00000000
3433,0.00000000
3434,0.00000000
3435,0.00000000
3436,0.00000000
3437,0.00000000
3438,0.00000000
3439,0.00000000
3440,0.00000000
3441,0.00000000
3442,0.00000000
3443,0.00000000
3444,0.00000000
3445,0.00000000
3446,0.00000000
3447,0.00000000
3448,0.00000000
3449,0.00000000
3450,0.00000000
3451,0.00000000
3452,0.00000000
3453,0.00000000
3454,0.00000000
3455,0.00000000
3456,0.00000000
3457,0.00000000
3458,0.00000000
3459,0.00000000
3460,0.00000000
3461,0.00000000
3462,0.00000000
3463,0.00000000
3464,0.00000000
3465,0.00000000
3466,0.00000000
3467,0.00000000
3468,0.00000000
3469,0.00000000
3470,0.00000000
3471,0.00000000
3472,0.00000000
3473,0.00000000
3474,0.00000000
3475,0.00000000
3476,0.00000000
3477,0.00000000
3478,0.00000000
3479,0.00000000
3480,0.00000000
3481,0.00000000
3482,0.00000000
3483,0.00000000
3484,0.00000000
3485,0.00000000
3486,0.00000000
3487,0.00000000
3488,0.00000000
3489,0.00000000
3490,0.00000000
3491,0.00000000
3492,0.00000000
3493,0.00000000
3494,0.00000000
3495,0.00000000
3496,0.00000000
3497,0.00000000
3498,0.00000000
3499,0.00000000
3500,0.00000000
3501,0.00000000
3502,0.00000000
3503,0.00000000
3504,0.00000000
3505,0.00000000
3506,0.00000000
3507,0.00000000
3508,0.00000000
3509,0.00000000
3510,0.00000000
3511,0.00000000
3512,0.00000000
3513,0.00000000
3514,0.00000000
3515,0.00000000
3516,0.00000000
3517,0.00000000
3518,0.00000000
3519,0.00000000
3520,0.00000000
3521,0.00000000
3522,0.00000000
3523,0.00000000
3524,0.00000000
3525,0.00000000
3526,0.00000000
3527,0.00000000
3528,0.00000000
3529,0.00000000
3530,0.00000000
3531,0.00000000
3532,0.00000000
3533,0.00000000
3534,0.00000000
3535,0.00000000
3536,0.00000000
3537,0.00000000
3538,0.00000000
3539,0.00000000
3540,0.00000000
3541,0.00000000
3542,0.00000000
3543,0.00000000
3544,0.00000000
3545,0.00000000
3546,0.00000000
3547,0.00000000
3548,0.00000000
3549,0.00000000
3550,0.00000000
3551,0.00000000
3552,0.00000000
3553,0.00000000
3554,0.00000000
3555,0.00000000
3556,0.00000000
3557,0.00000000
3558,0.00000000
3559,0.00000000
3560,0.00000000
3561,0.00000000
3562,0.00000000
3563,0.00000000
3564,0.00000000
3565,0.00000000
3566,0.00000000
3567,0.00000000
3568,0.00000000
3569,0.00000000
3570,0.00000000
3571,0.00000000
3572,0.00000000
3573,0.00000000
3574,0.00000000
3575,0.00000000
3576,0.00000000
3577,0.00000000
3578,0.00000000
3579,0.00000000
3580,0.00000000
3581,0.00000000
3582,0.00000000
3583,0.00000000
3584,0.00000000
3585,0.00000000
3586,0.00000000
3587,0.00000000
3588,0.00000000
3589,0.00000000
3590,0.00000000
3591,0.00000000
3592,0.00000000
3593,0.00000000
3594,0.00000000
3595,0.00000000
3596,0.00000000
3597,0.00000000
3598,0.00000000
3599,0.00000000
3600,0.00000000
3601,0.00000000
3602,0.00000000
3603,0.00000000
3604,0.00000000
3605,0.00000000
3606,0.00000000
3607,0.00000000
3608,0.00000000
3609,0.00000000
3610,0.00000000
3611,0.00000000
3612,0.00000000
3613,0.00000000
3614,0.00000000
3615,0.00000000
3616,0.00000000
3617,0.00000000
3618,0.00000000
3619,0.00000000
3620,0.00000000
3621,0.00000000
3622,0.00000000
3623,0.00000000
3624,0.00000000
3625,0.00000000
3626,0.00000000
3627,0.00000000
3628,0.00000000
3629,0.00000000
3630,0.00000000
3631,0.00000000
3632,0.00000000
3633,0.00000000
3634,0.00000000
3635,0.00000000
3636,0.00000000
3637,0.00000000
3638,0.00000000
3639,0.00000000
3640,0.00000000
3641,0.00000000
3642,0.00000000
3643,0.00000000
3644,0.00000000
3645,0.00000000
3646,0.00000000
3647,0.00000000
3648,0.00000000
3649,0.00000000
3650,0.00000000
3651,0.00000000
3652,0.00000000
3653,0.00000000
3654,0.00000000
3655,0.00000000
3656,0.00000000
3657,0.00000000
3658,0.00000000
3659,0.00000000
3660,0.00000000
3661,0.00000000
3662,0.00000000
3663,0.00000000
3664,0.00000000
3665,0.00000000
3666,0.00000000
3667,0.00000000
3668,0.00000000
3669,0.00000000
3670,0.00000000
3671,0.00000000
3672,0.00000000
3673,0.00000000
3674,0.00000000
3675,0.00000000
3676,0.00000000
3677,0.00000000
3678,0.00000000
3679,0.00000000
3680,0.00000000
3681,0.00000000
3682,0.00000000
3683,0.00000000
3684,0.00000000
3685,0.00000000
3686,0.00000000
3687,0.00000000
3688,0.00000000
3689,0.00000000
3690,0.00000000
3691,0.00000000
3692,0.00000000
3693,0.00000000
3694,0.00000000
3695,0.00000000
3696,0.00000000
3697,0.00000000
3698,0.00000000
3699,0.00000000
3700,0.00000000
3701,0.00000000
3702,0.00000000
3703,0.00000000
3704,0.00000000
3705,0.00000000
3706,0.00000000
3707,0.00000000
3708,0.00000000
3709,0.00000000
3710,0.00000000
3711,0.00000000
3712,0.00000000
3713,0.00000000
3714,0.00000000
3715,0.00000000
3716,0.00000000
3717,0.00000000
3718,0.00000000
3719,0.00000000
3720,0.00000000
3721,0.00000000
3722,0.00000000
3723,0.00000000
3724,0.00000000
3725,0.00000000
3726,0.00000000
3727,0.00000000
3728,0.00000000
3729,0.00000000
3730,0.00000000
3731,0.00000000
3732,0.00000000
3733,0.00000000
3734,0.00000000
3735,0.00000000
3736,0.00000000
3737,0.00000000
3738,0.00000000
3739,0.00000000
3740,0.00000000
3741,0.00000000
3742,0.00000000
3743,0.00000000
3744,0.00000000
3745,0.00000000
3746,0.00000000
3747,0.00000000
3748,0.00000000
3749,0.00000000
3750,0.00000000
3751,0.00000000
3752,0.00000000
3753,0.00000000
3754,0.00000000
3755,0.00000000
3756,0.00000000
3757,0.00000000
3758,0.00000000
3759,0.00000000
3760,0.00000000
3761,0.00000000
3762,0.00000000
3763,0.00000000
3764,0.00000000
3765,0.00000000
3766,0.00000000
3767,0.00000000
3768,0.00000000
3769,0.00000000
3770,0.00000000
3771,0.00000000
3772,0.00000000
3773,0.00000000
3774,0.00000000
3775,0.00000000
3776,0.00000000
3777,0.00000000
3778,0.00000000
3779,0.00000000
3780,0.00000000
3781,0.00000000
3782,0.00000000
3783,0.00000000
3784,0.00000000
3785,0.00000000
3786,0.00000000
3787,0.00000000
3788,0.00000000
3789,0.00000000
3790,0.00000000
3791,0.00000000
3792,0.00000000
3793,0.00000000
3794,0.00000000
3795,0.00000000
3796,0.00000000
3797,0.00000000
3798,0.00000000
3799,0.00000000
3800,0.00000000
3801,0.00000000
3802,0.00000000
3803,0.00000000
3804,0.00000000
3805,0.00000000
3806,0.00000000
3807,0.00000000
3808,0.00000000
3809,0.00000000
3810,0.00000000
3811,0.00000000
3812,0.00000000
3813,0.00000000
3814,0.00000000
3815,0.00000000
3816,0.00000000
3817,0.00000000
3818,0.00000000
3819,0.00000000
3820,0.00000000
3821,0.00000000
3822,0.00000000
3823,0.00000000
3824,0.00000000
3825,0.00000000
3826,0.00000000
3827,0.00000000
3828,0.00000000
3829,0.00000000
3830,0.00000000
3831,0.00000000
3832,0.00000000
3833,0.00000000
3834,0.00000000
3835,0.00000000
3836,0.00000000
3837,0.00000000
3838,0.00000000
3839,0.00000000
3840,0.00000000
3841,0.00000000
3842,0.00000000
3843,0.00000000
3844,0.00000000
3845,0.00000000
3846,0.00000000
3847,0.00000000
3848,0.00000000
3849,0.00000000
3850,0.00000000
3851,0.00000000
3852,0.00000000
3853,0.00000000
3854,0.00000000
3855,0.00000000
3856,0.00000000
3857,0.00000000
3858,0.00000000
3859,0.00000000
3860,0.00000000
3861,0.00000000
3862,0.00000000
3863,0.00000000
3864,0.00000000
3865,0.00025426
3866,0.00050904
3867,0.00100570
3868,0.00150336
3869,0.00201547
3870,0.00252861
3871,0.00303006
3872,0.00353276
3873,0.00405021
3874,0.00456896
3875,0.00508899
3876,0.00560871
3877,0.00611587
3878,0.00662401
3879,0.00714670
3880,0.00767039
3881,0.00818144
3882,0.00869346
3883,0.00922010
3884,0.00974774
3885,0.01026271
3886,0.01078172
3887,0.01131569
3888,0.01185096
3889,0.01237380
3890,0.01289792
3891,0.01343249
3892,0.01396802
3893,0.01450452
3894,0.01504199
3895,0.01556662
3896,0.01609221
3897,0.01663259
3898,0.01717397
3899,0.01770249
3900,0.01823199
3901,0.01878257
3902,0.01933453
3903,0.01987395
3904,0.02041472
3905,0.02097082
3906,0.02152223
3907,0.02207474
3908,0.02262834
3909,0.02316902
3910,0.02371077
3911,0.02426572
3912,0.02482166
3913,0.02536453
3914,0.02590836
3915,0.02673500
3916,0.02756310
3917,0.02864683
3918,0.02973249
3919,0.03082009
3920,0.03190963
3921,0.03301093
3922,0.03411481
3923,0.03522126
3924,0.03633027
3925,0.03744184
3926,0.03854513
3927,0.03965037
3928,0.04075756
3929,0.04186670
3930,0.04297777
3931,0.04410631
3932,0.04523687
3933,0.04635512
3934,0.04747537
3935,0.04859763
3936,0.04973576
3937,0.05087648
3938,0.05201982
3939,0.05316579
3940,0.05431443
3941,0.05544946
3942,0.05658654
3943,0.05772570
3944,0.05886698
3945,0.06001039
3946,0.06115592
3947,0.06230358
3948,0.06345339
3949,0.06461996
3950,0.06578878
3951,0.06694090
3952,0.06809512
3953,0.06925148
3954,0.07040999
3955,0.07157067
3956,0.07273367
3957,0.07389895
3958,0.07506647
3959,0.07623619
3960,0.07740804
3961,0.07860464
3962,0.07980394
3963,0.08100586
3964,0.08221035
3965,0.08343215
3966,0.08463307
3967,0.08582110
3968,0.08701099
3969,0.08820266
3970,0.08939607
3971,0.09059328
3972,0.09179216
3973,0.09299266
3974,0.09419473
3975,0.09539832
3976,0.09660341
3977,0.09781005
3978,0.09901827
3979,0.10022807
3980,0.10143948
3981,0.10266377
3982,0.10388968
3983,0.10510223
3984,0.10631652
3985,0.10753262
3986,0.10878058
3987,0.11003090
3988,0.11128359
3989,0.11253868
3990,0.11379620
3991,0.11502399
3992,0.11625360
3993,0.11748508
3994,0.11871847
3995,0.11995382
3996,0.12119120
3997,0.12243045
3998,0.12367159
3999,0.12492986
4000,0.12619005
4001,0.12743027
4002,0.12867226
4003,0.12991600
4004,0.13116151
4005,0.13240878
4006,0.13365781
4007,0.13490862
4008,0.13616119
4009,0.13741552
4010,0.13867163
4011,0.13996472
4012,0.14126018
4013,0.14255804
4014,0.14385828
4015,0.14517638
4016,0.14645701
4017,0.14772390
4018,0.14899252
4019,0.15026288
4020,0.15153496
4021,0.15281578
4022,0.15409845
4023,0.15538297
4024,0.15666935
4025,0.15795757
4026,0.15924766
4027,0.16053960
4028,0.16183340
4029,0.16312906
4030,0.16442658
4031,0.16574585
4032,0.16706708
4033,0.16837459
4034,0.16968404
4035,0.17099542
4036,0.17230875
4037,0.17362401
4038,0.17494122
4039,0.17626037
4040,0.17758147
4041,0.17888387
4042,0.18018791
4043,0.18149360
4044,0.18280095
4045,0.18410995
4046,0.18547070
4047,0.18683379
4048,0.18819921
4049,0.18958285
4050,0.19096886
4051,0.19229774
4052,0.19362838
4053,0.19496081
4054,0.19629501
4055,0.19763099
4056,0.19896874
4057,0.20030828
4058,0.20164961
4059,0.20299272
4060,0.20433761
4061,0.20568920
4062,0.20704264
4063,0.20839793
4064,0.20975507
4065,0.21113013
4066,0.21250707
4067,0.21386981
4068,0.21523441
4069,0.21660087
4070,0.21796919
4071,0.21932913
4072,0.22069080
4073,0.22205422
4074,0.22341937
4075,0.22478628
4076,0.22615493
4077,0.22752532
4078,0.22889747
4079,0.23027136
4080,0.23164700
4081,0.23304633
4082,0.23444750
4083,0.23583425
4084,0.23722282
4085,0.23861322
4086,0.24000545
4087,0.24139950
4088,0.24279538
4089,0.24419310
4090,0.24559265
4091,0.24698335
4092,0.24837576
4093,0.24976990
4094,0.25116575
4095,0.25256333
4096,0.25396262
4097,0.25536363
4098,0.25676637
4099,0.25818728
4100,0.25960994
4101,0.26101519
4102,0.26242215
4103,0.26383080
4104,0.26524116
4105,0.26665322
4106,0.26813816
4107,0.26962553
4108,0.27111531
4109,0.27260752
4110,0.27410215
4111,0.27553357
4112,0.27696678
4113,0.27840178
4114,0.27983856
4115,0.28129379
4116,0.28275082
4117,0.28419302
4118,0.28563700
4119,0.28708278
4120,0.28853037
4121,0.28996565
4122,0.29140260
4123,0.29237275
4124,0.29334397
4125,0.29414875
4126,0.29495439
4127,0.29577767
4128,0.29660184
4129,0.29742689
4130,0.29825283
4131,0.29907637
4132,0.29990085
4133,0.30074311
4134,0.30158633
4135,0.30241365
4136,0.30324192
4137,0.30408801
4138,0.30493508
4139,0.30576620
4140,0.30659826
4141,0.30743233
4142,0.30826728
4143,0.30908617
4144,0.30990593
4145,0.31074353
4146,0.31158201
4147,0.31242138
4148,0.31326164
4149,0.31408578
4150,0.31491078
4151,0.31574285
4152,0.31657575
4153,0.31739243
4154,0.31820993
4155,0.31904532
4156,0.31988154
4157,0.32054766
4158,0.32121441
4159,0.32140261
4160,0.32159088
4161,0.32180517
4162,0.32201957
4163,0.32223407
4164,0.32244868
4165,0.32266339
4166,0.32287821
4167,0.32309313
4168,0.32330815
4169,0.32352329
4170,0.32373852
4171,0.32391925
4172,0.32410004
4173,0.32428089
4174,0.32446182
4175,0.32464282
4176,0.32482389
4177,0.32500502
4178,0.32518622
4179,0.32536750
4180,0.32554884
4181,0.32575239
4182,0.32595604
4183,0.32615977
4184,0.32636360
4185,0.32656752
4186,0.32677154
4187,0.32697564
4188,0.32717984
4189,0.32738412
4190,0.32758850
4191,0.32778579
4192,0.32798316
4193,0.32818061
4194,0.32837816
4195,0.32857579
4196,0.32877350
4197,0.32897130
4198,0.32916919
4199,0.32936716
4200,0.32956522
4201,0.32975081
4202,0.32993647
4203,0.33012220
4204,0.33030801
4205,0.33049388
4206,0.33067983
4207,0.33086585
4208,0.33105194
4209,0.33123811
4210,0.33142434
4211,0.33160820
4212,0.33179213
4213,0.33197613
4214,0.33216021
4215,0.33234435
4216,0.33252856
4217,0.33271284
4218,0.33289720
4219,0.33308162
4220,0.33326612
4221,0.33345035
4222,0.33363466
4223,0.33381903
4224,0.33400348
4225,0.33418799
4226,0.33437257
4227,0.33455723
4228,0.33474195
4229,0.33492674
4230,0.33511160
4231,0.33521375
4232,0.33531593
4233,0.33541813
4234,0.33552035
4235,0.33562259
4236,0.33581105
4237,0.33599958
4238,0.33618818
4239,0.33637686
4240,0.33656561
4241,0.33675300
4242,0.33694047
4243,0.33712801
4244,0.33731562
4245,0.33750330
4246,0.33769106
4247,0.33787889
4248,0.33806679
4249,0.33825476
4250,0.33844281
4251,0.33864275
4252,0.33884277
4253,0.33904288
4254,0.33924308
4255,0.33944336
4256,0.33964372
4257,0.33984417
4258,0.34004470
4259,0.34024532
4260,0.34044603
4261,0.34062584
4262,0.34080571
4263,0.34098565
4264,0.34116565
4265,0.34134571
4266,0.34152584
4267,0.34170603
4268,0.34188628
4269,0.34206660
4270,0.34224699
4271,0.34240605
4272,0.34256515
4273,0.34272430
4274,0.34288350
4275,0.34304274
4276,0.34311483
4277,0.34318693
4278,0.34325904
4279,0.34333116
4280,0.34340329
4281,0.34366977
4282,0.34393635
4283,0.34420305
4284,0.34446985
4285,0.34473677
4286,0.34491638
4287,0.34509606
4288,0.34527580
4289,0.34545561
4290,0.34563548
4291,0.34583230
4292,0.34602921
4293,0.34622620
4294,0.34642326
4295,0.34662040
4296,0.34672995
4297,0.34683953
4298,0.34694912
4299,0.34705874
4300,0.34716838
4301,0.34733800
4302,0.34750766
4303,0.34767738
4304,0.34784716
4305,0.34801698
4306,0.34818687
4307,0.34835680
4308,0.34852679
4309,0.34869683
4310,0.34886693
4311,0.34903680
4312,0.34920672
4313,0.34937669
4314,0.34954672
4315,0.34971680
4316,0.34988693
4317,0.35005712
4318,0.35022737
4319,0.35039766
4320,0.35056801
4321,0.35075832
4322,0.35094871
4323,0.35113916
4324,0.35132968
4325,0.35152028
4326,0.35162260
4327,0.35172494
4328,0.35182730
4329,0.35192968
4330,0.35203208
4331,0.35219071
4332,0.35234938
4333,0.35250809
4334,0.35266685
4335,0.35282565
4336,0.35298493
4337,0.35314454
4338,0.35330432
4339,0.35346415
4340,0.35362390
4341,0.35370231
4342,0.35378039
4343,0.35385806
4344,0.35393523
4345,0.35401183
4346,0.35417654
4347,0.35434061
4348,0.35450401
4349,0.35466670
4350,0.35482867
4351,0.35498600
4352,0.35514260
4353,0.35529849
4354,0.35545369
4355,0.35560825
4356,0.35576249
4357,0.35591638
4358,0.35606988
4359,0.35622300
4360,0.35637573
4361,0.35653111
4362,0.35668618
4363,0.35684101
4364,0.35699567
4365,0.35715026
4366,0.35730460
4367,0.35745833
4368,0.35761152
4369,0.35776424
4370,0.35791656
4371,0.35805569
4372,0.35819455
4373,0.35833321
4374,0.35847176
4375,0.35861026
4376,0.35874879
4377,0.35888742
4378,0.35902621
4379,0.35916525
4380,0.35930461
4381,0.35935369
4382,0.35940320
4383,0.35945322
4384,0.35950383
4385,0.35955509
4386,0.35969598
4387,0.35983700
4388,0.35997826
4389,0.36011983
4390,0.36026179
4391,0.36031266
4392,0.36036396
4393,0.36041570
4394,0.36046787
4395,0.36052045
4396,0.36066284
4397,0.36080597
4398,0.36094987
4399,0.36109456
4400,0.36124007
4401,0.36139755
4402,0.36155585
4403,0.36171495
4404,0.36187484
4405,0.36203547
4406,0.36219680
4407,0.36235876
4408,0.36252128
4409,0.36268429
4410,0.36284768
4411,0.36300558
4412,0.36316364
4413,0.36332174
4414,0.36347974
4415,0.36363750
4416,0.36379484
4417,0.36395222
4418,0.36410965
4419,0.36426711
4420,0.36442461
4421,0.36456799
4422,0.36471139
4423,0.36485482
4424,0.36499828
4425,0.36514177
4426,0.36519534
4427,0.36524892
4428,0.36530249
4429,0.36535608
4430,0.36540966
4431,0.36554940
4432,0.36568916
4433,0.36582894
4434,0.36596876
4435,0.36610860
4436,0.36624847
4437,0.36638836
4438,0.36652828
4439,0.36666823
4440,0.36680821
4441,0.36684636
4442,0.36688452
4443,0.36692268
4444,0.36696084
4445,0.36699900
4446,0.36703715
4447,0.36707531
4448,0.36711347
4449,0.36715162
4450,0.36718978
4451,0.36735100
4452,0.36751226
4453,0.36767357
4454,0.36783491
4455,0.36799630
4456,0.36815773
4457,0.36831920
4458,0.36848071
4459,0.36864227
4460,0.36880387
4461,0.36903333
4462,0.36926285
4463,0.36949242
4464,0.36972204
4465,0.36995171
4466,0.37000049
4467,0.37004928
4468,0.37009808
4469,0.37014687
4470,0.37019567
4471,0.37033445
4472,0.37047326
4473,0.37061210
4474,0.37075096
4475,0.37088985
4476,0.37093818
4477,0.37098651
4478,0.37103485
4479,0.37108319
4480,0.37113153
4481,0.37128095
4482,0.37143041
4483,0.37157990
4484,0.37172943
4485,0.37187898
4486,0.37202903
4487,0.37217941
4488,0.37232996
4489,0.37248055
4490,0.37263105
4491,0.37275360
4492,0.37287581
4493,0.37299758
4494,0.37311883
4495,0.37323948
4496,0.37335948
4497,0.37347876
4498,0.37359729
4499,0.37371504
4500,0.37383199
4501,0.37386673
4502,0.37390066
4503,0.37393380
4504,0.37396617
4505,0.37399781
4506,0.37411982
4507,0.37424134
4508,0.37436237
4509,0.37448297
4510,0.37460317
4511,0.37471138
4512,0.37481934
4513,0.37492715
4514,0.37503494
4515,0.37514282
4516,0.37516000
4517,0.37517693
4518,0.37519360
4519,0.37521000
4520,0.37522613
4521,0.37534979
4522,0.37547318
4523,0.37559633
4524,0.37571923
4525,0.37584191
4526,0.37596422
4527,0.37608624
4528,0.37620804
4529,0.37632970
4530,0.37645130
4531,0.37649077
4532,0.37653030
4533,0.37656999
4534,0.37660991
4535,0.37665012
4536,0.37678135
4537,0.37691254
4538,0.37704386
4539,0.37717546
4540,0.37730749
4541,0.37741649
4542,0.37752613
4543,0.37763650
4544,0.37774768
4545,0.37785972
4546,0.37797269
4547,0.37808660
4548,0.37820148
4549,0.37831732
4550,0.37843411
4551,0.37845840
4552,0.37848355
4553,0.37850950
4554,0.37853618
4555,0.37856349
4556,0.37868255
4557,0.37880225
4558,0.37892250
4559,0.37904323
4560,0.37916433
4561,0.37918646
4562,0.37920873
4563,0.37923099
4564,0.37925310
4565,0.37927491
4566,0.37938754
4567,0.37950018
4568,0.37961282
4569,0.37972548
4570,0.37983814
4571,0.37997521
4572,0.38011229
4573,0.38024940
4574,0.38038654
4575,0.38052369
4576,0.38056950
4577,0.38061530
4578,0.38066111
4579,0.38070691
4580,0.38075272
4581,0.38077753
4582,0.38080235
4583,0.38082716
4584,0.38085196
4585,0.38087677
4586,0.38099334
4587,0.38111013
4588,0.38122702
4589,0.38134392
4590,0.38146075
4591,0.38159050
4592,0.38172003
4593,0.38184927
4594,0.38197816
4595,0.38210665
4596,0.38214332
4597,0.38217960
4598,0.38221541
4599,0.38225067
4600,0.38228534
4601,0.38240494
4602,0.38252387
4603,0.38264212
4604,0.38275967
4605,0.38287653
4606,0.38290126
4607,0.38292543
4608,0.38294901
4609,0.38297201
4610,0.38299444
4611,0.38308759
4612,0.38318024
4613,0.38327247
4614,0.38336435
4615,0.38345597
4616,0.38345566
4617,0.38345478
4618,0.38345341
4619,0.38345161
4620,0.38344945
4621,0.38356019
4622,0.38367074
4623,0.38378117
4624,0.38389159
4625,0.38400207
4626,0.38411287
4627,0.38422382
4628,0.38433490
4629,0.38444611
4630,0.38455743
4631,0.38457551
4632,0.38459371
4633,0.38461201
4634,0.38463044
4635,0.38464901
4636,0.38475880
4637,0.38486815
4638,0.38497723
4639,0.38508620
4640,0.38519520
4641,0.38519457
4642,0.38519419
4643,0.38519416
4644,0.38519456
4645,0.38519544
4646,0.38528857
4647,0.38538248
4648,0.38547726
4649,0.38557297
4650,0.38566967
4651,0.38577719
4652,0.38588578
4653,0.38599547
4654,0.38610627
4655,0.38621818
4656,0.38633118
4657,0.38644504
4658,0.38655964
4659,0.38667488
4660,0.38679062
4661,0.38692222
4662,0.38705401
4663,0.38718582
4664,0.38731745
4665,0.38744868
4666,0.38748748
4667,0.38752627
4668,0.38756507
4669,0.38760386
4670,0.38764265
4671,0.38775194
4672,0.38786123
4673,0.38797052
4674,0.38807983
4675,0.38818913
4676,0.38820657
4677,0.38822399
4678,0.38824142
4679,0.38825885
4680,0.38827627
4681,0.38838605
4682,0.38849584
4683,0.38860564
4684,0.38871544
4685,0.38882525
4686,0.38884314
4687,0.38886103
4688,0.38887891
4689,0.38889680
4690,0.38891468
4691,0.38901912
4692,0.38912356
4693,0.38922801
4694,0.38933246
4695,0.38943691
4696,0.38944941
4697,0.38946190
4698,0.38947439
4699,0.38948688
4700,0.38949936
4701,0.38959732
4702,0.38969527
4703,0.38979322
4704,0.38989117
4705,0.38998912
4706,0.39008708
4707,0.39018503
4708,0.39028298
4709,0.39038093
4710,0.39047888
4711,0.39051150
4712,0.39054411
4713,0.39057673
4714,0.39060934
4715,0.39064194
4716,0.39076658
4717,0.39089123
4718,0.39101590
4719,0.39114058
4720,0.39126527
4721,0.39126964
4722,0.39127400
4723,0.39127836
4724,0.39128272
4725,0.39128708
4726,0.39138350
4727,0.39147993
4728,0.39157635
4729,0.39167277
4730,0.39176919
4731,0.39178271
4732,0.39179622
4733,0.39180972
4734,0.39182323
4735,0.39183673
4736,0.39194231
4737,0.39204791
4738,0.39215350
4739,0.39225910
4740,0.39236470
4741,0.39238592
4742,0.39240713
4743,0.39242834
4744,0.39244955
4745,0.39247075
4746,0.39249196
4747,0.39251316
4748,0.39253436
4749,0.39255556
4750,0.39257676
4751,0.39267130
4752,0.39276584
4753,0.39286038
4754,0.39295492
4755,0.39304945
4756,0.39305183
4757,0.39305420
4758,0.39305657
4759,0.39305894
4760,0.39306131
4761,0.39315785
4762,0.39325439
4763,0.39335093
4764,0.39344746
4765,0.39354400
4766,0.39354837
4767,0.39355273
4768,0.39355710
4769,0.39356146
4770,0.39356581
4771,0.39357970
4772,0.39359359
4773,0.39360748
4774,0.39362137
4775,0.39363525
4776,0.39374132
4777,0.39384739
4778,0.39395347
4779,0.39405955
4780,0.39416564
4781,0.39417748
4782,0.39418932
4783,0.39420115
4784,0.39421299
4785,0.39422482
4786,0.39423665
4787,0.39424847
4788,0.39426030
4789,0.39427212
4790,0.39428394
4791,0.39428708
4792,0.39429022
4793,0.39429335
4794,0.39429649
4795,0.39429962
4796,0.39430275
4797,0.39430587
4798,0.39430899
4799,0.39431211
4800,0.39431523
4801,0.39441053
4802,0.39450582
4803,0.39460111
4804,0.39469640
4805,0.39479169
4806,0.39479474
4807,0.39479778
4808,0.39480082
4809,0.39480386
4810,0.39480689
4811,0.39490030
4812,0.39499371
4813,0.39508712
4814,0.39518053
4815,0.39527393
4816,0.39527508
4817,0.39527623
4818,0.39527738
4819,0.39527853
4820,0.39527967
4821,0.39539391
4822,0.39550816
4823,0.39562241
4824,0.39573667
4825,0.39585094
4826,0.39587294
4827,0.39589493
4828,0.39591691
4829,0.39593890
4830,0.39596088
4831,0.39605559
4832,0.39615031
4833,0.39624503
4834,0.39633974
4835,0.39643445
4836,0.39652965
4837,0.39662517
4838,0.39672083
4839,0.39681650
4840,0.39691202
4841,0.39691223
4842,0.39691205
4843,0.39691139
4844,0.39691016
4845,0.39690827
4846,0.39699797
4847,0.39708689
4848,0.39717500
4849,0.39726225
4850,0.39734864
4851,0.39733404
4852,0.39731858
4853,0.39730227
4854,0.39728514
4855,0.39726724
4856,0.39734106
4857,0.39741432
4858,0.39748705
4859,0.39755929
4860,0.39763109
4861,0.39772252
4862,0.39781367
4863,0.39790466
4864,0.39799561
4865,0.39808665
4866,0.39808552
4867,0.39808402
4868,0.39808219
4869,0.39808008
4870,0.39807772
4871,0.39816077
4872,0.39824365
4873,0.39832640
4874,0.39840906
4875,0.39849168
4876,0.39848205
4877,0.39847245
4878,0.39846293
4879,0.39845353
4880,0.39844429
4881,0.39842843
4882,0.39841281
4883,0.39839746
4884,0.39838244
4885,0.39836778
4886,0.39835303
4887,0.39833818
4888,0.39832337
4889,0.39830871
4890,0.39829432
4891,0.39837492
4892,0.39845593
4893,0.39853741
4894,0.39861941
4895,0.39870195
4896,0.39869286
4897,0.39868454
4898,0.39867703
4899,0.39867036
4900,0.39866456
4901,0.39873819
4902,0.39881268
4903,0.39888801
4904,0.39896415
4905,0.39904105
4906,0.39902652
4907,0.39901263
4908,0.39899931
4909,0.39898648
4910,0.39897402
4911,0.39905525
4912,0.39913661
4913,0.39921796
4914,0.39929915
4915,0.39938002
4916,0.39936826
4917,0.39935650
4918,0.39934473
4919,0.39933297
4920,0.39932120
4921,0.39942215
4922,0.39952311
4923,0.39962406
4924,0.39972502
4925,0.39982598
4926,0.39983482
4927,0.39984364
4928,0.39985247
4929,0.39986129
4930,0.39987011
4931,0.39986151
4932,0.39985290
4933,0.39984429
4934,0.39983568
4935,0.39982707
4936,0.39991057
4937,0.39999407
4938,0.40007757
4939,0.40016106
4940,0.40024454
4941,0.40023015
4942,0.40021575
4943,0.40020136
4944,0.40018696
4945,0.40017256
4946,0.40015816
4947,0.40014376
4948,0.40012935
4949,0.40011494
4950,0.40010054
4951,0.40019004
4952,0.40027955
4953,0.40036905
4954,0.40045854
4955,0.40054804
4956,0.40054544
4957,0.40054284
4958,0.40054024
4959,0.40053764
4960,0.40053503
4961,0.40052906
4962,0.40052308
4963,0.40051709
4964,0.40051111
4965,0.40050512
4966,0.40049913
4967,0.40049314
4968,0.40048715
4969,0.40048115
4970,0.40047515
4971,0.40057283
4972,0.40067050
4973,0.40076818
4974,0.40086586
4975,0.40096353
4976,0.40096914
4977,0.40097474
4978,0.40098033
4979,0.40098593
4980,0.40099152
4981,0.40098137
4982,0.40097121
4983,0.40096106
4984,0.40095090
4985,0.40094074
4986,0.40093058
4987,0.40092041
4988,0.40091024
4989,0.40090008
4990,0.40088991
4991,0.40096716
4992,0.40104440
4993,0.40112164
4994,0.40119886
4995,0.40127608
4996,0.40126126
4997,0.40124643
4998,0.40123160
4999,0.40121677
5000,0.40120193
5001,0.40110669
5002,0.40101145
5003,0.40091621
5004,0.40082097
5005,0.40072572
5006,0.40072249
5007,0.40071926
5008,0.40071602
5009,0.40071278
5010,0.40070954
5011,0.40070528
5012,0.40070103
5013,0.40069677
5014,0.40069250
5015,0.40068824
5016,0.40068397
5017,0.40067970
5018,0.40067543
5019,0.40067115
5020,0.40066688
5021,0.40064842
5022,0.40062997
5023,0.40061151
5024,0.40059306
5025,0.40057460
5026,0.40046416
5027,0.40035373
5028,0.40024331
5029,0.40013289
5030,0.40002248
5031,0.40002080
5032,0.40001912
5033,0.40001744
5034,0.40001575
5035,0.40001405
5036,0.39992106
5037,0.39982848
5038,0.39973611
5039,0.39964373
5040,0.39955117
5041,0.39962608
5042,0.39970046
5043,0.39977420
5044,0.39984715
5045,0.39991922
5046,0.39999015
5047,0.40005993
5048,0.40012855
5049,0.40019603
5050,0.40026238
5051,0.40024650
5052,0.40022959
5053,0.40021170
5054,0.40019290
5055,0.40017329
5056,0.40015312
5057,0.40013244
5058,0.40011131
5059,0.40008981
5060,0.40006805
5061,0.40015641
5062,0.40024473
5063,0.40033318
5064,0.40042190
5065,0.40051109
5066,0.40060076
5067,0.40069028
5068,0.40077966
5069,0.40086892
5070,0.40095805
5071,0.40093135
5072,0.40090453
5073,0.40087759
5074,0.40085051
5075,0.40082329
5076,0.40088772
5077,0.40095218
5078,0.40101671
5079,0.40108135
5080,0.40114614
5081,0.40111400
5082,0.40108210
5083,0.40105050
5084,0.40101921
5085,0.40098830
5086,0.40104904
5087,0.40110968
5088,0.40117033
5089,0.40123114
5090,0.40129220
5091,0.40137014
5092,0.40144850
5093,0.40152734
5094,0.40160670
5095,0.40168660
5096,0.40167535
5097,0.40166488
5098,0.40165523
5099,0.40164643
5100,0.40163850
5101,0.40172014
5102,0.40180264
5103,0.40188599
5104,0.40197016
5105,0.40205511
5106,0.40204909
5107,0.40204373
5108,0.40203894
5109,0.40203464
5110,0.40203073
5111,0.40211920
5112,0.40220780
5113,0.40229640
5114,0.40238485
5115,0.40247297
5116,0.40246891
5117,0.40246485
5118,0.40246078
5119,0.40245671
5120,0.40245264
5121,0.40245619
5122,0.40245973
5123,0.40246327
5124,0.40246681
5125,0.40247035
5126,0.40256556
5127,0.40266077
5128,0.40275598
5129,0.40285119
5130,0.40294640
5131,0.40292717
5132,0.40290794
5133,0.40288870
5134,0.40286947
5135,0.40285023
5136,0.40283100
5137,0.40281176
5138,0.40279252
5139,0.40277328
5140,0.40275404
5141,0.40285913
5142,0.40296422
5143,0.40306931
5144,0.40317441
5145,0.40327951
5146,0.40329295
5147,0.40330640
5148,0.40331984
5149,0.40333327
5150,0.40334671
5151,0.40334458
5152,0.40334246
5153,0.40334033
5154,0.40333820
5155,0.40333607
5156,0.40333394
5157,0.40333180
5158,0.40332966
5159,0.40332752
5160,0.40332538
5161,0.40341850
5162,0.40351161
5163,0.40360472
5164,0.40369783
5165,0.40379093
5166,0.40379237
5167,0.40379380
5168,0.40379523
5169,0.40379666
5170,0.40379809
5171,0.40378418
5172,0.40377027
5173,0.40375637
5174,0.40374246
5175,0.40372855
5176,0.40371463
5177,0.40370072
5178,0.40368680
5179,0.40367289
5180,0.40365897
5181,0.40363943
5182,0.40361989
5183,0.40360035
5184,0.40358081
5185,0.40356127
5186,0.40354173
5187,0.40352219
5188,0.40350265
5189,0.40348310
5190,0.40346356
5191,0.40356348
5192,0.40366340
5193,0.40376332
5194,0.40386324
5195,0.40396317
5196,0.40397149
5197,0.40397981
5198,0.40398813
5199,0.40399645
5200,0.40400476
5201,0.40401532
5202,0.40402587
5203,0.40403642
5204,0.40404698
5205,0.40405752
5206,0.40406807
5207,0.40407862
5208,0.40408916
5209,0.40409970
5210,0.40411024
5211,0.40409357
5212,0.40407689
5213,0.40406021
5214,0.40404354
5215,0.40402686
5216,0.40401018
5217,0.40399349
5218,0.40397681
5219,0.40396013
5220,0.40394344
5221,0.40393414
5222,0.40392483
5223,0.40391552
5224,0.40390621
5225,0.40389689
5226,0.40388758
5227,0.40387826
5228,0.40386894
5229,0.40385962
5230,0.40385030
5231,0.40385492
5232,0.40385952
5233,0.40386413
5234,0.40386874
5235,0.40387334
5236,0.40387794
5237,0.40388254
5238,0.40388714
5239,0.40389174
5240,0.40389633
5241,0.40390092
5242,0.40390550
5243,0.40391009
5244,0.40391467
5245,0.40391925
5246,0.40392383
5247,0.40392841
5248,0.40393299
5249,0.40393756
5250,0.40394213
5251,0.40383541
5252,0.40372870
5253,0.40362199
5254,0.40351529
5255,0.40340859
5256,0.40339348
5257,0.40337836
5258,0.40336325
5259,0.40334813
5260,0.40333301
5261,0.40333890
5262,0.40334478
5263,0.40335066
5264,0.40335654
5265,0.40336242
5266,0.40336829
5267,0.40337417
5268,0.40338004
5269,0.40338591
5270,0.40339177
5271,0.40340694
5272,0.40342210
5273,0.40343726
5274,0.40345242
5275,0.40346757
5276,0.40348273
5277,0.40349788
5278,0.40351303
5279,0.40352818
5280,0.40354333
5281,0.40353963
5282,0.40353593
5283,0.40353223
5284,0.40352853
5285,0.40352483
5286,0.40352112
5287,0.40351741
5288,0.40351370
5289,0.40350999
5290,0.40350628
5291,0.40351406
5292,0.40352183
5293,0.40352960
5294,0.40353737
5295,0.40354514
5296,0.40355291
5297,0.40356067
5298,0.40356844
5299,0.40357620
5300,0.40358396
5301,0.40359063
5302,0.40359729
5303,0.40360396
5304,0.40361062
5305,0.40361729
5306,0.40362395
5307,0.40363061
5308,0.40363726
5309,0.40364392
5310,0.40365057
5311,0.40365635
5312,0.40366212
5313,0.40366788
5314,0.40367365
5315,0.40367941
5316,0.40368517
5317,0.40369093
5318,0.40369669
5319,0.40370244
5320,0.40370819
5321,0.40368880
5322,0.40366941
5323,0.40365001
5324,0.40363061
5325,0.40361122
5326,0.40359182
5327,0.40357242
5328,0.40355302
5329,0.40353362
5330,0.40351422
5331,0.40362765
5332,0.40374110
5333,0.40385455
5334,0.40396801
5335,0.40408148
5336,0.40410333
5337,0.40412518
5338,0.40414702
5339,0.40416887
5340,0.40419071
5341,0.40419678
5342,0.40420286
5343,0.40420893
5344,0.40421499
5345,0.40422106
5346,0.40431879
5347,0.40441651
5348,0.40451424
5349,0.40461197
5350,0.40470970
5351,0.40472689
5352,0.40474408
5353,0.40476127
5354,0.40477845
5355,0.40479563
5356,0.40490450
5357,0.40501338
5358,0.40512226
5359,0.40523115
5360,0.40534004
5361,0.40533432
5362,0.40532860
5363,0.40532288
5364,0.40531715
5365,0.40531142
5366,0.40530570
5367,0.40529997
5368,0.40529424
5369,0.40528850
5370,0.40528277
5371,0.40531550
5372,0.40534823
5373,0.40477655
5374,0.40420478
5375,0.40346020
5376,0.40280660
5377,0.40213094
5378,0.40145480
5379,0.40077818
5380,0.40010109
5381,0.39930100
5382,0.39850090
5383,0.39770080
5384,0.39690070
5385,0.39612222
5386,0.39534423
5387,0.39454493
5388,0.39374577
5389,0.39294661
5390,0.39214730
5391,0.39136390
5392,0.39058005
5393,0.38979566
5394,0.38901064
5395,0.38824655
5396,0.38748186
5397,0.38669483
5398,0.38590701
5399,0.38511831
5400,0.38432868
5401,0.38352202
5402,0.38271444
5403,0.38190592
5404,0.38109646
5405,0.38030772
5406,0.37943219
5407,0.37853447
5408,0.37763632
5409,0.37673787
5410,0.37583925
5411,0.37504186
5412,0.37424417
5413,0.37284156
5414,0.37143900
5415,0.36984229
5416,0.36824616
5417,0.36662854
5418,0.36501102
5419,0.36341519
5420,0.36181944
5421,0.36021943
5422,0.35861953
5423,0.35699815
5424,0.35537690
5425,0.35377739
5426,0.35225742
5427,0.35073652
5428,0.34921474
5429,0.34767052
5430,0.34612553
5431,0.34452637
5432,0.34292720
5433,0.34132806
5434,0.33972896
5435,0.33810828
5436,0.33648737
5437,0.33488815
5438,0.33328913
5439,0.33169044
5440,0.33009217
5441,0.32848073
5442,0.32686982
5443,0.32528116
5444,0.32369318
5445,0.32208430
5446,0.32047618
5447,0.31889032
5448,0.31730504
5449,0.31572031
5450,0.31413607
5451,0.31250774
5452,0.31087998
5453,0.30927435
5454,0.30766910
5455,0.30606414
5456,0.30445933
5457,0.30283326
5458,0.30120752
5459,0.29960369
5460,0.29800008
5461,0.29642387
5462,0.29484747
5463,0.29324916
5464,0.29165050
5465,0.29007307
5466,0.28849513
5467,0.28689529
5468,0.28529519
5469,0.28371647
5470,0.28213749
5471,0.28062279
5472,0.27910710
5473,0.27756876
5474,0.27602941
5475,0.27451074
5476,0.27292948
5477,0.27134794
5478,0.26976613
5479,0.26816236
5480,0.26655830
5481,0.26495950
5482,0.26336061
5483,0.26176165
5484,0.26016261
5485,0.25854180
5486,0.25692090
5487,0.25532162
5488,0.25372226
5489,0.25210113
5490,0.25047991
5491,0.24888062
5492,0.24728125
5493,0.24568180
5494,0.24408226
5495,0.24246094
5496,0.24089390
5497,0.23934775
5498,0.23780080
5499,0.23625305
5500,0.23470449
5501,0.23308783
5502,0.23147098
5503,0.22987569
5504,0.22828022
5505,0.22668457
5506,0.22508874
5507,0.22347100
5508,0.22185307
5509,0.22025671
5510,0.21866016
5511,0.21706309
5512,0.21546584
5513,0.21384668
5514,0.21222734
5515,0.21062957
5516,0.20903163
5517,0.20741176
5518,0.20579172
5519,0.20419326
5520,0.20259462
5521,0.20099372
5522,0.19939268
5523,0.19776974
5524,0.19614667
5525,0.19454520
5526,0.19294360
5527,0.19134186
5528,0.18973997
5529,0.18811619
5530,0.18649226
5531,0.18489315
5532,0.18329384
5533,0.18169433
5534,0.18009463
5535,0.17847297
5536,0.17685111
5537,0.17525082
5538,0.17365034
5539,0.17202788
5540,0.17040523
5541,0.16880482
5542,0.16720420
5543,0.16560338
5544,0.16400234
5545,0.16237931
5546,0.16079233
5547,0.15922619
5548,0.15765912
5549,0.15609112
5550,0.15452219
5551,0.15289161
5552,0.15126091
5553,0.14965191
5554,0.14804279
5555,0.14643357
5556,0.14482422
5557,0.14319295
5558,0.14156156
5559,0.13995187
5560,0.13834207
5561,0.13668746
5562,0.13503328
5563,0.13340133
5564,0.13176981
5565,0.13013871
5566,0.12853701
5567,0.12691321
5568,0.12528910
5569,0.12368650
5570,0.12208360
5571,0.12048195
5572,0.11887996
5573,0.11725580
5574,0.11563130
5575,0.11402828
5576,0.11242492
5577,0.11082122
5578,0.10921717
5579,0.10759095
5580,0.10596438
5581,0.10434915
5582,0.10273389
5583,0.10111860
5584,0.09950329
5585,0.09786611
5586,0.09622889
5587,0.09461350
5588,0.09299807
5589,0.09136077
5590,0.08972345
5591,0.08811178
5592,0.08649995
5593,0.08488794
5594,0.08327577
5595,0.08164158
5596,0.07998919
5597,0.07835920
5598,0.07672976
5599,0.07510089
5600,0.07347258
5601,0.07184383
5602,0.07021470
5603,0.06860702
5604,0.06699897
5605,0.06539055
5606,0.06378175
5607,0.06215073
5608,0.06051933
5609,0.05890940
5610,0.05729910
5611,0.05566212
5612,0.05402503
5613,0.05240967
5614,0.05079419
5615,0.04917860
5616,0.04755215
5617,0.04590447
5618,0.04425741
5619,0.04263281
5620,0.04100882
5621,0.04018027
5622,0.03935167
5623,0.03854486
5624,0.03773799
5625,0.03690924
5626,0.03608044
5627,0.03527342
5628,0.03446636
5629,0.03363741
5630,0.03280840
5631,0.03200354
5632,0.03119851
5633,0.03037146
5634,0.02954424
5635,0.02873871
5636,0.02793300
5637,0.02710526
5638,0.02627736
5639,0.02544928
5640,0.02462102
5641,0.02380841
5642,0.02299604
5643,0.02216206
5644,0.02132832
5645,0.02051668
5646,0.01970975
5647,0.01888084
5648,0.01805180
5649,0.01724449
5650,0.01643706
5651,0.01560766
5652,0.01477812
5653,0.01394846
5654,0.01311868
5655,0.01231063
5656,0.01150246
5657,0.01067229
5658,0.00984200
5659,0.00903346
5660,0.00822479
5661,0.00739441
5662,0.00656383
5663,0.00575495
5664,0.00494588
5665,0.00411474
5666,0.00328341
5667,0.00247378
5668,0.00166397
5669,0.00083208
5670,0.00000000
5671,0.00000000
5672,0.00000000
5673,0.00000000
5674,0.00000000
5675,0.00000000
5676,0.00000000
5677,0.00000000
5678,0.00000000
5679,0.00000000
5680,0.00000000
5681,0.00000000
5682,0.00000000
5683,0.00000000
5684,0.00000000
5685,0.00000000
5686,0.00000000
5687,0.00000000
5688,0.00000000
5689,0.00000000
5690,0.00000000
5691,0.00000000
5692,0.00000000
5693,0.00000000
5694,0.00000000
5695,0.00000000
5696,0.00000000
5697,0.00000000
5698,0.00000000
5699,0.00000000
5700,0.00000000
5701,0.00000000
5702,0.00000000
5703,0.00000000
5704,0.00000000
5705,0.00000000
5706,0.00000000
5707,0.00000000
5708,0.00000000
5709,0.00000000
5710,0.00000000
5711,0.00000000
5712,0.00000000
5713,0.00000000
5714,0.00000000
5715,0.00000000
5716,0.00000000
5717,0.00000000
5718,0.00000000
5719,0.00000000
5720,0.00000000
5721,0.00000000
5722,0.00000000
5723,0.00000000
5724,0.00000000
5725,0.00000000
5726,0.00000000
5727,0.00000000
5728,0.00000000
5729,0.00000000
5730,0.00000000
5731,0.00000000
5732,0.00000000
5733,0.00000000
5734,0.00000000
5735,0.00000000
5736,0.00000000
5737,0.00000000
5738,0.00000000
5739,0.00000000
5740,0.00000000
5741,0.00000000
5742,0.00000000
5743,0.00000000
5744,0.00000000
5745,0.00000000
5746,0.00000000
5747,0.00000000
5748,0.00000000
5749,0.00000000
5750,0.00000000
5751,0.00000000
5752,0.00000000
5753,0.00000000
5754,0.00000000
5755,0.00000000
5756,0.00000000
5757,0.00000000
5758,0.00000000
5759,0.00000000
5760,0.00000000
5761,0.00000000
5762,0.00000000
5763,0.00000000
5764,0.00000000
5765,0.00000000
5766,0.00000000
5767,0.00000000
5768,0.00000000
5769,0.00000000
5770,0.00000000
5771,0.00000000
5772,0.00000000
5773,0.00000000
5774,0.00000000
5775,0.00000000
5776,0.00000000
5777,0.00000000
5778,0.00000000
5779,0.00000000
5780,0.00000000
5781,0.00000000
5782,0.00000000
5783,0.00000000
5784,0.00000000
5785,0.00000000
5786,0.00000000
5787,0.00000000
5788,0.00000000
5789,0.00000000
5790,0.00000000
5791,0.00000000
5792,0.00000000
5793,0.00000000
5794,0.00000000
5795,0.00000000
5796,0.00000000
5797,0.00000000
5798,0.00000000
5799,0.00000000
5800,0.00000000
5801,0.00000000
5802,0.00000000
5803,0.00000000
5804,0.00000000
5805,0.00000000
5806,0.00000000
5807,0.00000000
5808,0.00000000
5809,0.00000000
5810,0.00000000
5811,0.00000000
5812,0.00000000
5813,0.00000000
5814,0.00000000
5815,0.00000000
5816,0.00000000
5817,0.00000000
5818,0.00000000
5819,0.00000000
5820,0.00000000
5821,0.00000000
5822,0.00000000
5823,0.00000000
5824,0.00000000
5825,0.00000000
5826,0.00000000
5827,0.00000000
5828,0.00000000
5829,0.00000000
5830,0.00000000
5831,0.00000000
5832,0.00000000
5833,0.00000000
5834,0.00000000
5835,0.00000000
5836,0.00000000
5837,0.00000000
5838,0.00000000
5839,0.00000000
5840,0.00000000
5841,0.00000000
5842,0.00000000
5843,0.00000000
5844,0.00000000
5845,0.00000000
5846,0.00000000
5847,0.00000000
5848,0.00000000
5849,0.00000000
5850,0.00000000
5851,0.00000000
5852,0.00000000
5853,0.00000000
5854,0.00000000
5855,0.00000000
5856,0.00000000
5857,0.00000000
5858,0.00000000
5859,0.00000000
5860,0.00000000
5861,0.00000000
5862,0.00000000
5863,0.00000000
5864,0.00000000
5865,0.00000000
5866,0.00000000
5867,0.00000000
5868,0.00000000
5869,0.00000000
5870,0.00000000
5871,0.00000000
5872,0.00000000
5873,0.00000000
5874,0.00000000
5875,0.00000000
5876,0.00000000
5877,0.00000000
5878,0.00000000
5879,0.00000000
5880,0.00000000
5881,0.00000000
5882,0.00000000
5883,0.00000000
5884,0.00000000
5885,0.00000000
5886,0.00000000
5887,0.00000000
5888,0.00000000
5889,0.00000000
5890,0.00000000
5891,0.00000000
5892,0.00000000
5893,0.00000000
5894,0.00000000
5895,0.00000000
5896,0.00000000
5897,0.00000000
5898,0.00000000
5899,0.00000000
5900,0.00000000
5901,0.00000000
5902,0.00000000
5903,0.00000000
5904,0.00000000
5905,0.00000000
5906,0.00000000
5907,0.00000000
5908,0.00000000
5909,0.00000000
5910,0.00000000
5911,0.00000000
5912,0.00000000
5913,0.00000000
5914,0.00000000
5915,0.00000000
5916,0.00000000
5917,0.00000000
5918,0.00000000
5919,0.00000000
5920,0.00000000
5921,0.00000000
5922,0.00000000
5923,0.00000000
5924,0.00000000
5925,0.00000000
5926,0.00000000
5927,0.00000000
5928,0.00000000
5929,0.00000000
5930,0.00000000
5931,0.00000000
5932,0.00000000
5933,0.00000000
5934,0.00000000
5935,0.00000000
5936,0.00000000
5937,0.00000000
5938,0.00000000
5939,0.00000000
5940,0.00000000
5941,0.00000000
5942,0.00000000
5943,0.00000000
5944,0.00000000
5945,0.00000000
5946,0.00000000
5947,0.00000000
5948,0.00000000
5949,0.00000000
5950,0.00000000
5951,0.00000000
5952,0.00000000
5953,0.00000000
5954,0.00000000
5955,0.00000000
5956,0.00000000
5957,0.00000000
5958,0.00000000
5959,0.00000000
5960,0.00000000
5961,0.00000000
5962,0.00000000
5963,0.00000000
5964,0.00000000
5965,0.00000000
5966,0.00000000
5967,0.00000000
5968,0.00000000
5969,0.00000000
5970,0.00000000
5971,0.00000000
5972,0.00000000
5973,0.00000000
5974,0.00000000
5975,0.00000000
5976,0.00000000
5977,0.00000000
5978,0.00000000
5979,0.00000000
5980,0.00000000
5981,0.00000000
5982,0.00000000
5983,0.00000000
5984,0.00000000
5985,0.00000000
5986,0.00000000
5987,0.00000000
5988,0.00000000
5989,0.00000000
5990,0.00000000
5991,0.00000000
5992,0.00000000
5993,0.00000000
5994,0.00000000
5995,0.00000000
5996,0.00000000
5997,0.00000000
5998,0.00000000
5999,0.00000000
6000,0.00000000
6001,0.00000000
6002,0.00000000
6003,0.00000000
6004,0.00000000
6005,0.00000000
6006,0.00000000
6007,0.00000000
6008,0.00000000
6009,0.00000000
6010,0.00000000
6011,0.00000000
6012,0.00000000
6013,0.00000000
6014,0.00000000
6015,0.00000000
6016,0.00000000
6017,0.00000000
6018,0.00000000
6019,0.00000000
6020,0.00000000
6021,0.00000000
6022,0.00000000
6023,0.00000000
6024,0.00000000
6025,0.00000000
6026,0.00000000
6027,0.00000000
6028,0.00000000
6029,0.00000000
6030,0.00000000
6031,0.00000000
6032,0.00000000
6033,0.00000000
6034,0.00000000
6035,0.00000000
6036,0.00000000
6037,0.00000000
6038,0.00000000
6039,0.00000000
6040,0.00000000
6041,0.00000000
6042,0.00000000
6043,0.00000000
6044,0.00000000
6045,0.00000000
6046,0.00000000
6047,0.00000000
6048,0.00000000
6049,0.00000000
6050,0.00000000
6051,0.00000000
6052,0.00000000
6053,0.00000000
6054,0.00000000
6055,0.00000000
6056,0.00000000
6057,0.00000000
6058,0.00000000
6059,0.00000000
6060,0.00000000
6061,0.00000000
6062,0.00000000
6063,0.00000000
6064,0.00000000
6065,0.00000000
6066,0.00000000
6067,0.00000000
6068,0.00000000
6069,0.00000000
6070,0.00000000
6071,0.00000000
6072,0.00000000
6073,0.00000000
6074,0.00000000
6075,0.00000000
6076,0.00000000
6077,0.00000000
6078,0.00000000
6079,0.00000000
6080,0.00000000
6081,0.00000000
6082,0.00000000
6083,0.00000000
6084,0.00000000
6085,0.00000000
6086,0.00000000
6087,0.00000000
6088,0.00000000
6089,0.00000000
6090,0.00000000
6091,0.00000000
6092,0.00000000
6093,0.00000000
6094,0.00000000
6095,0.00000000
6096,0.00000000
6097,0.00000000
6098,0.00000000
6099,0.00000000
6100,0.00000000
6101,0.00000000
6102,0.00000000
6103,0.00000000
6104,0.00000000
6105,0.00000000
6106,0.00000000
6107,0.00000000
6108,0.00000000
6109,0.00000000
6110,0.00000000
6111,0.00000000
6112,0.00000000
6113,0.00000000
6114,0.00000000
6115,0.00000000
6116,0.00000000
6117,0.00000000
6118,0.00000000
6119,0.00000000
6120,0.00000000
6121,0.00000000
6122,0.00000000
6123,0.00000000
6124,0.00000000
6125,0.00000000
6126,0.00000000
6127,0.00000000
6128,0.00000000
6129,0.00000000
6130,0.00000000
6131,0.00000000
6132,0.00000000
6133,0.00000000
6134,0.00000000
6135,0.00000000
6136,0.00000000
6137,0.00000000
6138,0.00000000
6139,0.00000000
6140,0.00000000
6141,0.00000000
6142,0.00000000
6143,0.00000000
6144,0.00000000
6145,0.00000000
6146,0.00000000
6147,0.00000000
6148,0.00000000
6149,0.00000000
6150,0.00000000
6151,0.00000000
6152,0.00000000
6153,0.00000000
6154,0.00000000
6155,0.00000000
6156,0.00000000
6157,0.00000000
6158,0.00000000
6159,0.00000000
6160,0.00000000
6161,0.00000000
6162,0.00000000
6163,0.00000000
6164,0.00000000
6165,0.00000000
6166,0.00000000
6167,0.00000000
6168,0.00000000
6169,0.00000000
6170,0.00000000
6171,0.00000000
6172,0.00000000
6173,0.00000000
6174,0.00000000
6175,0.00000000
6176,0.00000000
6177,0.00000000
6178,0.00000000
6179,0.00000000
6180,0.00000000
6181,0.00000000
6182,0.00000000
6183,0.00000000
6184,0.00000000
6185,0.00000000
6186,0.00000000
6187,0.00000000
6188,0.00000000
6189,0.00000000
6190,0.00000000
6191,0.00000000
6192,0.00000000
6193,0.00000000
6194,0.00000000
6195,0.00000000
6196,0.00000000
6197,0.00000000
6198,0.00000000
6199,0.00000000
6200,0.00000000
6201,0.00000000
6202,0.00000000
6203,0.00000000
6204,0.00000000
6205,0.00000000
6206,0.00000000
6207,0.00000000
6208,0.00000000
6209,0.00000000
6210,0.00000000
6211,0.00000000
6212,0.00000000
6213,0.00000000
6214,0.00000000
6215,0.00000000
6216,0.00000000
6217,0.00000000
6218,0.00000000
6219,0.00000000
6220,0.00000000
6221,0.00000000
6222,0.00000000
6223,0.00000000
6224,0.00000000
6225,0.00000000
6226,0.00000000
6227,0.00000000
6228,0.00000000
6229,0.00000000
6230,0.00000000
6231,0.00000000
6232,0.00000000
6233,0.00000000
6234,0.00000000
6235,0.00000000
6236,0.00000000
6237,0.00000000
6238,0.00000000
6239,0.00000000
6240,0.00000000
6241,0.00000000
6242,0.00000000
6243,0.00000000
6244,0.00000000
6245,0.00000000
6246,0.00000000
6247,0.00000000
6248,0.00000000
6249,0.00000000
6250,0.00000000
6251,0.00000000
6252,0.00000000
6253,0.00000000
6254,0.00000000
6255,0.00000000
6256,0.00000000
6257,0.00000000
6258,0.00000000
6259,0.00000000
6260,0.00000000
6261,0.00000000
6262,0.00000000
6263,0.00000000
6264,0.00000000
6265,0.00000000
6266,0.00000000
6267,0.00000000
6268,0.00000000
6269,0.00000000
6270,0.00000000
6271,0.00000000
6272,0.00000000
6273,0.00000000
6274,0.00000000
6275,0.00000000
6276,0.00000000
6277,0.00000000
6278,0.00000000
6279,0.00000000
6280,0.00000000
6281,0.00000000
6282,0.00000000
6283,0.00000000
6284,0.00000000
6285,0.00000000
6286,0.00000000
6287,0.00000000
6288,0.00000000
6289,0.00000000
6290,0.00000000
6291,0.00000000
6292,0.00000000
6293,0.00000000
6294,0.00000000
6295,0.00000000
6296,0.00000000
6297,0.00000000
6298,0.00000000
6299,0.00000000
6300,0.00000000
6301,0.00000000
6302,0.00000000
6303,0.00000000
6304,0.00000000
6305,0.00000000
6306,0.00000000
6307,0.00000000
6308,0.00000000
6309,0.00000000
6310,0.00000000
6311,0.00000000
6312,0.00000000
6313,0.00000000
6314,0.00000000
6315,0.00000000
6316,0.00000000
6317,0.00000000
6318,0.00000000
6319,0.00000000
6320,0.00000000
6321,0.00000000
6322,0.00000000
6323,0.00000000
6324,0.00000000
6325,0.00000000
6326,0.00000000
6327,0.00000000
6328,0.00000000
6329,0.00000000
6330,0.00000000
6331,0.00000000
6332,0.00000000
6333,0.00000000
6334,0.00000000
6335,0.00000000
6336,0.00000000
6337,0.00000000
6338,0.00000000
6339,0.00000000
6340,0.00000000
6341,0.00000000
6342,0.00000000
6343,0.00000000
6344,0.00000000
6345,0.00000000
6346,0.00000000
6347,0.00000000
6348,0.00000000
6349,0.00000000
6350,0.00000000
6351,0.00000000
6352,0.00000000
6353,0.00000000
6354,0.00000000
6355,0.00000000
6356,0.00000000
6357,0.00000000
6358,0.00000000
6359,0.00000000
6360,0.00000000
6361,0.00000000
6362,0.00000000
6363,0.00000000
6364,0.00000000
6365,0.00000000
6366,0.00000000
6367,0.00000000
6368,0.00000000
6369,0.00000000
6370,0.00000000
6371,0.00000000
6372,0.00000000
6373,0.00000000
6374,0.00000000
6375,0.00000000
6376,0.00000000
6377,0.00000000
6378,0.00000000
6379,0.00000000
6380,0.00000000
6381,0.00000000
6382,0.00000000
6383,0.00000000
6384,0.00000000
6385,0.00000000
6386,0.00000000
6387,0.00000000
6388,0.00000000
6389,0.00000000
6390,0.00000000
6391,0.00000000
6392,0.00000000
6393,0.00000000
6394,0.00000000
6395,0.00000000
6396,0.00000000
6397,0.00000000
6398,0.00000000
6399,0.00000000
6400,0.00000000
6401,0.00000000
6402,0.00000000
6403,0.00000000
6404,0.00000000
6405,0.00000000
6406,0.00000000
6407,0.00000000
6408,0.00000000
6409,0.00000000
6410,0.00000000
6411,0.00000000
6412,0.00000000
6413,0.00000000
6414,0.00000000
6415,0.00000000
6416,0.00000000
6417,0.00000000
6418,0.00000000
6419,0.00000000
6420,0.00000000
6421,0.00000000
6422,0.00000000
6423,0.00000000
6424,0.00000000
6425,0.00000000
6426,0.00000000
6427,0.00000000
6428,0.00000000
6429,0.00000000
6430,0.00000000
6431,0.00000000
6432,0.00000000
6433,0.00000000
6434,0.00000000
6435,0.00000000
6436,0.00000000
6437,0.00000000
6438,0.00000000
6439,0.00000000
6440,0.00000000
6441,0.00000000
6442,0.00000000
6443,0.00000000
6444,0.00000000
6445,0.00000000
6446,0.00000000
6447,0.00000000
6448,0.00000000
6449,0.00000000
6450,0.00000000
6451,0.00000000
6452,0.00000000
6453,0.00000000
6454,0.00000000
6455,0.00000000
6456,0.00000000
6457,0.00000000
6458,0.00000000
6459,0.00000000
6460,0.00000000
6461,0.00000000
6462,0.00000000
6463,0.00000000
6464,0.00000000
6465,0.00000000
6466,0.00000000
6467,0.00000000
6468,0.00000000
6469,0.00000000
6470,0.00000000
6471,0.00000000
6472,0.00000000
6473,0.00000000
6474,0.00000000
6475,0.00000000
6476,0.00000000
6477,0.00000000
6478,0.00000000
6479,0.00000000
6480,0.00000000
6481,0.00000000
6482,0.00000000
6483,0.00000000
6484,0.00000000
6485,0.00000000
6486,0.00000000
6487,0.00000000
6488,0.00000000
6489,0.00000000
6490,0.00000000
6491,0.00000000
6492,0.00000000
6493,0.00000000
6494,0.00000000
6495,0.00000000
6496,0.00000000
6497,0.00000000
6498,0.00000000
6499,0.00000000
6500,0.00000000
6501,0.00000000
6502,0.00000000
6503,0.00000000
6504,0.00000000
6505,0.00000000
6506,0.00000000
6507,0.00000000
6508,0.00000000
6509,0.00000000
6510,0.00000000
6511,0.00000000
6512,0.00000000
6513,0.00000000
6514,0.00000000
6515,0.00000000
6516,0.00000000
6517,0.00000000
6518,0.00000000
6519,0.00000000
6520,0.00000000
6521,0.00000000
6522,0.00000000
6523,0.00000000
6524,0.00000000
6525,0.00000000
6526,0.00000000
6527,0.00000000
6528,0.00000000
6529,0.00000000
6530,0.00000000
6531,0.00000000
6532,0.00000000
6533,0.00000000
6534,0.00000000
6535,0.00000000
6536,0.00000000
6537,0.00000000
6538,0.00000000
6539,0.00000000
6540,0.00000000
6541,0.00000000
6542,0.00000000
6543,0.00000000
6544,0.00000000
6545,0.00000000
6546,0.00000000
6547,0.00000000
6548,0.00000000
6549,0.00000000
6550,0.00000000
6551,0.00000000
6552,0.00000000
6553,0.00000000
6554,0.00000000
6555,0.00000000
6556,0.00000000
6557,0.00000000
6558,0.00000000
6559,0.00000000
6560,0.00000000
6561,0.00000000
6562,0.00000000
6563,0.00000000
6564,0.00000000
6565,0.00000000
6566,0.00000000
6567,0.00000000
6568,0.00000000
6569,0.00000000
6570,0.00000000
6571,0.00000000
6572,0.00000000
6573,0.00000000
6574,0.00000000
6575,0.00000000
6576,0.00000000
6577,0.00000000
6578,0.00000000
6579,0.00000000
6580,0.00000000
6581,0.00000000
6582,0.00000000
6583,0.00000000
6584,0.00000000
6585,0.00000000
6586,0.00000000
6587,0.00000000
6588,0.00000000
6589,0.00000000
6590,0.00000000
6591,0.00000000
6592,0.00000000
6593,0.00000000
6594,0.00000000
6595,0.00000000
6596,0.00000000
6597,0.00000000
6598,0.00000000
6599,0.00000000
6600,0.00000000
6601,0.00000000
6602,0.00000000
6603,0.00000000
6604,0.00000000
6605,0.00000000
6606,0.00000000
6607,0.00000000
6608,0.00000000
6609,0.00000000
6610,0.00000000
6611,0.00000000
6612,0.00000000
6613,0.00000000
6614,0.00000000
6615,0.00000000
6616,0.00000000
6617,0.00000000
6618,0.00000000
6619,0.00000000
6620,0.00000000
6621,0.00000000
6622,0.00000000
6623,0.00000000
6624,0.00000000
6625,0.00000000
6626,0.00000000
6627,0.00000000
6628,0.00000000
6629,0.00000000
6630,0.00000000
6631,0.00000000
6632,0.00000000
6633,0.00000000
6634,0.00000000
6635,0.00000000
6636,0.00000000
6637,0.00000000
6638,0.00000000
6639,0.00000000
6640,0.00000000
6641,0.00000000
6642,0.00000000
6643,0.00000000
6644,0.00000000
6645,0.00000000
6646,0.00000000
6647,0.00000000
6648,0.00000000
6649,0.00000000
6650,0.00000000
6651,0.00000000
6652,0.00000000
6653,0.00000000
6654,0.00000000
6655,0.00000000
6656,0.00000000
6657,0.00000000
6658,0.00000000
6659,0.00000000
6660,0.00000000
6661,0.00000000
6662,0.00000000
6663,0.00000000
6664,0.00000000
6665,0.00000000
6666,0.00000000
6667,0.00000000
6668,0.00000000
6669,0.00000000
6670,0.00000000
6671,0.00000000
6672,0.00000000
6673,0.00000000
6674,0.00000000
6675,0.00000000
6676,0.00000000
6677,0.00000000
6678,0.00000000
6679,0.00000000
6680,0.00000000
6681,0.00000000
6682,0.00000000
6683,0.00000000
6684,0.00000000
6685,0.00000000
6686,0.00000000
6687,0.00000000
6688,0.00000000
6689,0.00000000
6690,0.00000000
6691,0.00000000
6692,0.00000000
6693,0.00000000
6694,0.00000000
6695,0.00000000
6696,0.00000000
6697,0.00000000
6698,0.00000000
6699,0.00000000
6700,0.00000000
6701,0.00000000
6702,0.00000000
6703,0.00000000
6704,0.00000000
6705,0.00000000
6706,0.00000000
6707,0.00000000
6708,0.00000000
6709,0.00000000
6710,0.00000000
6711,0.00000000
6712,0.00000000
6713,0.00000000
6714,0.00000000
6715,0.00000000
6716,0.00000000
6717,0.00000000
6718,0.00000000
6719,0.00000000
6720,0.00000000
6721,0.00000000
6722,0.00000000
6723,0.00000000
6724,0.00000000
6725,0.00000000
6726,0.00000000
6727,0.00000000
6728,0.00000000
6729,0.00000000
6730,0.00000000
6731,0.00000000
6732,0.00000000
6733,0.00000000
6734,0.00000000
6735,0.00000000
6736,0.00000000
6737,0.00000000
6738,0.00000000
6739,0.00000000
6740,0.00000000
6741,0.00000000
6742,0.00000000
6743,0.00000000
6744,0.00000000
6745,0.00000000
6746,0.00000000
6747,0.00000000
6748,0.00000000
6749,0.00000000
6750,0.00000000
6751,0.00000000
6752,0.00000000
6753,0.00000000
6754,0.00000000
6755,0.00000000
6756,0.00000000
6757,0.00000000
6758,0.00000000
6759,0.00000000
6760,0.00000000
6761,0.00000000
6762,0.00000000
6763,0.00000000
6764,0.00000000
6765,0.00000000
6766,0.00000000
6767,0.00000000
6768,0.00000000
6769,0.00000000
6770,0.00000000
6771,0.00000000
6772,0.00000000
6773,0.00000000
6774,0.00000000
6775,0.00000000
6776,0.00000000
6777,0.00000000
6778,0.00000000
6779,0.00000000
6780,0.00000000
6781,0.00000000
6782,0.00000000
6783,0.00000000
6784,0.00000000
6785,0.00000000
6786,0.00000000
6787,0.00000000
6788,0.00000000
6789,0.00000000
6790,0.00000000
6791,0.00000000
6792,0.00000000
6793,0.00000000
6794,0.00000000
6795,0.00000000
6796,0.00000000
6797,0.00000000
6798,0.00000000
6799,0.00000000
6800,0.00000000
6801,0.00000000
6802,0.00000000
6803,0.00000000
6804,0.00000000
6805,0.00000000
6806,0.00000000
6807,0.00000000
6808,0.00000000
6809,0.00000000
6810,0.00000000
6811,0.00000000
6812,0.00000000
6813,0.00000000
6814,0.00000000
6815,0.00000000
6816,0.00000000
6817,0.00000000
6818,0.00000000
6819,0.00000000
6820,0.00000000
6821,0.00000000
6822,0.00000000
6823,0.00000000
6824,0.00000000
6825,0.00000000
6826,0.00000000
6827,0.00000000
6828,0.00000000
6829,0.00000000
6830,0.00000000
6831,0.00000000
6832,0.00000000
6833,0.00000000
6834,0.00000000
6835,0.00000000
6836,0.00000000
6837,0.00000000
6838,0.00000000
6839,0.00000000
6840,0.00000000
6841,0.00000000
6842,0.00000000
6843,0.00000000
6844,0.00000000
6845,0.00000000
6846,0.00000000
6847,0.00000000
6848,0.00000000
6849,0.00000000
6850,0.00000000
6851,0.00000000
6852,0.00000000
6853,0.00000000
6854,0.00000000
6855,0.00000000
6856,0.00000000
6857,0.00000000
6858,0.00000000
6859,0.00000000
6860,0.00000000
6861,0.00000000
6862,0.00000000
6863,0.00000000
6864,0.00000000
6865,0.00000000
6866,0.00000000
6867,0.00000000
6868,0.00000000
6869,0.00000000
6870,0.00000000
6871,0.00000000
6872,0.00000000
6873,0.00000000
6874,0.00000000
6875,0.00000000
6876,0.00000000
6877,0.00000000
6878,0.00000000
6879,0.00000000
6880,0.00000000
6881,0.00000000
6882,0.00000000
6883,0.00000000
6884,0.00000000
6885,0.00000000
6886,0.00000000
6887,0.00000000
6888,0.00000000
6889,0.00000000
6890,0.00000000
6891,0.00000000
6892,0.00000000
6893,0.00000000
6894,0.00000000
6895,0.00000000
6896,0.00000000
6897,0.00000000
6898,0.00000000
6899,0.00000000
6900,0.00000000
6901,0.00000000
6902,0.00000000
6903,0.00000000
6904,0.00000000
6905,0.00000000
6906,0.00000000
6907,0.00000000
6908,0.00000000
6909,0.00000000
6910,0.00000000
6911,0.00000000
6912,0.00000000
6913,0.00000000
6914,0.00000000
6915,0.00000000
6916,0.00000000
6917,0.00000000
6918,0.00000000
6919,0.00000000
6920,0.00000000
6921,0.00000000
6922,0.00000000
6923,0.00000000
6924,0.00000000
6925,0.00000000
6926,0.00000000
6927,0.00000000
6928,0.00000000
6929,0.00000000
6930,0.00000000
6931,0.00000000
6932,0.00000000
6933,0.00000000
6934,0.00000000
6935,0.00000000
6936,0.00000000
6937,0.00000000
6938,0.00000000
6939,0.00000000
6940,0.00000000
6941,0.00000000
6942,0.00000000
6943,0.00000000
6944,0.00000000
6945,0.00000000
6946,0.00000000
6947,0.00000000
6948,0.00000000
6949,0.00000000
6950,0.00000000
6951,0.00000000
6952,0.00000000
6953,0.00000000
6954,0.00000000
6955,0.00000000
6956,0.00000000
6957,0.00000000
6958,0.00000000
6959,0.00000000
6960,0.00000000
6961,0.00000000
6962,0.00000000
6963,0.00000000
6964,0.00000000
6965,0.00000000
6966,0.00000000
6967,0.00000000
6968,0.00000000
6969,0.00000000
6970,0.00000000
6971,0.00000000
6972,0.00000000
6973,0.00000000
6974,0.00000000
6975,0.00000000
6976,0.00000000
6977,0.00000000
6978,0.00000000
6979,0.00000000
6980,0.00000000
6981,0.00000000
6982,0.00000000
6983,0.00000000
6984,0.00000000
6985,0.00000000
6986,0.00000000
6987,0.00000000
6988,0.00000000
6989,0.00000000
6990,0.00000000
6991,0.00000000
6992,0.00000000
6993,0.00000000
6994,0.00000000
6995,0.00000000
6996,0.00000000
6997,0.00000000
6998,0.00000000
6999,0.00000000
7000,0.00000000
7001,0.00000000
7002,0.00000000
7003,0.00000000
7004,0.00000000
7005,0.00000000
7006,0.00000000
7007,0.00000000
7008,0.00000000
7009,0.00000000
7010,0.00000000
7011,0.00000000
7012,0.00000000
7013,0.00000000
7014,0.00000000
7015,0.00000000
7016,0.00000000
7017,0.00000000
7018,0.00000000
7019,0.00000000
7020,0.00000000
7021,0.00000000
7022,0.00000000
7023,0.00000000
7024,0.00000000
7025,0.00000000
7026,0.00000000
7027,0.00000000
7028,0.00000000
7029,0.00000000
7030,0.00000000
7031,0.00000000
7032,0.00000000
7033,0.00000000
7034,0.00000000
7035,0.00000000
7036,0.00000000
7037,0.00000000
7038,0.00000000
7039,0.00000000
7040,0.00000000
7041,0.00000000
7042,0.00000000
7043,0.00000000
7044,0.00000000
7045,0.00000000
7046,0.00000000
7047,0.00000000
7048,0.00000000
7049,0.00000000
7050,0.00000000
7051,0.00000000
7052,0.00000000
7053,0.00000000
7054,0.00000000
7055,0.00000000
7056,0.00000000
7057,0.00000000
7058,0.00000000
7059,0.00000000
7060,0.00000000
7061,0.00000000
7062,0.00000000
7063,0.00000000
7064,0.00000000
7065,0.00000000
7066,0.00000000
7067,0.00000000
7068,0.00000000
7069,0.00000000
7070,0.00000000
7071,0.00000000
7072,0.00000000
7073,0.00000000
7074,0.00000000
7075,0.00000000
7076,0.00000000
7077,0.00000000
7078,0.00000000
7079,0.00000000
7080,0.00000000
7081,0.00000000
7082,0.00000000
7083,0.00000000
7084,0.00000000
7085,0.00000000
7086,0.00000000
7087,0.00000000
7088,0.00000000
7089,0.00000000
7090,0.00000000
7091,0.00000000
7092,0.00000000
7093,0.00000000
7094,0.00000000
7095,0.00000000
7096,0.00000000
7097,0.00000000
7098,0.00000000
7099,0.00000000
7100,0.00000000
7101,0.00000000
7102,0.00000000
7103,0.00000000
7104,0.00000000
7105,0.00000000
7106,0.00000000
7107,0.00000000
7108,0.00000000
7109,0.00000000
7110,0.00000000
7111,0.00000000
7112,0.00000000
7113,0.00000000
7114,0.00000000
7115,0.00000000
7116,0.00000000
7117,0.00000000
7118,0.00000000
7119,0.00000000
7120,0.00000000
7121,0.00000000
7122,0.00000000
7123,0.00000000
7124,0.00000000
7125,0.00000000
7126,0.00000000
7127,0.00000000
7128,0.00000000
7129,0.00000000
7130,0.00000000
7131,0.00000000
7132,0.00000000
7133,0.00000000
7134,0.00000000
7135,0.00000000
7136,0.00000000
7137,0.00000000
7138,0.00000000
7139,0.00000000
7140,0.00000000
7141,0.00000000
7142,0.00000000
7143,0.00000000
7144,0.00000000
7145,0.00000000
7146,0.00000000
7147,0.00000000
7148,0.00000000
7149,0.00000000
7150,0.00000000
7151,0.00000000
7152,0.00000000
7153,0.00000000
7154,0.00000000
7155,0.00000000
7156,0.00000000
7157,0.00000000
7158,0.00000000
7159,0.00000000
7160,0.00000000
7161,0.00000000
7162,0.00000000
7163,0.00000000
7164,0.00000000
7165,0.00000000
7166,0.00000000
7167,0.00000000
7168,0.00000000
7169,0.00000000
7170,0.00000000
7171,0.00000000
7172,0.00000000
7173,0.00000000
7174,0.00000000
7175,0.00000000
7176,0.00000000
7177,0.00000000
7178,0.00000000
7179,0.00000000
7180,0.00000000
7181,0.00000000
7182,0.00000000
7183,0.00000000
7184,0.00000000
7185,0.00000000
7186,0.00000000
7187,0.00000000
7188,0.00000000
7189,0.00000000
7190,0.00000000
7191,0.00000000
7192,0.00000000
7193,0.00000000
7194,0.00000000
7195,0.00000000
7196,0.00000000
7197,0.00000000
7198,0.00000000
7199,0.00000000
7200,0.00000000
7201,0.00000000
7202,0.00000000
7203,0.00000000
7204,0.00000000
7205,0.00000000
7206,0.00000000
7207,0.00000000
7208,0.00000000
7209,0.00000000
7210,0.00000000
7211,0.00000000
7212,0.00000000
7213,0.00000000
7214,0.00000000
7215,0.00000000
7216,0.00000000
7217,0.00000000
7218,0.00000000
7219,0.00000000
7220,0.00000000
7221,0.00000000
7222,0.00000000
7223,0.00000000
7224,0.00000000
7225,0.00000000
7226,0.00000000
7227,0.00000000
7228,0.00000000
7229,0.00000000
7230,0.00000000
7231,0.00000000
7232,0.00000000
7233,0.00000000
7234,0.00000000
7235,0.00000000
7236,0.00000000
7237,0.00000000
7238,0.00000000
7239,0.00000000
7240,0.00000000
7241,0.00000000
7242,0.00000000
7243,0.00000000
7244,0.00000000
7245,0.00000000
7246,0.00000000
7247,0.00000000
7248,0.00000000
7249,0.00000000
7250,0.00000000
7251,0.00000000
7252,0.00000000
7253,0.00000000
7254,0.00000000
7255,0.00000000
7256,0.00000000
7257,0.00000000
7258,0.00000000
7259,0.00000000
7260,0.00000000
7261,0.00000000
7262,0.00000000
7263,0.00000000
7264,0.00000000
7265,0.00000000
7266,0.00000000
7267,0.00000000
7268,0.00000000
7269,0.00000000
7270,0.00000000
7271,0.00000000
7272,0.00000000
7273,0.00000000
7274,0.00000000
7275,0.00000000
7276,0.00000000
7277,0.00000000
7278,0.00000000
7279,0.00000000
7280,0.00000000
7281,0.00000000
7282,0.00000000
7283,0.00000000
7284,0.00000000
7285,0.00000000
7286,0.00000000
7287,0.00000000
7288,0.00000000
7289,0.00000000
7290,0.00000000
7291,0.00000000
7292,0.00000000
7293,0.00000000
7294,0.00000000
7295,0.00000000
7296,0.00000000
7297,0.00000000
7298,0.00000000
7299,0.00000000
7300,0.00000000
7301,0.00000000
7302,0.00000000
7303,0.00000000
7304,0.00000000
7305,0.00000000
7306,0.00000000
7307,0.00000000
7308,0.00000000
7309,0.00000000
7310,0.00000000
7311,0.00000000
7312,0.00000000
7313,0.00000000
7314,0.00000000
7315,0.00000000
7316,0.00000000
7317,0.00000000
7318,0.00000000
7319,0.00000000
7320,0.00000000
7321,0.00000000
7322,0.00000000
7323,0.00000000
7324,0.00000000
7325,0.00000000
7326,0.00000000
7327,0.00000000
7328,0.00000000
7329,0.00000000
7330,0.00000000
7331,0.00000000
7332,0.00000000
7333,0.00000000
7334,0.00000000
7335,0.00000000
7336,0.00000000
7337,0.00000000
7338,0.00000000
7339,0.00000000
7340,0.00000000
7341,0.00000000
7342,0.00000000
7343,0.00000000
7344,0.00000000
7345,0.00000000
7346,0.00000000
7347,0.00000000
7348,0.00000000
7349,0.00000000
7350,0.00000000
7351,0.00000000
7352,0.00000000
7353,0.00000000
7354,0.00000000
7355,0.00000000
7356,0.00000000
7357,0.00000000
7358,0.00000000
7359,0.00000000
7360,0.00000000
7361,0.00000000
7362,0.00000000
7363,0.00000000
7364,0.00000000
7365,0.00000000
7366,0.00000000
7367,0.00000000
7368,0.00000000
7369,0.00000000
7370,0.00000000
7371,0.00000000
7372,0.00000000
7373,0.00000000
7374,0.00000000
7375,0.00000000
7376,0.00000000
7377,0.00000000
7378,0.00000000
7379,0.00000000
7380,0.00000000
7381,0.00000000
7382,0.00000000
7383,0.00000000
7384,0.00000000
7385,0.00000000
7386,0.00000000
7387,0.00000000
7388,0.00000000
7389,0.00000000
7390,0.00000000
7391,0.00000000
7392,0.00000000
7393,0.00000000
7394,0.00000000
7395,0.00000000
7396,0.00000000
7397,0.00000000
7398,0.00000000
7399,0.00000000
7400,0.00000000
7401,0.00000000
7402,0.00000000
7403,0.00000000
7404,0.00000000
7405,0.00000000
7406,0.00000000
7407,0.00000000
7408,0.00000000
7409,0.00000000
7410,0.00000000
7411,0.00000000
7412,0.00000000
7413,0.00000000
7414,0.00000000
7415,0.00000000
7416,0.00000000
7417,0.00000000
7418,0.00000000
7419,0.00000000
7420,0.00000000
7421,0.00000000
7422,0.00000000
7423,0.00000000
7424,0.00000000
7425,0.00000000
7426,0.00000000
7427,0.00000000
7428,0.00000000
7429,0.00000000
7430,0.00000000
7431,0.00000000
7432,0.00000000
7433,0.00000000
7434,0.00000000
7435,0.00000000
7436,0.00000000
7437,0.00000000
7438,0.00000000
7439,0.00000000
7440,0.00000000
7441,0.00000000
7442,0.00000000
7443,0.00000000
7444,0.00000000
7445,0.00000000
7446,0.00000000
7447,0.00000000
7448,0.00000000
7449,0.00000000
7450,0.00000000
7451,0.00000000
7452,0.00000000
7453,0.00000000
7454,0.00000000
7455,0.00000000
7456,0.00000000
7457,0.00000000
7458,0.00000000
7459,0.00000000
7460,0.00000000
7461,0.00000000
7462,0.00000000
7463,0.00000000
7464,0.00000000
7465,0.00000000
7466,0.00000000
7467,0.00000000
7468,0.00000000
7469,0.00000000
7470,0.00000000
7471,0.00000000
7472,0.00000000
7473,0.00000000
7474,0.00000000
7475,0.00000000
7476,0.00000000
7477,0.00000000
7478,0.00000000
7479,0.00000000
7480,0.00000000
7481,0.00000000
7482,0.00000000
7483,0.00000000
7484,0.00000000
7485,0.00000000
7486,0.00000000
7487,0.00000000
7488,0.00000000
7489,0.00000000
7490,0.00000000
7491,0.00000000
7492,0.00000000
7493,0.00000000
7494,0.00000000
7495,0.00000000
7496,0.00000000
7497,0.00000000
7498,0.00000000
7499,0.00000000
7500,0.00000000
7501,0.00000000
7502,0.00000000
7503,0.00000000
7504,0.00000000
7505,0.00000000
7506,0.00000000
7507,0.00000000
7508,0.00000000
7509,0.00000000
7510,0.00000000
7511,0.00000000
7512,0.00000000
7513,0.00000000
7514,0.00000000
7515,0.00000000
7516,0.00000000
7517,0.00000000
7518,0.00000000
7519,0.00000000
7520,0.00000000
7521,0.00000000
7522,0.00000000
7523,0.00000000
7524,0.00000000
7525,0.00000000
7526,0.00000000
7527,0.00000000
7528,0.00000000
7529,0.00000000
7530,0.00000000
7531,0.00000000
7532,0.00000000
7533,0.00000000
7534,0.00000000
7535,0.00000000
7536,0.00000000
7537,0.00000000
7538,0.00000000
7539,0.00000000
7540,0.00000000
7541,0.00000000
7542,0.00000000
7543,0.00000000
7544,0.00000000
7545,0.00000000
7546,0.00000000
7547,0.00000000
7548,0.00000000
7549,0.00000000
7550,0.00000000
7551,0.00000000
7552,0.00000000
7553,0.00000000
7554,0.00000000
7555,0.00000000
7556,0.00000000
7557,0.00000000
7558,0.00000000
7559,0.00000000
7560,0.00000000
7561,0.00000000
7562,0.00000000
7563,0.00000000
7564,0.00000000
7565,0.00000000
7566,0.00000000
7567,0.00000000
7568,0.00000000
7569,0.00000000
7570,0.00000000
7571,0.00000000
7572,0.00000000
7573,0.00000000
7574,0.00000000
7575,0.00000000
7576,0.00000000
7577,0.00000000
7578,0.00000000
7579,0.00000000
7580,0.00000000
7581,0.00000000
7582,0.00000000
7583,0.00000000
7584,0.00000000
7585,0.00000000
7586,0.00000000
7587,0.00000000
7588,0.00000000
7589,0.00000000
7590,0.00000000
7591,0.00000000
7592,0.00000000
7593,0.00000000
7594,0.00000000
7595,0.00000000
7596,0.00000000
7597,0.00000000
7598,0.00000000
7599,0.00000000
7600,0.00000000
7601,0.00000000
7602,0.00000000
7603,0.00000000
7604,0.00000000
7605,0.00000000
7606,0.00000000
7607,0.00000000
7608,0.00000000
7609,0.00000000
7610,0.00000000
7611,0.00000000
7612,0.00000000
7613,0.00000000
7614,0.00000000
7615,0.00000000
7616,0.00000000
7617,0.00000000
7618,0.00000000
7619,0.00000000
7620,0.00000000
7621,0.00000000
7622,0.00000000
7623,0.00000000
7624,0.00000000
7625,0.00000000
7626,0.00000000
7627,0.00000000
7628,0.00000000
7629,0.00000000
7630,0.00000000
7631,0.00000000
7632,0.00000000
7633,0.00000000
7634,0.00000000
7635,0.00000000
7636,0.00000000
7637,0.00000000
7638,0.00000000
7639,0.00000000
7640,0.00000000
7641,0.00000000
7642,0.00000000
7643,0.00000000
7644,0.00000000
7645,0.00000000
7646,0.00000000
7647,0.00000000
7648,0.00000000
7649,0.00000000
7650,0.00000000
7651,0.00000000
7652,0.00000000
7653,0.00000000
7654,0.00000000
7655,0.00000000
7656,0.00000000
7657,0.00000000
7658,0.00000000
7659,0.00000000
7660,0.00000000
7661,0.00000000
7662,0.00000000
7663,0.00000000
7664,0.00000000
7665,0.00000000
7666,0.00000000
7667,0.00000000
7668,0.00000000
7669,0.00000000
7670,0.00000000
7671,0.00000000
7672,0.00000000
7673,0.00000000
7674,0.00000000
7675,0.00000000
7676,0.00000000
7677,0.00000000
7678,0.00000000
7679,0.00000000
7680,0.00000000
7681,0.00000000
7682,0.00000000
7683,0.00000000
7684,0.00000000
7685,0.00000000
7686,0.00000000
7687,0.00000000
7688,0.00000000
7689,0.00000000
7690,0.00000000
7691,0.00000000
7692,0.00000000
7693,0.00000000
7694,0.00000000
7695,0.00000000
7696,0.00000000
7697,0.00000000
7698,0.00000000
7699,0.00000000
7700,0.00000000
7701,0.00000000
7702,0.00000000
7703,0.00000000
7704,0.00000000
7705,0.00000000
7706,0.00000000
7707,0.00000000
7708,0.00000000
7709,0.00000000
7710,0.00000000
7711,0.00000000
7712,0.00000000
7713,0.00000000
7714,0.00000000
7715,0.00000000
7716,0.00000000
7717,0.00000000
7718,0.00000000
7719,0.00000000
7720,0.00000000
7721,0.00000000
7722,0.00000000
7723,0.00000000
7724,0.00000000
7725,0.00000000
7726,0.00000000
7727,0.00000000
7728,0.00000000
7729,0.00000000
7730,0.00000000
7731,0.00000000
7732,0.00000000
7733,0.00000000
7734,0.00000000
7735,0.00000000
7736,0.00000000
7737,0.00000000
7738,0.00000000
7739,0.00000000
7740,0.00000000
7741,0.00000000
7742,0.00000000
7743,0.00000000
7744,0.00000000
7745,0.00000000
7746,0.00000000
7747,0.00000000
7748,0.00000000
7749,0.00000000
7750,0.00000000
7751,0.00000000
7752,0.00000000
7753,0.00000000
7754,0.00000000
7755,0.00000000
7756,0.00000000
7757,0.00000000
7758,0.00000000
7759,0.00000000
7760,0.00000000
7761,0.00000000
7762,0.00000000
7763,0.00000000
7764,0.00000000
7765,0.00000000
7766,0.00000000
7767,0.00000000
7768,0.00000000
7769,0.00000000
7770,0.00000000
7771,0.00000000
7772,0.00000000
7773,0.00000000
7774,0.00000000
7775,0.00000000
7776,0.00000000
7777,0.00000000
7778,0.00000000
7779,0.00000000
7780,0.00000000
7781,0.00000000
7782,0.00000000
7783,0.00000000
7784,0.00000000
7785,0.00000000
7786,0.00000000
7787,0.00000000
7788,0.00000000
7789,0.00000000
7790,0.00000000
7791,0.00000000
7792,0.00000000
7793,0.00000000
7794,0.00000000
7795,0.00000000
7796,0.00000000
7797,0.00000000
7798,0.00000000
7799,0.00000000
7800,0.00000000
7801,0.00000000
7802,0.00000000
7803,0.00000000
7804,0.00000000
7805,0.00000000
7806,0.00000000
7807,0.00000000
7808,0.00000000
7809,0.00000000
7810,0.00000000
7811,0.00000000
7812,0.00000000
7813,0.00000000
7814,0.00000000
7815,0.00000000
7816,0.00000000
7817,0.00000000
7818,0.00000000
7819,0.00000000
7820,0.00000000
7821,0.00000000
7822,0.00000000
7823,0.00000000
7824,0.00000000
7825,0.00000000
7826,0.00000000
7827,0.00000000
7828,0.00000000
7829,0.00000000
7830,0.00000000
7831,0.00000000
7832,0.00000000
7833,0.00000000
7834,0.00000000
7835,0.00000000
7836,0.00000000
7837,0.00000000
7838,0.00000000
7839,0.00000000
7840,0.00000000
7841,0.00000000
7842,0.00000000
7843,0.00000000
7844,0.00000000
7845,0.00000000
7846,0.00000000
7847,0.00000000
7848,0.00000000
7849,0.00000000
7850,0.00000000
7851,0.00000000
7852,0.00000000
7853,0.00000000
7854,0.00000000
7855,0.00000000
7856,0.00000000
7857,0.00000000
7858,0.00000000
7859,0.00000000
7860,0.00000000
7861,0.00000000
7862,0.00000000
7863,0.00000000
7864,0.00000000
7865,0.00000000
7866,0.00000000
7867,0.00000000
7868,0.00000000
7869,0.00000000
7870,0.00000000
7871,0.00000000
7872,0.00000000
7873,0.00000000
7874,0.00000000
7875,0.00000000
7876,0.00000000
7877,0.00000000
7878,0.00000000
7879,0.00000000
7880,0.00000000
7881,0.00000000
7882,0.00000000
7883,0.00000000
7884,0.00000000
7885,0.00000000
7886,0.00000000
7887,0.00000000
7888,0.00000000
7889,0.00000000
7890,0.00000000
7891,0.00000000
7892,0.00000000
7893,0.00000000
7894,0.00000000
7895,0.00000000
7896,0.00000000
7897,0.00000000
7898,0.00000000
7899,0.00000000
7900,0.00000000
7901,0.00000000
7902,0.00000000
7903,0.00000000
7904,0.00000000
7905,0.00000000
7906,0.00000000
7907,0.00000000
7908,0.00000000
7909,0.00000000
7910,0.00000000
7911,0.00000000
7912,0.00000000
7913,0.00000000
7914,0.00000000
7915,0.00000000
7916,0.00000000
7917,0.00000000
7918,0.00000000
7919,0.00000000
7920,0.00000000
7921,0.00000000
7922,0.00000000
7923,0.00000000
7924,0.00000000
7925,0.00000000
7926,0.00000000
7927,0.00000000
7928,0.00000000
7929,0.00000000
7930,0.00000000
7931,0.00000000
7932,0.00000000
7933,0.00000000
7934,0.00000000
7935,0.00000000
7936,0.00000000
7937,0.00000000
7938,0.00000000
7939,0.00000000
7940,0.00000000
7941,0.00000000
7942,0.00000000
7943,0.00000000
7944,0.00000000
7945,0.00000000
7946,0.00000000
7947,0.00000000
7948,0.00000000
7949,0.00000000
7950,0.00000000
7951,0.00000000
7952,0.00000000
7953,0.00000000
7954,0.00000000
7955,0.00000000
7956,0.00000000
7957,0.00000000
7958,0.00000000
7959,0.00000000
7960,0.00000000
7961,0.00000000
7962,0.00000000
7963,0.00000000
7964,0.00000000
7965,0.00000000
7966,0.00000000
7967,0.00000000
7968,0.00000000
7969,0.00000000
7970,0.00000000
7971,0.00000000
7972,0.00000000
7973,0.00000000
7974,0.00000000
7975,0.00000000
7976,0.00000000
7977,0.00000000
7978,0.00000000
7979,0.00000000
7980,0.00000000
7981,0.00000000
7982,0.00000000
7983,0.00000000
7984,0.00000000
7985,0.00000000
7986,0.00000000
7987,0.00000000
7988,0.00000000
7989,0.00000000
7990,0.00000000
7991,0.00000000
7992,0.00000000
7993,0.00000000
7994,0.00000000
7995,0.00000000
7996,0.00000000
7997,0.00000000
7998,0.00000000
7999,0.00000000
8000,0.00000000
8001,0.00000000
8002,0.00000000
8003,0.00000000
8004,0.00000000
8005,0.00000000
8006,0.00000000
8007,0.00000000
8008,0.00000000
8009,0.00000000
8010,0.00000000
8011,0.00000000
8012,0.00000000
8013,0.00000000
8014,0.00000000
8015,0.00000000
8016,0.00000000
8017,0.00000000
8018,0.00000000
8019,0.00000000
8020,0.00000000
8021,0.00000000
8022,0.00000000
8023,0.00000000
8024,0.00000000
8025,0.00000000
8026,0.00000000
8027,0.00000000
8028,0.00000000
8029,0.00000000
8030,0.00000000
8031,0.00000000
8032,0.00000000
8033,0.00000000
8034,0.00000000
8035,0.00000000
8036,0.00000000
8037,0.00000000
8038,0.00000000
8039,0.00000000
8040,0.00000000
8041,0.00000000
8042,0.00000000
8043,0.00000000
8044,0.00000000
8045,0.00000000
8046,0.00000000
8047,0.00000000
8048,0.00000000
8049,0.00000000
8050,0.00000000
8051,0.00000000
8052,0.00000000
8053,0.00000000
8054,0.00000000
8055,0.00000000
8056,0.00000000
8057,0.00000000
8058,0.00000000
8059,0.00000000
8060,0.00000000
8061,0.00000000
8062,0.00000000
8063,0.00000000
8064,0.00000000
8065,0.00000000
8066,0.00000000
8067,0.00000000
8068,0.00000000
8069,0.00000000
8070,0.00000000
8071,0.00000000
8072,0.00000000
8073,0.00000000
8074,0.00000000
8075,0.00000000
8076,0.00000000
8077,0.00000000
8078,0.00000000
8079,0.00000000
8080,0.00000000
8081,0.00000000
8082,0.00000000
8083,0.00000000
8084,0.00000000
8085,0.00000000
8086,0.00000000
8087,0.00000000
8088,0.00000000
8089,0.00000000
8090,0.00000000
8091,0.00000000
8092,0.00000000
8093,0.00000000
8094,0.00000000
8095,0.00000000
8096,0.00000000
8097,0.00000000
8098,0.00000000
8099,0.00000000
8100,0.00000000
8101,0.00000000
8102,0.00000000
8103,0.00000000
8104,0.00000000
8105,0.00000000
8106,0.00000000
8107,0.00000000
8108,0.00000000
8109,0.00000000
8110,0.00000000
8111,0.00000000
8112,0.00000000
8113,0.00000000
8114,0.00000000
8115,0.00000000
8116,0.00000000
8117,0.00000000
8118,0.00000000
8119,0.00000000
8120,0.00000000
8121,0.00000000
8122,0.00000000
8123,0.00000000
8124,0.00000000
8125,0.00000000
8126,0.00000000
8127,0.00000000
8128,0.00000000
8129,0.00000000
8130,0.00000000
8131,0.00000000
8132,0.00000000
8133,0.00000000
8134,0.00000000
8135,0.00000000
8136,0.00000000
8137,0.00000000
8138,0.00000000
8139,0.00000000
8140,0.00000000
8141,0.00000000
8142,0.00000000
8143,0.00000000
8144,0.00000000
8145,0.00000000
8146,0.00000000
8147,0.00000000
8148,0.00000000
8149,0.00000000
8150,0.00000000
8151,0.00000000
8152,0.00000000
8153,0.00000000
8154,0.00000000
8155,0.00000000
8156,0.00000000
8157,0.00000000
8158,0.00000000
8159,0.00000000
8160,0.00000000
8161,0.00000000
8162,0.00000000
8163,0.00000000
8164,0.00000000
8165,0.00000000
8166,0.00000000
8167,0.00000000
8168,0.00000000
8169,0.00000000
8170,0.00000000
8171,0.00000000
8172,0.00000000
8173,0.00000000
8174,0.00000000
8175,0.00000000
8176,0.00000000
8177,0.00000000
8178,0.00000000
8179,0.00000000
8180,0.00000000
8181,0.00000000
8182,0.00000000
8183,0.00000000
8184,0.00000000
8185,0.00000000
8186,0.00000000
8187,0.00000000
8188,0.00000000
8189,0.00000000
8190,0.00000000
8191,0.00000000
8192,0.00000000
8193,0.00000000
8194,0.00000000
8195,0.00000000
8196,0.00000000
8197,0.00000000
8198,0.00000000
8199,0.00000000
8200,0.00000000
8201,0.00000000
8202,0.00000000
8203,0.00000000
8204,0.00000000
8205,0.00000000
8206,0.00000000
8207,0.00000000
8208,0.00000000
8209,0.00000000
8210,0.00000000
8211,0.00000000
8212,0.00000000
8213,0.00000000
8214,0.00000000
8215,0.00000000
8216,0.00000000
8217,0.00000000
8218,0.00000000
8219,0.00000000
8220,0.00000000
8221,0.00000000
8222,0.00000000
8223,0.00000000
8224,0.00000000
8225,0.00000000
8226,0.00000000
8227,0.00000000
8228,0.00000000
8229,0.00000000
8230,0.00000000
8231,0.00000000
8232,0.00000000
8233,0.00000000
8234,0.00000000
8235,0.00000000
8236,0.00000000
8237,0.00000000
8238,0.00000000
8239,0.00000000
8240,0.00000000
8241,0.00000000
8242,0.00000000
8243,0.00000000
8244,0.00000000
8245,0.00000000
8246,0.00000000
8247,0.00000000
8248,0.00000000
8249,0.00000000
8250,0.00000000
8251,0.00000000
8252,0.00000000
8253,0.00000000
8254,0.00000000
8255,0.00000000
8256,0.00000000
8257,0.00000000
8258,0.00000000
8259,0.00000000
8260,0.00000000
8261,0.00000000
8262,0.00000000
8263,0.00000000
8264,0.00000000
8265,0.00000000
8266,0.00000000
8267,0.00000000
8268,0.00000000
8269,0.00000000
8270,0.00000000
8271,0.00000000
8272,0.00000000
8273,0.00000000
8274,0.00000000
8275,0.00000000
8276,0.00000000
8277,0.00000000
8278,0.00000000
8279,0.00000000
8280,0.00000000
8281,0.00000000
8282,0.00000000
8283,0.00000000
8284,0.00000000
8285,0.00000000
8286,0.00000000
8287,0.00000000
8288,0.00000000
8289,0.00000000
8290,0.00000000
8291,0.00000000
8292,0.00000000
8293,0.00000000
8294,0.00000000
8295,0.00000000
8296,0.00000000
8297,0.00000000
8298,0.00000000
8299,0.00000000
8300,0.00000000
8301,0.00000000
8302,0.00000000
8303,0.00000000
8304,0.00000000
8305,0.00000000
8306,0.00000000
8307,0.00000000
8308,0.00000000
8309,0.00000000
8310,0.00000000
8311,0.00000000
8312,0.00000000
8313,0.00000000
8314,0.00000000
8315,0.00000000
8316,0.00000000
8317,0.00000000
8318,0.00000000
8319,0.00000000
8320,0.00000000
8321,0.00000000
8322,0.00000000
8323,0.00000000
8324,0.00000000
8325,0.00000000
8326,0.00000000
8327,0.00000000
8328,0.00000000
8329,0.00000000
8330,0.00000000
8331,0.00000000
8332,0.00000000
8333,0.00000000
8334,0.00000000
8335,0.00000000
8336,0.00000000
8337,0.00000000
8338,0.00000000
8339,0.00000000
8340,0.00000000
8341,0.00000000
8342,0.00000000
8343,0.00000000
8344,0.00000000
8345,0.00000000
8346,0.00000000
8347,0.00000000
8348,0.00000000
8349,0.00000000
8350,0.00000000
8351,0.00000000
8352,0.00000000
8353,0.00000000
8354,0.00000000
8355,0.00000000
8356,0.00000000
8357,0.00000000
8358,0.00000000
8359,0.00000000
8360,0.00000000
8361,0.00000000
8362,0.00000000
8363,0.00000000
8364,0.00000000
8365,0.00000000
8366,0.00000000
8367,0.00000000
8368,0.00000000
8369,0.00000000
8370,0.00000000
8371,0.00000000
8372,0.00000000
8373,0.00000000
8374,0.00000000
8375,0.00000000
8376,0.00000000
8377,0.00000000
8378,0.00000000
8379,0.00000000
8380,0.00000000
8381,0.00000000
8382,0.00000000
8383,0.00000000
8384,0.00000000
8385,0.00000000
8386,0.00000000
8387,0.00000000
8388,0.00000000
8389,0.00000000
8390,0.00000000
8391,0.00000000
8392,0.00000000
8393,0.00000000
8394,0.00000000
8395,0.00000000
8396,0.00000000
8397,0.00000000
8398,0.00000000
8399,0.00000000
8400,0.00000000
8401,0.00000000
8402,0.00000000
8403,0.00000000
8404,0.00000000
8405,0.00000000
8406,0.00000000
8407,0.00000000
8408,0.00000000
8409,0.00000000
8410,0.00000000
8411,0.00000000
8412,0.00000000
8413,0.00000000
8414,0.00000000
8415,0.00000000
8416,0.00000000
8417,0.00000000
8418,0.00000000
8419,0.00000000
8420,0.00000000
8421,0.00000000
8422,0.00000000
8423,0.00000000
8424,0.00000000
8425,0.00000000
8426,0.00000000
8427,0.00000000
8428,0.00000000
8429,0.00000000
8430,0.00000000
8431,0.00000000
8432,0.00000000
8433,0.00000000
8434,0.00000000
8435,0.00000000
8436,0.00000000
8437,0.00000000
8438,0.00000000
8439,0.00000000
8440,0.00000000
8441,0.00000000
8442,0.00000000
8443,0.00000000
8444,0.00000000
8445,0.00000000
8446,0.00000000
8447,0.00000000
8448,0.00000000
8449,0.00000000
8450,0.00000000
8451,0.00000000
8452,0.00000000
8453,0.00000000
8454,0.00000000
8455,0.00000000
8456,0.00000000
8457,0.00000000
8458,0.00000000
8459,0.00000000
8460,0.00000000
8461,0.00000000
8462,0.00000000
8463,0.00000000
8464,0.00000000
8465,0.00000000
8466,0.00000000
8467,0.00000000
8468,0.00000000
8469,0.00000000
8470,0.00000000
8471,0.00000000
8472,0.00000000
8473,0.00000000
8474,0.00000000
8475,0.00000000
8476,0.00000000
8477,0.00000000
8478,0.00000000
8479,0.00000000
8480,0.00000000
8481,0.00000000
8482,0.00000000
8483,0.00000000
8484,0.00000000
8485,0.00000000
8486,0.00000000
8487,0.00000000
8488,0.00000000
8489,0.00000000
8490,0.00000000
8491,0.00000000
8492,0.00000000
8493,0.00000000
8494,0.00000000
8495,0.00000000
8496,0.00000000
8497,0.00000000
8498,0.00000000
8499,0.00000000
8500,0.00000000
8501,0.00000000
8502,0.00000000
8503,0.00000000
8504,0.00000000
8505,0.00000000
8506,0.00000000
8507,0.00000000
8508,0.00000000
8509,0.00000000
8510,0.00000000
8511,0.00000000
8512,0.00000000
8513,0.00000000
8514,0.00000000
8515,0.00000000
8516,0.00000000
8517,0.00000000
8518,0.00000000
8519,0.00000000
8520,0.00000000
8521,0.00000000
8522,0.00000000
8523,0.00000000
8524,0.00000000
8525,0.00000000
8526,0.00000000
8527,0.00000000
8528,0.00000000
8529,0.00000000
8530,0.00000000
8531,0.00000000
8532,0.00000000
8533,0.00000000
8534,0.00000000
8535,0.00000000
8536,0.00000000
8537,0.00000000
8538,0.00000000
8539,0.00000000
8540,0.00000000
8541,0.00000000
8542,0.00000000
8543,0.00000000
8544,0.00000000
8545,0.00000000
8546,0.00000000
8547,0.00000000
8548,0.00000000
8549,0.00000000
8550,0.00000000
8551,0.00000000
8552,0.00000000
8553,0.00000000
8554,0.00000000
8555,0.00000000
8556,0.00000000
8557,0.00000000
8558,0.00000000
8559,0.00000000
8560,0.00000000
8561,0.00000000
8562,0.00000000
8563,0.00000000
8564,0.00000000
8565,0.00000000
8566,0.00000000
8567,0.00000000
8568,0.00000000
8569,0.00000000
8570,0.00000000
8571,0.00000000
8572,0.00000000
8573,0.00000000
8574,0.00000000
8575,0.00000000
8576,0.00000000
8577,0.00000000
8578,0.00000000
8579,0.00000000
8580,0.00000000
8581,0.00000000
8582,0.00000000
8583,0.00000000
8584,0.00000000
8585,0.00000000
8586,0.00000000
8587,0.00000000
8588,0.00000000
8589,0.00000000
8590,0.00000000
8591,0.00000000
8592,0.00000000
8593,0.00000000
8594,0.00000000
8595,0.00000000
8596,0.00000000
8597,0.00000000
8598,0.00000000
8599,0.00000000
8600,0.00000000
8601,0.00000000
8602,0.00000000
8603,0.00000000
8604,0.00000000
8605,0.00000000
8606,0.00000000
8607,0.00000000
8608,0.00000000
8609,0.00000000
8610,0.00000000
8611,0.00000000
8612,0.00000000
8613,0.00000000
8614,0.00000000
8615,0.00000000
8616,0.00000000
8617,0.00000000
8618,0.00000000
8619,0.00000000
8620,0.00000000
8621,0.00000000
8622,0.00000000
8623,0.00000000
8624,0.00000000
8625,0.00000000
8626,0.00000000
8627,0.00000000
8628,0.00000000
8629,0.00000000
8630,0.00000000
8631,0.00000000
8632,0.00000000
8633,0.00000000
8634,0.00000000
8635,0.00000000
8636,0.00000000
8637,0.00000000
8638,0.00000000
8639,0.00000000
8640,0.00000000
8641,0.00000000
8642,0.00000000
8643,0.00000000
8644,0.00000000
8645,0.00000000
8646,0.00000000
8647,0.00000000
8648,0.00000000
8649,0.00000000
8650,0.00000000
8651,0.00000000
8652,0.00000000
8653,0.00000000
8654,0.00000000
8655,0.00000000
8656,0.00000000
8657,0.00000000
8658,0.00000000
8659,0.00000000
8660,0.00000000
8661,0.00000000
8662,0.00000000
8663,0.00000000
8664,0.00000000
8665,0.00000000
8666,0.00000000
8667,0.00000000
8668,0.00000000
8669,0.00000000
8670,0.00000000
8671,0.00000000
8672,0.00000000
8673,0.00000000
8674,0.00000000
8675,0.00000000
8676,0.00000000
8677,0.00000000
8678,0.00000000
8679,0.00000000
8680,0.00000000
8681,0.00000000
8682,0.00000000
8683,0.00000000
8684,0.00000000
8685,0.00000000
8686,0.00000000
8687,0.00000000
8688,0.00000000
8689,0.00000000
8690,0.00000000
8691,0.00000000
8692,0.00000000
8693,0.00000000
8694,0.00000000
8695,0.00000000
8696,0.00000000
8697,0.00000000
8698,0.00000000
8699,0.00000000
8700,0.00000000
8701,0.00000000
8702,0.00000000
8703,0.00000000
8704,0.00000000
8705,0.00000000
8706,0.00000000
8707,0.00000000
8708,0.00000000
8709,0.00000000
8710,0.00000000
8711,0.00000000
8712,0.00000000
8713,0.00000000
8714,0.00000000
8715,0.00000000
8716,0.00000000
8717,0.00000000
8718,0.00000000
8719,0.00000000
8720,0.00000000
8721,0.00000000
8722,0.00000000
8723,0.00000000
8724,0.00000000
8725,0.00000000
8726,0.00000000
8727,0.00000000
8728,0.00000000
8729,0.00000000
8730,0.00000000
8731,0.00000000
8732,0.00000000
8733,0.00000000
8734,0.00000000
8735,0.00000000
8736,0.00000000
8737,0.00000000
8738,0.00000000
8739,0.00000000
8740,0.00000000
8741,0.00000000
8742,0.00000000
8743,0.00000000
8744,0.00000000
8745,0.00000000
8746,0.00000000
8747,0.00000000
8748,0.00000000
8749,0.00000000
8750,0.00000000
8751,0.00000000
8752,0.00000000
8753,0.00000000
8754,0.00000000
8755,0.00000000
8756,0.00000000
8757,0.00000000
8758,0.00000000
8759,0.00000000
8760,0.00000000
8761,0.00000000
8762,0.00000000
8763,0.00000000
8764,0.00000000
8765,0.00000000
8766,0.00000000
8767,0.00000000
8768,0.00000000
8769,0.00000000
8770,0.00000000
8771,0.00000000
8772,0.00000000
8773,0.00000000
8774,0.00000000
8775,0.00000000
8776,0.00000000
8777,0.00000000
8778,0.00000000
8779,0.00000000
8780,0.00000000
8781,0.00000000
8782,0.00000000
8783,0.00000000
8784,0.00000000
8785,0.00000000
8786,0.00000000
8787,0.00000000
8788,0.00000000
8789,0.00000000
8790,0.00000000
8791,0.00000000
8792,0.00000000
8793,0.00000000
8794,0.00000000
8795,0.00000000
8796,0.00000000
8797,0.00000000
8798,0.00000000
8799,0.00000000
8800,0.00000000
8801,0.00000000
8802,0.00000000
8803,0.00000000
8804,0.00000000
8805,0.00000000
8806,0.00000000
8807,0.00000000
8808,0.00000000
8809,0.00000000
8810,0.00000000
8811,0.00000000
8812,0.00000000
8813,0.00000000
8814,0.00000000
8815,0.00000000
8816,0.00000000
8817,0.00000000
8818,0.00000000
8819,0.00000000
8820,0.00000000
8821,0.00000000
8822,0.00000000
8823,0.00000000
8824,0.00000000
8825,0.00000000
8826,0.00000000
8827,0.00000000
8828,0.00000000
8829,0.00000000
8830,0.00000000
8831,0.00000000
8832,0.00000000
8833,0.00000000
8834,0.00000000
8835,0.00000000
8836,0.00000000
8837,0.00000000
8838,0.00000000
8839,0.00000000
8840,0.00000000
8841,0.00000000
8842,0.00000000
8843,0.00000000
8844,0.00000000
8845,0.00000000
8846,0.00000000
8847,0.00000000
8848,0.00000000
8849,0.00000000
8850,0.00000000
8851,0.00000000
8852,0.00000000
8853,0.00000000
8854,0.00000000
8855,0.00000000
8856,0.00000000
8857,0.00000000
8858,0.00000000
8859,0.00000000
8860,0.00000000
8861,0.00000000
8862,0.00000000
8863,0.00000000
8864,0.00000000
8865,0.00000000
8866,0.00000000
8867,0.00000000
8868,0.00000000
8869,0.00000000
8870,0.00000000
8871,0.00000000
8872,0.00000000
8873,0.00000000
8874,0.00000000
8875,0.00000000
8876,0.00000000
8877,0.00000000
8878,0.00000000
8879,0.00000000
8880,0.00000000
8881,0.00000000
8882,0.00000000
8883,0.00000000
8884,0.00000000
8885,0.00000000
8886,0.00000000
8887,0.00000000
8888,0.00000000
8889,0.00000000
8890,0.00000000
8891,0.00000000
8892,0.00000000
8893,0.00000000
8894,0.00000000
8895,0.00000000
8896,0.00000000
8897,0.00000000
8898,0.00000000
8899,0.00000000
8900,0.00000000
8901,0.00000000
8902,0.00000000
8903,0.00000000
8904,0.00000000
8905,0.00000000
8906,0.00000000
8907,0.00000000
8908,0.00000000
8909,0.00000000
8910,0.00000000
8911,0.00000000
8912,0.00000000
8913,0.00000000
8914,0.00000000
8915,0.00000000
8916,0.00000000
8917,0.00000000
8918,0.00000000
8919,0.00000000
8920,0.00000000
8921,0.00000000
8922,0.00000000
8923,0.00000000
8924,0.00000000
8925,0.00000000
8926,0.00000000
8927,0.00000000
8928,0.00000000
8929,0.00000000
8930,0.00000000
8931,0.00000000
8932,0.00000000
8933,0.00000000
8934,0.00000000
8935,0.00000000
8936,0.00000000
8937,0.00000000
8938,0.00000000
8939,0.00000000
8940,0.00000000
8941,0.00000000
8942,0.00000000
8943,0.00000000
8944,0.00000000
8945,0.00000000
8946,0.00000000
8947,0.00000000
8948,0.00000000
8949,0.00000000
8950,0.00000000
8951,0.00000000
8952,0.00000000
8953,0.00000000
8954,0.00000000
8955,0.00000000
8956,0.00000000
8957,0.00000000
8958,0.00000000
8959,0.00000000
8960,0.00000000
8961,0.00000000
8962,0.00000000
8963,0.00000000
8964,0.00000000
8965,0.00000000
8966,0.00000000
8967,0.00000000
8968,0.00000000
8969,0.00000000
8970,0.00000000
8971,0.00000000
8972,0.00000000
8973,0.00000000
8974,0.00000000
8975,0.00000000
8976,0.00000000
8977,0.00000000
8978,0.00000000
8979,0.00000000
8980,0.00000000
8981,0.00000000
8982,0.00000000
8983,0.00000000
8984,0.00000000
8985,0.00000000
8986,0.00000000
8987,0.00000000
8988,0.00000000
8989,0.00000000
8990,0.00000000
8991,0.00000000
8992,0.00000000
8993,0.00000000
8994,0.00000000
8995,0.00000000
8996,0.00000000
8997,0.00000000
8998,0.00000000
8999,0.00000000
9000,0.00000000
9001,0.00000000
9002,0.00000000
9003,0.00000000
9004,0.00000000
9005,0.00000000
9006,0.00000000
9007,0.00000000
9008,0.00000000
9009,0.00000000
9010,0.00000000
9011,0.00000000
9012,0.00000000
9013,0.00000000
9014,0.00000000
9015,0.00000000
9016,0.00000000
9017,0.00000000
9018,0.00000000
9019,0.00000000
9020,0.00000000
9021,0.00000000
9022,0.00000000
9023,0.00000000
9024,0.00000000
9025,0.00000000
9026,0.00000000
9027,0.00000000
9028,0.00000000
9029,0.00000000
9030,0.00000000
9031,0.00000000
9032,0.00000000
9033,0.00000000
9034,0.00000000
9035,0.00000000
9036,0.00000000
9037,0.00000000
9038,0.00000000
9039,0.00000000
9040,0.00000000
9041,0.00000000
9042,0.00000000
9043,0.00000000
9044,0.00000000
9045,0.00000000
9046,0.00000000
9047,0.00000000
9048,0.00000000
9049,0.00000000
9050,0.00000000
9051,0.00000000
9052,0.00000000
9053,0.00000000
9054,0.00000000
9055,0.00000000
9056,0.00000000
9057,0.00000000
9058,0.00000000
9059,0.00000000
9060,0.00000000
9061,0.00000000
9062,0.00000000
9063,0.00000000
9064,0.00000000
9065,0.00000000
9066,0.00000000
9067,0.00000000
9068,0.00000000
9069,0.00000000
9070,0.00000000
9071,0.00000000
9072,0.00000000
9073,0.00000000
9074,0.00000000
9075,0.00000000
9076,0.00000000
9077,0.00000000
9078,0.00000000
9079,0.00000000
9080,0.00000000
9081,0.00000000
9082,0.00000000
9083,0.00000000
9084,0.00000000
9085,0.00000000
9086,0.00000000
9087,0.00000000
9088,0.00000000
9089,0.00000000
9090,0.00000000
9091,0.00000000
9092,0.00000000
9093,0.00000000
9094,0.00000000
9095,0.00000000
9096,0.00000000
9097,0.00000000
9098,0.00000000
9099,0.00000000
9100,0.00000000
9101,0.00000000
9102,0.00000000
9103,0.00000000
9104,0.00000000
9105,0.00000000
9106,0.00000000
9107,0.00000000
9108,0.00000000
9109,0.00000000
9110,0.00000000
9111,0.00000000
9112,0.00000000
9113,0.00000000
9114,0.00000000
9115,0.00000000
9116,0.00000000
9117,0.00000000
9118,0.00000000
9119,0.00000000
9120,0.00000000
9121,0.00000000
9122,0.00000000
9123,0.00000000
9124,0.00000000
9125,0.00000000
9126,0.00000000
9127,0.00000000
9128,0.00000000
9129,0.00000000
9130,0.00000000
9131,0.00000000
9132,0.00000000
9133,0.00000000
9134,0.00000000
9135,0.00000000
9136,0.00000000
9137,0.00000000
9138,0.00000000
9139,0.00000000
9140,0.00000000
9141,0.00000000
9142,0.00000000
9143,0.00000000
9144,0.00000000
9145,0.00000000
9146,0.00000000
9147,0.00000000
9148,0.00000000
9149,0.00000000
9150,0.00000000
9151,0.00000000
9152,0.00000000
9153,0.00000000
9154,0.00000000
9155,0.00000000
9156,0.00000000
9157,0.00000000
9158,0.00000000
9159,0.00000000
9160,0.00000000
9161,0.00000000
9162,0.00000000
9163,0.00000000
9164,0.00000000
9165,0.00000000
9166,0.00000000
9167,0.00000000
9168,0.00000000
9169,0.00000000
9170,0.00000000
9171,0.00000000
9172,0.00000000
9173,0.00000000
9174,0.00000000
9175,0.00000000
9176,0.00000000
9177,0.00000000
9178,0.00000000
9179,0.00000000
9180,0.00000000
9181,0.00000000
9182,0.00000000
9183,0.00000000
9184,0.00000000
9185,0.00000000
9186,0.00000000
9187,0.00000000
9188,0.00000000
9189,0.00000000
9190,0.00000000
9191,0.00000000
9192,0.00000000
9193,0.00000000
9194,0.00000000
9195,0.00000000
9196,0.00000000
9197,0.00000000
9198,0.00000000
9199,0.00000000
9200,0.00000000
9201,0.00000000
9202,0.00000000
9203,0.00000000
9204,0.00000000
9205,0.00000000
9206,0.00000000
9207,0.00000000
9208,0.00000000
9209,0.00000000
9210,0.00000000
9211,0.00000000
9212,0.00000000
9213,0.00000000
9214,0.00000000
9215,0.00000000
9216,0.00000000
9217,0.00000000
9218,0.00000000
9219,0.00000000
9220,0.00000000
9221,0.00000000
9222,0.00000000
9223,0.00000000
9224,0.00000000
9225,0.00000000
9226,0.00000000
9227,0.00000000
9228,0.00000000
9229,0.00000000
9230,0.00000000
9231,0.00000000
9232,0.00000000
9233,0.00000000
9234,0.00000000
9235,0.00000000
9236,0.00000000
9237,0.00000000
9238,0.00000000
9239,0.00000000
9240,0.00000000
9241,0.00000000
9242,0.00000000
9243,0.00000000
9244,0.00000000
9245,0.00000000
9246,0.00000000
9247,0.00000000
9248,0.00000000
9249,0.00000000
9250,0.00000000
9251,0.00000000
9252,0.00000000
9253,0.00000000
9254,0.00000000
9255,0.00000000
9256,0.00000000
9257,0.00000000
9258,0.00000000
9259,0.00000000
9260,0.00000000
9261,0.00000000
9262,0.00000000
9263,0.00000000
9264,0.00000000
9265,0.00000000
9266,0.00000000
9267,0.00000000
9268,0.00000000
9269,0.00000000
9270,0.00000000
9271,0.00000000
9272,0.00000000
9273,0.00000000
9274,0.00000000
9275,0.00000000
9276,0.00000000
9277,0.00000000
9278,0.00000000
9279,0.00000000
9280,0.00000000
9281,0.00000000
9282,0.00000000
9283,0.00000000
9284,0.00000000
9285,0.00000000
9286,0.00000000
9287,0.00000000
9288,0.00000000
9289,0.00000000
9290,0.00000000
9291,0.00000000
9292,0.00000000
9293,0.00000000
9294,0.00000000
9295,0.00000000
9296,0.00000000
9297,0.00000000
9298,0.00000000
9299,0.00000000
9300,0.00000000
9301,0.00000000
9302,0.00000000
9303,0.00000000
9304,0.00000000
9305,0.00000000
9306,0.00000000
9307,0.00000000
9308,0.00000000
9309,0.00000000
9310,0.00000000
9311,0.00000000
9312,0.00000000
9313,0.00000000
9314,0.00000000
9315,0.00000000
9316,0.00000000
9317,0.00000000
9318,0.00000000
9319,0.00000000
9320,0.00000000
9321,0.00000000
9322,0.00000000
9323,0.00000000
9324,0.00000000
9325,0.00000000
9326,0.00000000
9327,0.00000000
9328,0.00000000
9329,0.00000000
9330,0.00000000
9331,0.00000000
9332,0.00000000
9333,0.00000000
9334,0.00000000
9335,0.00000000
9336,0.00000000
9337,0.00000000
9338,0.00000000
9339,0.00000000
9340,0.00000000
9341,0.00000000
9342,0.00000000
9343,0.00000000
9344,0.00000000
9345,0.00000000
9346,0.00000000
9347,0.00000000
9348,0.00000000
9349,0.00000000
9350,0.00000000
9351,0.00000000
9352,0.00000000
9353,0.00000000
9354,0.00000000
9355,0.00000000
9356,0.00000000
9357,0.00000000
9358,0.00000000
9359,0.00000000
9360,0.00000000
9361,0.00000000
9362,0.00000000
9363,0.00000000
9364,0.00000000
9365,0.00000000
9366,0.00000000
9367,0.00000000
9368,0.00000000
9369,0.00000000
9370,0.00000000
9371,0.00000000
9372,0.00000000
9373,0.00000000
9374,0.00000000
9375,0.00000000
9376,0.00000000
9377,0.00000000
9378,0.00000000
9379,0.00000000
9380,0.00000000
9381,0.00000000
9382,0.00000000
9383,0.00000000
9384,0.00000000
9385,0.00000000
9386,0.00000000
9387,0.00000000
9388,0.00000000
9389,0.00000000
9390,0.00000000
9391,0.00000000
9392,0.00000000
9393,0.00000000
9394,0.00000000
9395,0.00000000
9396,0.00000000
9397,0.00000000
9398,0.00000000
9399,0.00000000
9400,0.00000000
9401,0.00000000
9402,0.00000000
9403,0.00000000
9404,0.00000000
9405,0.00000000
9406,0.00000000
9407,0.00000000
9408,0.00000000
9409,0.00000000
9410,0.00000000
9411,0.00000000
9412,0.00000000
9413,0.00000000
9414,0.00000000
9415,0.00000000
9416,0.00000000
9417,0.00000000
9418,0.00000000
9419,0.00000000
9420,0.00000000
9421,0.00000000
9422,0.00000000
9423,0.00000000
9424,0.00000000
9425,0.00000000
9426,0.00000000
9427,0.00000000
9428,0.00000000
9429,0.00000000
9430,0.00000000
9431,0.00000000
9432,0.00000000
9433,0.00000000
9434,0.00000000
9435,0.00000000
9436,0.00000000
9437,0.00000000
9438,0.00000000
9439,0.00000000
9440,0.00000000
9441,0.00000000
9442,0.00000000
9443,0.00000000
9444,0.00000000
9445,0.00000000
9446,0.00000000
9447,0.00000000
9448,0.00000000
9449,0.00000000
9450,0.00000000
9451,0.00000000
9452,0.00000000
9453,0.00000000
9454,0.00000000
9455,0.00000000
9456,0.00000000
9457,0.00000000
9458,0.00000000
9459,0.00000000
9460,0.00000000
9461,0.00000000
9462,0.00000000
9463,0.00000000
9464,0.00000000
9465,0.00000000
9466,0.00000000
9467,0.00000000
9468,0.00000000
9469,0.00000000
9470,0.00000000
9471,0.00000000
9472,0.00000000
9473,0.00000000
9474,0.00000000
9475,0.00000000
9476,0.00000000
9477,0.00000000
9478,0.00000000
9479,0.00000000
9480,0.00000000
9481,0.00000000
9482,0.00000000
9483,0.00000000
9484,0.00000000
9485,0.00000000
9486,0.00000000
9487,0.00000000
9488,0.00000000
9489,0.00000000
9490,0.00000000
9491,0.00000000
9492,0.00000000
9493,0.00000000
9494,0.00000000
9495,0.00000000
9496,0.00000000
9497,0.00000000
9498,0.00000000
9499,0.00000000
9500,0.00000000
9501,0.00000000
9502,0.00000000
9503,0.00000000
9504,0.00000000
9505,0.00000000
9506,0.00000000
9507,0.00000000
9508,0.00000000
9509,0.00000000
9510,0.00000000
9511,0.00000000
9512,0.00000000
9513,0.00000000
9514,0.00000000
9515,0.00000000
9516,0.00000000
9517,0.00000000
9518,0.00000000
9519,0.00000000
9520,0.00000000
9521,0.00000000
9522,0.00000000
9523,0.00000000
9524,0.00000000
9525,0.00000000
9526,0.00000000
9527,0.00000000
9528,0.00000000
9529,0.00000000
9530,0.00000000
9531,0.00000000
9532,0.00000000
9533,0.00000000
9534,0.00000000
9535,0.00000000
9536,0.00000000
9537,0.00000000
9538,0.00000000
9539,0.00000000
9540,0.00000000
9541,0.00000000
9542,0.00000000
9543,0.00000000
9544,0.00000000
9545,0.00000000
9546,0.00000000
9547,0.00000000
9548,0.00000000
9549,0.00000000
9550,0.00000000
9551,0.00000000
9552,0.00000000
9553,0.00000000
9554,0.00000000
9555,0.00000000
9556,0.00000000
9557,0.00000000
9558,0.00000000
9559,0.00000000
9560,0.00000000
9561,0.00000000
9562,0.00000000
9563,0.00000000
9564,0.00000000
9565,0.00000000
9566,0.00000000
9567,0.00000000
9568,0.00000000
9569,0.00000000
9570,0.00000000
9571,0.00000000
9572,0.00000000
9573,0.00000000
9574,0.00000000
9575,0.00000000
9576,0.00000000
9577,0.00000000
9578,0.00000000
9579,0.00000000
9580,0.00000000
9581,0.00000000
9582,0.00000000
9583,0.00000000
9584,0.00000000
9585,0.00000000
9586,0.00000000
9587,0.00000000
9588,0.00000000
9589,0.00000000
9590,0.00000000
9591,0.00000000
9592,0.00000000
9593,0.00000000
9594,0.00000000
9595,0.00000000
9596,0.00000000
9597,0.00000000
9598,0.00000000
9599,0.00000000
9600,0.00000000
9601,0.00000000
9602,0.00000000
9603,0.00000000
9604,0.00000000
9605,0.00000000
9606,0.00000000
9607,0.00000000
9608,0.00000000
9609,0.00000000
9610,0.00000000
9611,0.00000000
9612,0.00000000
9613,0.00000000
9614,0.00000000
9615,0.00000000
9616,0.00000000
9617,0.00000000
9618,0.00000000
9619,0.00000000
9620,0.00000000
9621,0.00000000
9622,0.00000000
9623,0.00000000
9624,0.00000000
9625,0.00000000
9626,0.00000000
9627,0.00000000
9628,0.00000000
9629,0.00000000
9630,0.00000000
9631,0.00000000
9632,0.00000000
9633,0.00000000
9634,0.00000000
9635,0.00000000
9636,0.00000000
9637,0.00000000
9638,0.00000000
9639,0.00000000
9640,0.00000000
9641,0.00000000
9642,0.00000000
9643,0.00000000
9644,0.00000000
9645,0.00000000
9646,0.00000000
9647,0.00000000
9648,0.00000000
9649,0.00000000
9650,0.00000000
9651,0.00000000
9652,0.00000000
9653,0.00000000
9654,0.00000000
9655,0.00000000
9656,0.00000000
9657,0.00000000
9658,0.00000000
9659,0.00000000
9660,0.00000000
9661,0.00000000
9662,0.00000000
9663,0.00000000
9664,0.00000000
9665,0.00000000
9666,0.00000000
9667,0.00000000
9668,0.00000000
9669,0.00000000
9670,0.00000000
9671,0.00000000
9672,0.00000000
9673,0.00000000
9674,0.00000000
9675,0.00000000
9676,0.00000000
9677,0.00000000
9678,0.00000000
9679,0.00000000
9680,0.00000000
9681,0.00000000
9682,0.00000000
9683,0.00000000
9684,0.00000000
9685,0.00000000
9686,0.00000000
9687,0.00000000
9688,0.00000000
9689,0.00000000
9690,0.00000000
9691,0.00000000
9692,0.00000000
9693,0.00000000
9694,0.00000000
9695,0.00000000
9696,0.00000000
9697,0.00000000
9698,0.00000000
9699,0.00000000
9700,0.00000000
9701,0.00000000
9702,0.00000000
9703,0.00000000
9704,0.00000000
9705,0.00000000
9706,0.00000000
9707,0.00000000
9708,0.00000000
9709,0.00000000
9710,0.00000000
9711,0.00000000
9712,0.00000000
9713,0.00000000
9714,0.00000000
9715,0.00000000
9716,0.00000000
9717,0.00000000
9718,0.00000000
9719,0.00000000
9720,0.00000000
9721,0.00000000
9722,0.00000000
9723,0.00000000
9724,0.00000000
9725,0.00000000
9726,0.00000000
9727,0.00000000
9728,0.00000000
9729,0.00000000
9730,0.00000000
9731,0.00000000
9732,0.00000000
9733,0.00000000
9734,0.00000000
9735,0.00000000
9736,0.00000000
9737,0.00000000
9738,0.00000000
9739,0.00000000
9740,0.00000000
9741,0.00000000
9742,0.00000000
9743,0.00000000
9744,0.00000000
9745,0.00000000
9746,0.00000000
9747,0.00000000
9748,0.00000000
9749,0.00000000
9750,0.00000000
9751,0.00000000
9752,0.00000000
9753,0.00000000
9754,0.00000000
9755,0.00000000
9756,0.00000000
9757,0.00000000
9758,0.00000000
9759,0.00000000
9760,0.00000000
9761,0.00000000
9762,0.00000000
9763,0.00000000
9764,0.00000000
9765,0.00000000
9766,0.00000000
9767,0.00000000
9768,0.00000000
9769,0.00000000
9770,0.00000000
9771,0.00000000
9772,0.00000000
9773,0.00000000
9774,0.00000000
9775,0.00000000
9776,0.00000000
9777,0.00000000
9778,0.00000000
9779,0.00000000
9780,0.00000000
9781,0.00000000
9782,0.00000000
9783,0.00000000
9784,0.00000000
9785,0.00000000
9786,0.00000000
9787,0.00000000
9788,0.00000000
9789,0.00000000
9790,0.00000000
9791,0.00000000
9792,0.00000000
9793,0.00000000
9794,0.00000000
9795,0.00000000
9796,0.00000000
9797,0.00000000
9798,0.00000000
9799,0.00000000
9800,0.00000000
9801,0.00000000
9802,0.00000000
9803,0.00000000
9804,0.00000000
9805,0.00000000
9806,0.00000000
9807,0.00000000
9808,0.00000000
9809,0.00000000
9810,0.00000000
9811,0.00000000
9812,0.00000000
9813,0.00000000
9814,0.00000000
9815,0.00000000
9816,0.00000000
9817,0.00000000
9818,0.00000000
9819,0.00000000
9820,0.00000000
9821,0.00000000
9822,0.00000000
9823,0.00000000
9824,0.00000000
9825,0.00000000
9826,0.00000000
9827,0.00000000
9828,0.00000000
9829,0.00000000
9830,0.00000000
9831,0.00000000
9832,0.00000000
9833,0.00000000
9834,0.00000000
9835,0.00000000
9836,0.00000000
9837,0.00000000
9838,0.00000000
9839,0.00000000
9840,0.00000000
9841,0.00000000
9842,0.00000000
9843,0.00000000
9844,0.00000000
9845,0.00000000
9846,0.00000000
9847,0.00000000
9848,0.00000000
9849,0.00000000
9850,0.00000000
9851,0.00000000
9852,0.00000000
9853,0.00000000
9854,0.00000000
9855,0.00000000
9856,0.00000000
9857,0.00000000
9858,0.00000000
9859,0.00000000
9860,0.00000000
9861,0.00000000
9862,0.00000000
9863,0.00000000
9864,0.00000000
9865,0.00000000
9866,0.00000000
9867,0.00000000
9868,0.00000000
9869,0.00000000
9870,0.00000000
9871,0.00000000
9872,0.00000000
9873,0.00000000
9874,0.00000000
9875,0.00000000
9876,0.00000000
9877,0.00000000
9878,0.00000000
9879,0.00000000
9880,0.00000000
9881,0.00000000
9882,0.00000000
9883,0.00000000
9884,0.00000000
9885,0.00000000
9886,0.00000000
9887,0.00000000
9888,0.00000000
9889,0.00000000
9890,0.00000000
9891,0.00000000
9892,0.00000000
9893,0.00000000
9894,0.00000000
9895,0.00000000
9896,0.00000000
9897,0.00000000
9898,0.00000000
9899,0.00000000
9900,0.00000000
9901,0.00000000
9902,0.00000000
9903,0.00000000
9904,0.00000000
9905,0.00000000
9906,0.00000000
9907,0.00000000
9908,0.00000000
9909,0.00000000
9910,0.00000000
9911,0.00000000
9912,0.00000000
9913,0.00000000
9914,0.00000000
9915,0.00000000
9916,0.00000000
9917,0.00000000
9918,0.00000000
9919,0.00000000
9920,0.00000000
9921,0.00000000
9922,0.00000000
9923,0.00000000
9924,0.00000000
9925,0.00000000
9926,0.00000000
9927,0.00000000
9928,0.00000000
9929,0.00000000
9930,0.00000000
9931,0.00000000
9932,0.00000000
9933,0.00000000
9934,0.00000000
9935,0.00000000
9936,0.00000000
9937,0.00000000
9938,0.00000000
9939,0.00000000
9940,0.00000000
9941,0.00000000
9942,0.00000000
9943,0.00000000
9944,0.00000000
9945,0.00000000
9946,0.00000000
9947,0.00000000
9948,0.00000000
9949,0.00000000
9950,0.00000000
9951,0.00000000
9952,0.00000000
9953,0.00000000
9954,0.00000000
9955,0.00000000
9956,0.00000000
9957,0.00000000
9958,0.00000000
9959,0.00000000
9960,0.00000000
9961,0.00000000
9962,0.00000000
9963,0.00000000
9964,0.00000000
9965,0.00000000
9966,0.00000000
9967,0.00000000
9968,0.00000000
9969,0.00000000
9970,0.00000000
9971,0.00000000
9972,0.00000000
9973,0.00000000
9974,0.00000000
9975,0.00000000
9976,0.00000000
9977,0.00000000
9978,0.00000000
9979,0.00000000
9980,0.00000000
9981,0.00000000
9982,0.00000000
9983,0.00000000
9984,0.00000000
9985,0.00000000
9986,0.00000000
9987,0.00000000
9988,0.00000000
9989,0.00000000
9990,0.00000000
9991,0.00000000
9992,0.00000000
9993,0.00000000
9994,0.00000000
9995,0.00000000
9996,0.00000000
9997,0.00000000
9998,0.00000000
9999,0.00000000
10000,0.00000000
10001,0.00000000
10002,0.00000000
10003,0.00000000
10004,0.00000000
10005,0.00000000
10006,0.00000000
10007,0.00000000
10008,0.00000000
10009,0.00000000
10010,0.00000000
10011,0.00000000
10012,0.00000000
10013,0.00000000
10014,0.00000000
10015,0.00000000
10016,0.00000000
10017,0.00000000
10018,0.00000000
10019,0.00000000
10020,0.00000000
10021,0.00000000
10022,0.00000000
10023,0.00000000
10024,0.00000000
10025,0.00000000
10026,0.00000000
10027,0.00000000
10028,0.00000000
10029,0.00000000
10030,0.00000000
10031,0.00000000
10032,0.00000000
10033,0.00000000
10034,0.00000000
10035,0.00000000
10036,0.00000000
10037,0.00000000
10038,0.00000000
10039,0.00000000
10040,0.00000000
10041,0.00000000
10042,0.00000000
10043,0.00000000
10044,0.00000000
10045,0.00000000
10046,0.00000000
10047,0.00000000
10048,0.00000000
10049,0.00000000
10050,0.00000000
10051,0.00000000
10052,0.00000000
10053,0.00000000
10054,0.00000000
10055,0.00000000
10056,0.00000000
10057,0.00000000
10058,0.00000000
10059,0.00000000
10060,0.00000000
10061,0.00000000
10062,0.00000000
10063,0.00000000
10064,0.00000000
10065,0.00000000
10066,0.00000000
10067,0.00000000
10068,0.00000000
10069,0.00000000
10070,0.00000000
10071,0.00000000
10072,0.00000000
10073,0.00000000
10074,0.00000000
10075,0.00000000
10076,0.00000000
10077,0.00000000
10078,0.00000000
10079,0.00000000
10080,0.00000000
10081,0.00000000
10082,0.00000000
10083,0.00000000
10084,0.00000000
10085,0.00000000
10086,0.00000000
10087,0.00000000
10088,0.00000000
10089,0.00000000
10090,0.00000000
10091,0.00000000
10092,0.00000000
10093,0.00000000
10094,0.00000000
10095,0.00000000
10096,0.00000000
10097,0.00000000
10098,0.00000000
10099,0.00000000
10100,0.00000000
10101,0.00000000
10102,0.00000000
10103,0.00000000
10104,0.00000000
10105,0.00000000
10106,0.00000000
10107,0.00000000
10108,0.00000000
10109,0.00000000
10110,0.00000000
10111,0.00000000
10112,0.00000000
10113,0.00000000
10114,0.00000000
10115,0.00000000
10116,0.00000000
10117,0.00000000
10118,0.00000000
10119,0.00000000
10120,0.00000000
10121,0.00000000
10122,0.00000000
10123,0.00000000
10124,0.00000000
10125,0.00000000
10126,0.00000000
10127,0.00000000
10128,0.00000000
10129,0.00000000
10130,0.00000000
10131,0.00000000
10132,0.00000000
10133,0.00000000
10134,0.00000000
10135,0.00000000
10136,0.00000000
10137,0.00000000
10138,0.00000000
10139,0.00000000
10140,0.00000000
10141,0.00000000
10142,0.00000000
10143,0.00000000
10144,0.00000000
10145,0.00000000
10146,0.00000000
10147,0.00000000
10148,0.00000000
10149,0.00000000
10150,0.00000000
10151,0.00000000
10152,0.00000000
10153,0.00000000
10154,0.00000000
10155,0.00000000
10156,0.00000000
10157,0.00000000
10158,0.00000000
10159,0.00000000
10160,0.00000000
10161,0.00000000
10162,0.00000000
10163,0.00000000
10164,0.00000000
10165,0.00000000
10166,0.00000000
10167,0.00000000
10168,0.00000000
10169,0.00000000
10170,0.00000000
10171,0.00000000
10172,0.00000000
10173,0.00000000
10174,0.00000000
10175,0.00000000
10176,0.00000000
10177,0.00000000
10178,0.00000000
10179,0.00000000
10180,0.00000000
10181,0.00000000
10182,0.00000000
10183,0.00000000
10184,0.00000000
10185,0.00000000
10186,0.00000000
10187,0.00000000
10188,0.00000000
10189,0.00000000
10190,0.00000000
10191,0.00000000
10192,0.00000000
10193,0.00000000
10194,0.00000000
10195,0.00000000
10196,0.00000000
10197,0.00000000
10198,0.00000000
10199,0.00000000
10200,0.00000000
10201,0.00000000
10202,0.00000000
10203,0.00000000
10204,0.00000000
10205,0.00000000
10206,0.00000000
10207,0.00000000
10208,0.00000000
10209,0.00000000
10210,0.00000000
10211,0.00000000
10212,0.00000000
10213,0.00000000
10214,0.00000000
10215,0.00000000
10216,0.00000000
10217,0.00000000
10218,0.00000000
10219,0.00000000
10220,0.00000000
10221,0.00000000
10222,0.00000000
10223,0.00000000
10224,0.00000000
10225,0.00000000
10226,0.00000000
10227,0.00000000
10228,0.00000000
10229,0.00000000
10230,0.00000000
10231,0.00000000
10232,0.00000000
10233,0.00000000
10234,0.00000000
10235,0.00000000
10236,0.00000000
10237,0.00000000
10238,0.00000000
10239,0.00000000
10240,0.00000000
10241,0.00000000
10242,0.00000000
10243,0.00000000
10244,0.00000000
10245,0.00000000
10246,0.00000000
10247,0.00000000
10248,0.00000000
10249,0.00000000
10250,0.00000000
10251,0.00000000
10252,0.00000000
10253,0.00000000
10254,0.00000000
10255,0.00000000
10256,0.00000000
10257,0.00000000
10258,0.00000000
10259,0.00000000
10260,0.00000000
10261,0.00000000
10262,0.00000000
10263,0.00000000
10264,0.00000000
10265,0.00000000
10266,0.00000000
10267,0.00000000
10268,0.00000000
10269,0.00000000
10270,0.00000000
10271,0.00000000
10272,0.00000000
10273,0.00000000
10274,0.00000000
10275,0.00000000
10276,0.00000000
10277,0.00000000
10278,0.00000000
10279,0.00000000
10280,0.00000000
10281,0.00000000
10282,0.00000000
10283,0.00000000
10284,0.00000000
10285,0.00000000
10286,0.00000000
10287,0.00000000
10288,0.00000000
10289,0.00000000
10290,0.00000000
10291,0.00000000
10292,0.00000000
10293,0.00000000
10294,0.00000000
10295,0.00000000
10296,0.00000000
10297,0.00000000
10298,0.00000000
10299,0.00000000
10300,0.00000000
10301,0.00000000
10302,0.00000000
10303,0.00000000
10304,0.00000000
10305,0.00000000
10306,0.00000000
10307,0.00000000
10308,0.00000000
10309,0.00000000
10310,0.00000000
10311,0.00000000
10312,0.00000000
10313,0.00000000
10314,0.00000000
10315,0.00000000
10316,0.00000000
10317,0.00000000
10318,0.00000000
10319,0.00000000
10320,0.00000000
10321,0.00000000
10322,0.00000000
10323,0.00000000
10324,0.00000000
10325,0.00000000
10326,0.00000000
10327,0.00000000
10328,0.00000000
10329,0.00000000
10330,0.00000000
10331,0.00000000
10332,0.00000000
10333,0.00000000
10334,0.00000000
10335,0.00000000
10336,0.00000000
10337,0.00000000
10338,0.00000000
10339,0.00000000
10340,0.00000000
10341,0.00000000
10342,0.00000000
10343,0.00000000
10344,0.00000000
10345,0.00000000
10346,0.00000000
10347,0.00000000
10348,0.00000000
10349,0.00000000
10350,0.00000000
10351,0.00000000
10352,0.00000000
10353,0.00000000
10354,0.00000000
10355,0.00000000
10356,0.00000000
10357,0.00000000
10358,0.00000000
10359,0.00000000
10360,0.00000000
10361,0.00000000
10362,0.00000000
10363,0.00000000
10364,0.00000000
10365,0.00000000
10366,0.00000000
10367,0.00000000
10368,0.00000000
10369,0.00000000
10370,0.00000000
10371,0.00000000
10372,0.00000000
10373,0.00000000
10374,0.00000000
10375,0.00000000
10376,0.00000000
10377,0.00000000
10378,0.00000000
10379,0.00000000
10380,0.00000000
10381,0.00000000
10382,0.00000000
10383,0.00000000
10384,0.00000000
10385,0.00000000
10386,0.00000000
10387,0.00000000
10388,0.00000000
10389,0.00000000
10390,0.00000000
10391,0.00000000
10392,0.00000000
10393,0.00000000
10394,0.00000000
10395,0.00000000
10396,0.00000000
10397,0.00000000
10398,0.00000000
10399,0.00000000
10400,0.00000000
10401,0.00000000
10402,0.00000000
10403,0.00000000
10404,0.00000000
10405,0.00000000
10406,0.00000000
10407,0.00000000
10408,0.00000000
10409,0.00000000
10410,0.00000000
10411,0.00000000
10412,0.00000000
10413,0.00000000
10414,0.00000000
10415,0.00000000
10416,0.00000000
10417,0.00000000
10418,0.00000000
10419,0.00000000
10420,0.00000000
10421,0.00000000
10422,0.00000000
10423,0.00000000
10424,0.00000000
10425,0.00000000
10426,0.00000000
10427,0.00000000
10428,0.00000000
10429,0.00000000
10430,0.00000000
10431,0.00000000
10432,0.00000000
10433,0.00000000
10434,0.00000000
10435,0.00000000
10436,0.00000000
10437,0.00000000
10438,0.00000000
10439,0.00000000
10440,0.00000000
10441,0.00000000
10442,0.00000000
10443,0.00000000
10444,0.00000000
10445,0.00000000
10446,0.00000000
10447,0.00000000
10448,0.00000000
10449,0.00000000
10450,0.00000000
10451,0.00000000
10452,0.00000000
10453,0.00000000
10454,0.00000000
10455,0.00000000
10456,0.00000000
10457,0.00000000
10458,0.00000000
10459,0.00000000
10460,0.00000000
10461,0.00000000
10462,0.00000000
10463,0.00000000
10464,0.00000000
10465,0.00000000
10466,0.00000000
10467,0.00000000
10468,0.00000000
10469,0.00000000
10470,0.00000000
10471,0.00000000
10472,0.00000000
10473,0.00000000
10474,0.00000000
10475,0.00000000
10476,0.00000000
10477,0.00000000
10478,0.00000000
10479,0.00000000
10480,0.00000000
10481,0.00000000
10482,0.00000000
10483,0.00000000
10484,0.00000000
10485,0.00000000
10486,0.00000000
10487,0.00000000
10488,0.00000000
10489,0.00000000
10490,0.00000000
10491,0.00000000
10492,0.00000000
10493,0.00000000
10494,0.00000000
10495,0.00000000
10496,0.00000000
10497,0.00000000
10498,0.00000000
10499,0.00000000
10500,0.00000000
10501,0.00000000
10502,0.00000000
10503,0.00000000
10504,0.00000000
10505,0.00000000
10506,0.00000000
10507,0.00000000
10508,0.00000000
10509,0.00000000
10510,0.00000000
10511,0.00000000
10512,0.00000000
10513,0.00000000
10514,0.00000000
10515,0.00000000
10516,0.00000000
10517,0.00000000
10518,0.00000000
10519,0.00000000
10520,0.00000000
10521,0.00000000
10522,0.00000000
10523,0.00000000
10524,0.00000000
10525,0.00000000
10526,0.00000000
10527,0.00000000
10528,0.00000000
10529,0.00000000
10530,0.00000000
10531,0.00000000
10532,0.00000000
10533,0.00000000
10534,0.00000000
10535,0.00000000
10536,0.00000000
10537,0.00000000
10538,0.00000000
10539,0.00000000
10540,0.00000000
10541,0.00000000
10542,0.00000000
10543,0.00000000
10544,0.00000000
10545,0.00000000
10546,0.00000000
10547,0.00000000
10548,0.00000000
10549,0.00000000
10550,0.00000000
10551,0.00000000
10552,0.00000000
10553,0.00000000
10554,0.00000000
10555,0.00000000
10556,0.00000000
10557,0.00000000
10558,0.00000000
10559,0.00000000
10560,0.00000000
10561,0.00000000
10562,0.00000000
10563,0.00000000
10564,0.00000000
10565,0.00000000
10566,0.00000000
10567,0.00000000
10568,0.00000000
10569,0.00000000
10570,0.00000000
10571,0.00000000
10572,0.00000000
10573,0.00000000
10574,0.00000000
10575,0.00000000
10576,0.00000000
10577,0.00000000
10578,0.00000000
10579,0.00000000
10580,0.00000000
10581,0.00000000
10582,0.00000000
10583,0.00000000
10584,0.00000000
10585,0.00000000
10586,0.00000000
10587,0.00000000
10588,0.00000000
10589,0.00000000
10590,0.00000000
10591,0.00000000
10592,0.00000000
10593,0.00000000
10594,0.00000000
10595,0.00000000
10596,0.00000000
10597,0.00000000
10598,0.00000000
10599,0.00000000
10600,0.00000000
10601,0.00000000
10602,0.00000000
10603,0.00000000
10604,0.00000000
10605,0.00000000
10606,0.00000000
10607,0.00000000
10608,0.00000000
10609,0.00000000
10610,0.00000000
10611,0.00000000
10612,0.00000000
10613,0.00000000
10614,0.00000000
10615,0.00000000
10616,0.00000000
10617,0.00000000
10618,0.00000000
10619,0.00000000
10620,0.00000000
10621,0.00000000
10622,0.00000000
10623,0.00000000
10624,0.00000000
10625,0.00000000
10626,0.00000000
10627,0.00000000
10628,0.00000000
10629,0.00000000
10630,0.00000000
10631,0.00000000
10632,0.00000000
10633,0.00000000
10634,0.00000000
10635,0.00000000
10636,0.00000000
10637,0.00000000
10638,0.00000000
10639,0.00000000
10640,0.00000000
10641,0.00000000
10642,0.00000000
10643,0.00000000
10644,0.00000000
10645,0.00000000
10646,0.00000000
10647,0.00000000
10648,0.00000000
10649,0.00000000
10650,0.00000000
10651,0.00000000
10652,0.00000000
10653,0.00000000
10654,0.00000000
10655,0.00000000
10656,0.00000000
10657,0.00000000
10658,0.00000000
10659,0.00000000
10660,0.00000000
10661,0.00000000
10662,0.00000000
10663,0.00000000
10664,0.00000000
10665,0.00000000
10666,0.00000000
10667,0.00000000
10668,0.00000000
10669,0.00000000
10670,0.00000000
10671,0.00000000
10672,0.00000000
10673,0.00000000
10674,0.00000000
10675,0.00000000
10676,0.00000000
10677,0.00000000
10678,0.00000000
10679,0.00000000
10680,0.00000000
10681,0.00000000
10682,0.00000000
10683,0.00000000
10684,0.00000000
10685,0.00000000
10686,0.00000000
10687,0.00000000
10688,0.00000000
10689,0.00000000
10690,0.00000000
10691,0.00000000
10692,0.00000000
10693,0.00000000
10694,0.00000000
10695,0.00000000
10696,0.00000000
10697,0.00000000
10698,0.00000000
10699,0.00000000
10700,0.00000000
10701,0.00000000
10702,0.00000000
10703,0.00000000
10704,0.00000000
10705,0.00000000
10706,0.00000000
10707,0.00000000
10708,0.00000000
10709,0.00000000
10710,0.00000000
10711,0.00000000
10712,0.00000000
10713,0.00000000
10714,0.00000000
10715,0.00000000
10716,0.00000000
10717,0.00000000
10718,0.00000000
10719,0.00000000
10720,0.00000000
10721,0.00000000
10722,0.00000000
10723,0.00000000
10724,0.00000000
10725,0.00000000
10726,0.00000000
10727,0.00000000
10728,0.00000000
10729,0.00000000
10730,0.00000000
10731,0.00000000
10732,0.00000000
10733,0.00000000
10734,0.00000000
10735,0.00000000
10736,0.00000000
10737,0.00000000
10738,0.00000000
10739,0.00000000
10740,0.00000000
10741,0.00000000
10742,0.00000000
10743,0.00000000
10744,0.00000000
10745,0.00000000
10746,0.00000000
10747,0.00000000
10748,0.00000000
10749,0.00000000
10750,0.00000000
10751,0.00000000
10752,0.00000000
10753,0.00000000
10754,0.00000000
10755,0.00000000
10756,0.00000000
10757,0.00000000
10758,0.00000000
10759,0.00000000
10760,0.00000000
10761,0.00000000
10762,0.00000000
10763,0.00000000
10764,0.00000000
10765,0.00000000
10766,0.00000000
10767,0.00000000
10768,0.00000000
10769,0.00000000
10770,0.00000000
10771,0.00000000
10772,0.00000000
10773,0.00000000
10774,0.00000000
10775,0.00000000
10776,0.00000000
10777,0.00000000
10778,0.00000000
10779,0.00000000
10780,0.00000000
10781,0.00000000
10782,0.00000000
10783,0.00000000
10784,0.00000000
10785,0.00000000
10786,0.00000000
10787,0.00000000
10788,0.00000000
10789,0.00000000
10790,0.00000000
10791,0.00000000
10792,0.00000000
10793,0.00000000
10794,0.00000000
10795,0.00000000
10796,0.00000000
10797,0.00000000
10798,0.00000000
10799,0.00000000
10800,0.00000000
10801,0.00000000
10802,0.00000000
10803,0.00000000
10804,0.00000000
10805,0.00000000
10806,0.00000000
10807,0.00000000
10808,0.00000000
10809,0.00000000
10810,0.00000000
10811,0.00000000
10812,0.00000000
10813,0.00000000
10814,0.00000000
10815,0.00000000
10816,0.00000000
10817,0.00000000
10818,0.00000000
10819,0.00000000
10820,0.00000000
10821,0.00000000
10822,0.00000000
10823,0.00000000
10824,0.00000000
10825,0.00000000
10826,0.00000000
10827,0.00000000
10828,0.00000000
10829,0.00000000
10830,0.00000000
10831,0.00000000
10832,0.00000000
10833,0.00000000
10834,0.00000000
10835,0.00000000
10836,0.00000000
10837,0.00000000
10838,0.00000000
10839,0.00000000
10840,0.00000000
10841,0.00000000
10842,0.00000000
10843,0.00000000
10844,0.00000000
10845,0.00000000
10846,0.00000000
10847,0.00000000
10848,0.00000000
10849,0.00000000
10850,0.00000000
10851,0.00000000
10852,0.00000000
10853,0.00000000
10854,0.00000000
10855,0.00000000
10856,0.00000000
10857,0.00000000
10858,0.00000000
10859,0.00000000
10860,0.00000000
10861,0.00000000
10862,0.00000000
10863,0.00000000
10864,0.00000000
10865,0.00000000
10866,0.00000000
10867,0.00000000
10868,0.00000000
10869,0.00000000
10870,0.00000000
10871,0.00000000
10872,0.00000000
10873,0.00000000
10874,0.00000000
10875,0.00000000
10876,0.00000000
10877,0.00000000
10878,0.00000000
10879,0.00000000
10880,0.00000000
10881,0.00000000
10882,0.00000000
10883,0.00000000
10884,0.00000000
10885,0.00000000
10886,0.00000000
10887,0.00000000
10888,0.00000000
10889,0.00000000
10890,0.00000000
10891,0.00000000
10892,0.00000000
10893,0.00000000
10894,0.00000000
10895,0.00000000
10896,0.00000000
10897,0.00000000
10898,0.00000000
10899,0.00000000
10900,0.00000000
10901,0.00000000
10902,0.00000000
10903,0.00000000
10904,0.00000000
10905,0.00000000
10906,0.00000000
10907,0.00000000
10908,0.00000000
10909,0.00000000
10910,0.00000000
10911,0.00000000
10912,0.00000000
10913,0.00000000
10914,0.00000000
10915,0.00000000
10916,0.00000000
10917,0.00000000
10918,0.00000000
10919,0.00000000
10920,0.00000000
10921,0.00000000
10922,0.00000000
10923,0.00000000
10924,0.00000000
10925,0.00000000
10926,0.00000000
10927,0.00000000
10928,0.00000000
10929,0.00000000
10930,0.00000000
10931,0.00000000
10932,0.00000000
10933,0.00000000
10934,0.00000000
10935,0.00000000
10936,0.00000000
10937,0.00000000
10938,0.00000000
10939,0.00000000
10940,0.00000000
10941,0.00000000
10942,0.00000000
10943,0.00000000
10944,0.00000000
10945,0.00000000
10946,0.00000000
10947,0.00000000
10948,0.00000000
10949,0.00000000
10950,0.00000000
10951,0.00000000
10952,0.00000000
10953,0.00000000
10954,0.00000000
10955,0.00000000
10956,0.00000000
10957,0.00000000
10958,0.00000000
10959,0.00000000
10960,0.00000000
10961,0.00000000
10962,0.00000000
10963,0.00000000
10964,0.00000000
10965,0.00000000
10966,0.00000000
10967,0.00000000
10968,0.00000000
10969,0.00000000
10970,0.00000000
10971,0.00000000
10972,0.00000000
10973,0.00000000
10974,0.00000000
10975,0.00000000
10976,0.00000000
10977,0.00000000
10978,0.00000000
10979,0.00000000
10980,0.00000000
10981,0.00000000
10982,0.00000000
10983,0.00000000
10984,0.00000000
10985,0.00000000
10986,0.00000000
10987,0.00000000
10988,0.00000000
10989,0.00000000
10990,0.00000000
10991,0.00000000
10992,0.00000000
10993,0.00000000
10994,0.00000000
10995,0.00000000
10996,0.00000000
10997,0.00000000
10998,0.00000000
10999,0.00000000
11000,0.00000000
11001,0.00000000
11002,0.00000000
11003,0.00000000
11004,0.00000000
11005,0.00000000
11006,0.00000000
11007,0.00000000
11008,0.00000000
11009,0.00000000
11010,0.00000000
11011,0.00000000
11012,0.00000000
11013,0.00000000
11014,0.00000000
11015,0.00000000
11016,0.00000000
11017,0.00000000
11018,0.00000000
11019,0.00000000
11020,0.00000000
11021,0.00000000
11022,0.00000000
11023,0.00000000
11024,0.00000000
11025,0.00000000
11026,0.00000000
11027,0.00000000
11028,0.00000000
11029,0.00000000
11030,0.00000000
11031,0.00000000
11032,0.00000000
11033,0.00000000
11034,0.00000000
11035,0.00000000
11036,0.00000000
11037,0.00000000
11038,0.00000000
11039,0.00000000
11040,0.00000000
11041,0.00000000
11042,0.00000000
11043,0.00000000
11044,0.00000000
11045,0.00000000
11046,0.00000000
11047,0.00000000
11048,0.00000000
11049,0.00000000
11050,0.00000000
11051,0.00000000
11052,0.00000000
11053,0.00000000
11054,0.00000000
11055,0.00000000
11056,0.00000000
11057,0.00000000
11058,0.00000000
11059,0.00000000
11060,0.00000000
11061,0.00000000
11062,0.00000000
11063,0.00000000
11064,0.00000000
11065,0.00000000
11066,0.00000000
11067,0.00000000
11068,0.00000000
11069,0.00000000
11070,0.00000000
11071,0.00000000
11072,0.00000000
11073,0.00000000
11074,0.00000000
11075,0.00000000
11076,0.00000000
11077,0.00000000
11078,0.00000000
11079,0.00000000
11080,0.00000000
11081,0.00000000
11082,0.00000000
11083,0.00000000
11084,0.00000000
11085,0.00000000
11086,0.00000000
11087,0.00000000
11088,0.00000000
11089,0.00000000
11090,0.00000000
11091,0.00000000
11092,0.00000000
11093,0.00000000
11094,0.00000000
11095,0.00000000
11096,0.00000000
11097,0.00000000
11098,0.00000000
11099,0.00000000
11100,0.00000000
11101,0.00000000
11102,0.00000000
11103,0.00000000
11104,0.00000000
11105,0.00000000
11106,0.00000000
11107,0.00000000
11108,0.00000000
11109,0.00000000
11110,0.00000000
11111,0.00000000
11112,0.00000000
11113,0.00000000
11114,0.00000000
11115,0.00000000
11116,0.00000000
11117,0.00000000
11118,0.00000000
11119,0.00000000
11120,0.00000000
11121,0.00000000
11122,0.00000000
11123,0.00000000
11124,0.00000000
11125,0.00000000
11126,0.00000000
11127,0.00000000
11128,0.00000000
11129,0.00000000
11130,0.00000000
11131,0.00000000
11132,0.00000000
11133,0.00000000
11134,0.00000000
11135,0.00000000
11136,0.00000000
11137,0.00000000
11138,0.00000000
11139,0.00000000
11140,0.00000000
11141,0.00000000
11142,0.00000000
11143,0.00000000
11144,0.00000000
11145,0.00000000
11146,0.00000000
11147,0.00000000
11148,0.00000000
11149,0.00000000
11150,0.00000000
11151,0.00000000
11152,0.00000000
11153,0.00000000
11154,0.00000000
11155,0.00000000
11156,0.00000000
11157,0.00000000
11158,0.00000000
11159,0.00000000
11160,0.00000000
11161,0.00000000
11162,0.00000000
11163,0.00000000
11164,0.00000000
11165,0.00000000
11166,0.00000000
11167,0.00000000
11168,0.00000000
11169,0.00000000
11170,0.00000000
11171,0.00000000
11172,0.00000000
11173,0.00000000
11174,0.00000000
11175,0.00000000
11176,0.00000000
11177,0.00000000
11178,0.00000000
11179,0.00000000
11180,0.00000000
11181,0.00000000
11182,0.00000000
11183,0.00000000
11184,0.00000000
11185,0.00000000
11186,0.00000000
11187,0.00000000
11188,0.00000000
11189,0.00000000
11190,0.00000000
11191,0.00000000
11192,0.00000000
11193,0.00000000
11194,0.00000000
11195,0.00000000
11196,0.00000000
11197,0.00000000
11198,0.00000000
11199,0.00000000
11200,0.00000000
11201,0.00000000
11202,0.00000000
11203,0.00000000
11204,0.00000000
11205,0.00000000
11206,0.00000000
11207,0.00000000
11208,0.00000000
11209,0.00000000
11210,0.00000000
11211,0.00000000
11212,0.00000000
11213,0.00000000
11214,0.00000000
11215,0.00000000
11216,0.00000000
11217,0.00000000
11218,0.00000000
11219,0.00000000
11220,0.00000000
11221,0.00000000
11222,0.00000000
11223,0.00000000
11224,0.00000000
11225,0.00000000
11226,0.00000000
11227,0.00000000
11228,0.00000000
11229,0.00000000
11230,0.00000000
11231,0.00000000
11232,0.00000000
11233,0.00000000
11234,0.00000000
11235,0.00000000
11236,0.00000000
11237,0.00000000
11238,0.00000000
11239,0.00000000
11240,0.00000000
11241,0.00000000
11242,0.00000000
11243,0.00000000
11244,0.00000000
11245,0.00000000
11246,0.00000000
11247,0.00000000
11248,0.00000000
11249,0.00000000
11250,0.00000000
11251,0.00000000
11252,0.00000000
11253,0.00000000
11254,0.00000000
11255,0.00000000
11256,0.00000000
11257,0.00000000
11258,0.00000000
11259,0.00000000
11260,0.00000000
11261,0.00000000
11262,0.00000000
11263,0.00000000
11264,0.00000000
11265,0.00000000
11266,0.00000000
11267,0.00000000
11268,0.00000000
11269,0.00000000
11270,0.00000000
11271,0.00000000
11272,0.00000000
11273,0.00000000
11274,0.00000000
11275,0.00000000
11276,0.00000000
11277,0.00000000
11278,0.00000000
11279,0.00000000
11280,0.00000000
11281,0.00000000
11282,0.00000000
11283,0.00000000
11284,0.00000000
11285,0.00000000
11286,0.00000000
11287,0.00000000
11288,0.00000000
11289,0.00000000
11290,0.00000000
11291,0.00000000
11292,0.00000000
11293,0.00000000
11294,0.00000000
11295,0.00000000
11296,0.00000000
11297,0.00000000
11298,0.00000000
11299,0.00000000
11300,0.00000000
11301,0.00000000
11302,0.00000000
11303,0.00000000
11304,0.00000000
11305,0.00000000
11306,0.00000000
11307,0.00000000
11308,0.00000000
11309,0.00000000
11310,0.00000000
11311,0.00000000
11312,0.00000000
11313,0.00000000
11314,0.00000000
11315,0.00000000
11316,0.00000000
11317,0.00000000
11318,0.00000000
11319,0.00000000
11320,0.00000000
11321,0.00000000
11322,0.00000000
11323,0.00000000
11324,0.00000000
11325,0.00000000
11326,0.00000000
11327,0.00000000
11328,0.00000000
11329,0.00000000
11330,0.00000000
11331,0.00000000
11332,0.00000000
11333,0.00000000
11334,0.00000000
11335,0.00000000
11336,0.00000000
11337,0.00000000
11338,0.00000000
11339,0.00000000
11340,0.00000000
11341,0.00000000
11342,0.00000000
11343,0.00000000
11344,0.00000000
11345,0.00000000
11346,0.00000000
11347,0.00000000
11348,0.00000000
11349,0.00000000
11350,0.00000000
11351,0.00000000
11352,0.00000000
11353,0.00000000
11354,0.00000000
11355,0.00000000
11356,0.00000000
11357,0.00000000
11358,0.00000000
11359,0.00000000
11360,0.00000000
11361,0.00000000
11362,0.00000000
11363,0.00000000
11364,0.00000000
11365,0.00000000
11366,0.00000000
11367,0.00000000
11368,0.00000000
11369,0.00000000
11370,0.00000000
11371,0.00000000
11372,0.00000000
11373,0.00000000
11374,0.00000000
11375,0.00000000
11376,0.00000000
11377,0.00000000
11378,0.00000000
11379,0.00000000
11380,0.00000000
11381,0.00000000
11382,0.00000000
11383,0.00000000
11384,0.00000000
11385,0.00000000
11386,0.00000000
11387,0.00000000
11388,0.00000000
11389,0.00000000
11390,0.00000000
11391,0.00000000
11392,0.00000000
11393,0.00000000
11394,0.00000000
11395,0.00000000
11396,0.00000000
11397,0.00000000
11398,0.00000000
11399,0.00000000
11400,0.00000000
11401,0.00000000
11402,0.00000000
11403,0.00000000
11404,0.00000000
11405,0.00000000
11406,0.00000000
11407,0.00000000
11408,0.00000000
11409,0.00000000
11410,0.00000000
11411,0.00000000
11412,0.00000000
11413,0.00000000
11414,0.00000000
11415,0.00000000
11416,0.00000000
11417,0.00000000
11418,0.00000000
11419,0.00000000
11420,0.00000000
11421,0.00000000
11422,0.00000000
11423,0.00000000
11424,0.00000000
11425,0.00000000
11426,0.00000000
11427,0.00000000
11428,0.00000000
11429,0.00000000
11430,0.00000000
11431,0.00000000
11432,0.00000000
11433,0.00000000
11434,0.00000000
11435,0.00000000
11436,0.00000000
11437,0.00000000
11438,0.00000000
11439,0.00000000
11440,0.00000000
11441,0.00000000
11442,0.00000000
11443,0.00000000
11444,0.00000000
11445,0.00000000
11446,0.00000000
11447,0.00000000
11448,0.00000000
11449,0.00000000
11450,0.00000000
11451,0.00000000
11452,0.00000000
11453,0.00000000
11454,0.00000000
11455,0.00000000
11456,0.00000000
11457,0.00000000
11458,0.00000000
11459,0.00000000
11460,0.00000000
11461,0.00000000
11462,0.00000000
11463,0.00000000
11464,0.00000000
11465,0.00000000
11466,0.00000000
11467,0.00000000
11468,0.00000000
11469,0.00000000
11470,0.00000000
11471,0.00000000
11472,0.00000000
11473,0.00000000
11474,0.00000000
11475,0.00000000
11476,0.00000000
11477,0.00000000
11478,0.00000000
11479,0.00000000
11480,0.00000000
11481,0.00000000
11482,0.00000000
11483,0.00000000
11484,0.00000000
11485,0.00000000
11486,0.00000000
11487,0.00000000
11488,0.00000000
11489,0.00000000
11490,0.00000000
11491,0.00000000
11492,0.00000000
11493,0.00000000
11494,0.00000000
11495,0.00000000
11496,0.00000000
11497,0.00000000
11498,0.00000000
11499,0.00000000
11500,0.00000000
